ship_id,weapon_system,fire_arc,point_blank,short,long,extreme,ad,ap,dd,traits
1,Light Guns (1 x 5-inch),"Aft, Port, Starboard","2""","4""","6""","8""",1,-2,1,Weak
1,AA Battery,"Fore, Aft, Port, Starboard",-,-,-,-,-,-,-,Local (1)
2,Light Guns (1 x 5-inch),"Aft, Port, Starboard","4""","9""","13""","18""",1,-2,1,Weak
2,AA Battery,"Fore, Aft, Port, Starboard","1""","3""","4""","6""",1,-,-,Local (1)
3,Light Guns (1 x 5-inch),"Aft, Port, Starboard","4""","9""","13""","18""",1,-2,1,Weak
3,AA Battery,"Fore, Aft, Port, Starboard","1""","3""","4""","6""",2,-,-,Local (1)
4,Light Guns (8 x 6-inch),"Fore, Aft, Port, Starboard","3""","6""","9""","13""",6,-2,1,"Restricted, Weak"
4,AA Battery,"Fore, Aft, Port, Starboard",-,-,-,-,-,-,-,Local (1)
5,Light Guns (1 x 5-inch),"Aft, Port, Starboard","4""","9""","13""","18""",1,-2,1,"DP, Slow-Loading, Weak"
5,AA Battery,"Fore, Aft, Port, Starboard","1""","3""","4""","6""",1,-,-,Local (1)
6,Light Guns (1 x 4-inch),"Aft, Port, Starboard","3""","6""","9""","12""",1,-2,1,"Weak, Slow-Loading"
6,AA Battery,"Fore, Aft, Port, Starboard",-,-,-,-,-,-,-,Local (1)
7,Light Guns (1 x 5-inch),"Aft, Port, Starboard","4""","8""","12""","16""",1,-2,1,"Weak, Slow-Loading"
7,AA Battery,"Fore, Aft, Port, Starboard",-,-,-,-,-,-,-,Local (1)
8,Light Guns (1 x 5-inch),"Aft, Port, Starboard","4""","9""","13""","18""",1,-2,1,"DP, Slow-Loading, Weak"
8,AA Battery,"Fore, Aft, Port, Starboard","1""","3""","4""","6""",1,-,-,Local (1)
9,Light Guns (1 x 5-inch),"Aft, Port, Starboard","4""","9""","13""","18""",1,-2,1,"DP, Slow-Loading, Weak"
9,AA Battery,"Fore, Aft, Port, Starboard","1""","3""","4""","6""",3,-,-,Local (1)
10,Light Guns (4 x 4.7-inch),"Fore, Aft, Port, Starboard","4""","8""","12""","16""",2,-2,1,"Restricted, Weak"
10,AA Battery,"Fore, Aft, Port, Starboard",-,-,-,-,-,-,-,Local (1)
11,Light Guns (1 x 4-inch),"Aft, Port, Starboard","3""","6""","9""","12""",1,-2,1,"Weak, Slow-Loading"
11,AA Battery,"Fore, Aft, Port, Starboard",-,-,-,-,-,-,-,Local (0)
12,Light Guns (1 x 4-inch),"Aft, Port, Starboard","3""","6""","9""","12""",1,-2,1,"Weak, Slow-Loading"
12,AA Battery,"Fore, Aft, Port, Starboard",-,-,-,-,-,-,-,Local (1)
13,Light Guns (1 x 5-inch),"Aft, Port, Starboard","4""","9""","13""","18""",1,-2,1,"DP, Slow-Loading, Weak"
13,AA Battery,"Fore, Aft, Port, Starboard","1""","3""","4""","6""",1,-,-,Local (1)
14,Light Guns (1 x 3-inch),"Fore, Aft, Port, Starboard","2""","4""","6""","8""",1,-2,1,"Slow-Loading, Weak"
14,Forward 24M Torpedoes,Fore,"1""","3""","4""","6""",4,-,3,"Devastating, One-Shot"
14,Aft 24M Torpedoes,"Fore, Aft, Port, Starboard","1""","3""","4""","6""",2,-,3,"Devastating, One-Shot"
14,AA Battery,"Fore, Aft, Port, Starboard",-,-,-,-,-,-,-,Local (1)
15,Turret A (2 x 8-inch),"Fore, Port, Starboard","3""","6""","9""","13""",2,-1,1,-
15,Forward 24M Torpedoes,Fore,"1""","3""","4""","6""",4,-,3,"Devastating, Slow-Loading"
15,Port/Starboard 24M Torpedoes,"Aft, Port, Starboard","1""","3""","4""","6""",2,-,3,"Devastating, Slow-Loading"
15,AA Battery,"Fore, Aft, Port, Starboard",-,-,-,-,-,-,-,Local (1)
16,A Turret (2 x 13.4-inch),"Fore, Port, Starboard","7""","14""","21""","29""",2,1,2,-
16,B Turret (2 x 13.4-inch),"Fore, Port, Starboard","7""","14""","21""","29""",2,1,2,-
16,Q Turret (2 x 13.4-inch),"Port, Starboard","7""","14""","21""","29""",2,1,2,-
16,X Turret (2 x 13.4-inch),"Aft, Port, Starboard","7""","14""","21""","29""",2,1,2,-
16,Y Turret (2 x 13.4-inch),"Aft, Port, Starboard","7""","14""","21""","29""",2,1,2,-
16,Light Guns (14 x 5.5-inch),"Fore, Aft, Port, Starboard","4""","9""","13""","18""",8,-2,1,"Restricted, Weak"
16,AA Battery,"Fore, Aft, Port, Starboard","1""","3""","4""","6""",2,-,-,Local (1)
17,A Turret (2 x 13.4-inch),"Fore, Port, Starboard","7""","14""","21""","29""",2,1,2,-
17,B Turret (2 x 13.4-inch),"Fore, Port, Starboard","7""","14""","21""","29""",2,1,2,-
17,X Turret (2 x 13.4-inch),"Aft, Port, Starboard","7""","14""","21""","29""",2,1,2,-
17,Y Turret (2 x 13.4-inch),"Aft, Port, Starboard","7""","14""","21""","29""",2,1,2,-
17,Light Guns (8 x 3.9-inch),"Fore, Aft, Port, Starboard","4""","8""","12""","17""",4,-2,1,"DP, Restricted, Weak"
17,Light Guns (14 x 5.5-inch),"Fore, Aft, Port, Starboard","4""","9""","13""","18""",8,-2,1,"Restricted, Weak"
17,AA Battery,"Fore, Aft, Port, Starboard",-,-,-,-,-,-,-,Local (1)
18,A Turret (2 x 13.4-inch),"Fore, Port, Starboard","7""","14""","21""","29""",2,1,2,-
18,B Turret (2 x 13.4-inch),"Fore, Port, Starboard","7""","14""","21""","29""",2,1,2,-
18,X Turret (2 x 13.4-inch),"Aft, Port, Starboard","7""","14""","21""","29""",2,1,2,-
18,Y Turret (2 x 13.4-inch),"Aft, Port, Starboard","7""","14""","21""","29""",2,1,2,-
18,Light Guns (14 x 5.5-inch),"Fore, Aft, Port, Starboard","4""","9""","13""","18""",8,-2,1,"Restricted, Weak"
18,AA Battery,"Fore, Aft, Port, Starboard","1""","3""","4""","6""",2,-,-,Local (1)
19,A Turret (2 x 13.4-inch),"Fore, Port, Starboard","7""","14""","21""","29""",2,1,2,-
19,B Turret (2 x 13.4-inch),"Fore, Port, Starboard","7""","14""","21""","29""",2,1,2,-
19,X Turret (2 x 13.4-inch),"Aft, Port, Starboard","7""","14""","21""","29""",2,1,2,-
19,Y Turret (2 x 13.4-inch),"Aft, Port, Starboard","7""","14""","21""","29""",2,1,2,-
19,Light Guns (14 x 5.5-inch),"Fore, Aft, Port, Starboard","4""","9""","13""","18""",8,-2,1,"Restricted, Weak"
19,AA Battery,"Fore, Aft, Port, Starboard","1""","3""","4""","6""",2,-,-,Local (2)
20,A Turret (2 x 12-inch),"Fore, Port, Starboard","6""","12""","18""","25""",2,-,2,-
20,B Turret (2 x 12-inch),"Fore, Port, Starboard","6""","12""","18""","25""",2,-,2,-
20,Q Turret (2 x 12-inch),Port,"6""","12""","18""","25""",2,-,2,-
20,R Turret (2 x 12-inch),Starboard,"6""","12""","18""","25""",2,-,2,-
20,X Turret (2 x 12-inch),"Aft, Port, Starboard","6""","12""","18""","25""",2,-,2,-
20,Y Turret (2 x 12-inch),"Aft, Port, Starboard","6""","12""","18""","25""",2,-,2,-
20,Light Guns (22 x 5.5-inch),"Fore, Aft, Port, Starboard","4""","9""","13""","18""",12,-2,1,"Restricted, Weak"
20,AA Battery,"Fore, Aft, Port, Starboard","1""","3""","4""","6""",1,-,-,Local (1)
21,A Turret (4 x 13-inch),"Fore, Port, Starboard","11""","23""","34""","46""",4,2,2,-
21,B Turret (4 x 13-inch),"Fore, Port, Starboard","11""","23""","34""","46""",4,2,2,-
21,Light Guns (12 x 5.1-inch),"Aft, Port, Starboard","5""","11""","17""","23""",9,-2,1,Weak
21,Light Guns (4 x 5.1-inch),"Fore, Aft, Port, Starboard","5""","11""","17""","23""",9,-2,1,Weak
21,AA Battery,"Fore, Aft, Port, Starboard",-,-,-,-,-,-,-,Local (1)
22,A Turret (4 x 13-inch),"Fore, Port, Starboard","11""","23""","34""","46""",4,2,2,-
22,B Turret (4 x 13-inch),"Fore, Port, Starboard","11""","23""","34""","46""",4,2,2,-
22,Light Guns (12 x 5.1-inch),"Aft, Port, Starboard","5""","11""","17""","23""",9,-2,1,Weak
22,Light Guns (4 x 5.1-inch),"Fore, Aft, Port, Starboard","5""","11""","17""","23""",9,-2,1,Weak
22,AA Battery,"Fore, Aft, Port, Starboard",-,-,-,-,-,-,-,Local (1)
23,A Turret (4 x 15-inch),"Fore, Port, Starboard","11""","23""","34""","46""",4,2,3,-
23,B Turret (4 x 15-inch),"Fore, Port, Starboard","11""","23""","34""","46""",4,2,3,-
23,Q Turret (3 x 6-inch),Port,"7""","14""","21""","29""",2,-1,1,Fast Track
23,R Turret (3 x 6-inch),Starboard,"7""","14""","21""","29""",2,-1,1,Fast Track
23,X Turret (3 x 6-inch),"Aft, Port, Starboard","7""","14""","21""","29""",2,-1,1,Fast Track
23,Light Guns (12 x 3.9-inch),"Fore, Aft, Port, Starboard","4""","8""","12""","17""",4,-2,1,"DP, Restricted, Weak"
23,AA Battery,"Fore, Aft, Port, Starboard",-,-,-,-,-,-,-,Local (1)
24,A Turret (4 x 15-inch),"Fore, Port, Starboard","11""","23""","34""","46""",4,2,3,-
24,B Turret (4 x 15-inch),"Fore, Port, Starboard","11""","23""","34""","46""",4,2,3,-
24,Q Turret (3 x 6-inch),Port,"7""","14""","21""","29""",2,-1,1,Fast Track
24,R Turret (3 x 6-inch),Starboard,"7""","14""","21""","29""",2,-1,1,Fast Track
24,X Turret (3 x 6-inch),"Aft, Port, Starboard","7""","14""","21""","29""",2,-1,1,Fast Track
24,Light Guns (12 x 3.9-inch),"Fore, Aft, Port, Starboard","4""","8""","12""","17""",4,-2,1,"DP, Restricted, Weak"
24,AA Battery,"Fore, Aft, Port, Starboard","1""","2""","3""","5""",11,-,-,Local (3)
25,A Turret (4 x 15-inch),"Fore, Port, Starboard","11""","23""","34""","46""",4,2,3,-
25,B Turret (4 x 15-inch),"Fore, Port, Starboard","11""","23""","34""","46""",4,2,3,-
25,Q Turret (3 x 6-inch),Port,"7""","14""","21""","29""",2,-1,1,Fast Track
25,R Turret (3 x 6-inch),Starboard,"7""","14""","21""","29""",2,-1,1,Fast Track
25,X Turret (3 x 6-inch),"Aft, Port, Starboard","7""","14""","21""","29""",2,-1,1,Fast Track
25,Light Guns (12 x 3.9-inch),"Fore, Aft, Port, Starboard","4""","8""","12""","17""",4,-2,1,"DP, Restricted, Weak"
25,AA Battery,"Fore, Aft, Port, Starboard","1""","2""","3""","5""",12,-,-,Local (2)
26,A Turret (4 x 15-inch),"Fore, Port, Starboard","11""","23""","34""","46""",4,2,3,-
26,AA Battery,"Fore, Aft, Port, Starboard",-,-,-,-,-,-,-,Local (1)
27,A Turret (4 x 15-inch),"Fore, Port, Starboard","11""","23""","34""","46""",4,2,3,-
27,AA Battery,"Fore, Aft, Port, Starboard","1""","3""","4""","7""",3,-,-,Local (1)
28,Light Guns (8 x 6.1-inch),"Fore, Aft, Port, Starboard","7""","14""","21""","29""",4,-1,1,Restricted
28,Port 19V Torpedoes,Port,"1""","2""","3""","4""",2,-,2,"Devastating, One-Shot"
28,Starboard 19V Torpedoes,Starboard,"1""","2""","3""","4""",2,-,2,"Devastating, One-Shot"
28,AA Battery,"Fore, Aft, Port, Starboard","1""","3""","4""","6""",1,-,-,Local (1)
29,Light Guns (4 x 5-inch),"Fore, Aft, Port, Starboard","4""","9""","13""","18""",2,-2,1,"DP, Restricted, Weak"
29,AA Battery,"Fore, Aft, Port, Starboard","1""","2""","3""","5""",5,-,-,Local (1)
30,A Turret (2 x 8-inch),"Fore, Port, Starboard","8""","16""","24""","33""",2,-1,1,-
30,B Turret (2 x 8-inch),"Fore, Port, Starboard","8""","16""","24""","33""",2,-1,1,-
30,X Turret (2 x 8-inch),"Aft, Port, Starboard","8""","16""","24""","33""",2,-1,1,-
30,Y Turret (2 x 8-inch),"Aft, Port, Starboard","8""","16""","24""","33""",2,-1,1,-
30,Light Guns (12 x 3.9-inch),"Fore, Aft, Port, Starboard","4""","8""","12""","17""",4,-2,1,"DP, Restricted, Weak"
30,Port 23DT Torpedoes,Port,"3""","6""","9""","12""",3,-,3,"Devastating, One-Shot"
30,Starboard 23DT Torpedoes,Starboard,"3""","6""","9""","12""",3,-,3,"Devastating, One-Shot"
30,AA Battery,"Fore, Aft, Port, Starboard",-,-,-,-,-,-,-,Local (1)
31,A Turret (2 x 6.1-inch),"Fore, Port, Starboard","7""","14""","21""","29""",1,-1,1,"Twin-Linked, Fast-Track"
31,B Turret (2 x 6.1-inch),"Fore, Port, Starboard","7""","14""","21""","29""",1,-1,1,"Twin-Linked, Fast-Track"
31,X Turret (2 x 6.1-inch),"Aft, Port, Starboard","7""","14""","21""","29""",1,-1,1,"Twin-Linked, Fast-Track"
31,Y Turret (2 x 6.1-inch),"Aft, Port, Starboard","7""","14""","21""","29""",1,-1,1,"Twin-Linked, Fast-Track"
31,Port 23DT Torpedoes,Port,"3""","6""","9""","12""",3,-,3,"Devastating, One-Shot"
31,Port 23DT Torpedoes,Port,"3""","6""","9""","12""",3,-,3,"Devastating, One-Shot"
31,Starboard 23DT Torpedoes,Starboard,"3""","6""","9""","12""",3,-,3,"Devastating, One-Shot"
31,Starboard 23DT Torpedoes,Starboard,"3""","6""","9""","12""",3,-,3,"Devastating, One-Shot"
31,AA Battery,"Fore, Aft, Port, Starboard","1""","3""","4""","6""",1,-,-,Local (1)
32,A Turret (2 x 6.1-inch),"Fore, Port, Starboard","7""","14""","21""","29""",1,-1,1,"Twin-Linked, Fast-Track"
32,B Turret (2 x 6.1-inch),"Fore, Port, Starboard","7""","14""","21""","29""",1,-1,1,"Twin-Linked, Fast-Track"
32,X Turret (2 x 6.1-inch),"Aft, Port, Starboard","7""","14""","21""","29""",1,-1,1,"Twin-Linked, Fast-Track"
32,Y Turret (2 x 6.1-inch),"Aft, Port, Starboard","7""","14""","21""","29""",1,-1,1,"Twin-Linked, Fast-Track"
32,Port 23DT Torpedoes,Port,"3""","6""","9""","12""",3,-,3,"Devastating, One-Shot"
32,Port 23DT Torpedoes,Port,"3""","6""","9""","12""",3,-,3,"Devastating, One-Shot"
32,Starboard 23DT Torpedoes,Starboard,"3""","6""","9""","12""",3,-,3,"Devastating, One-Shot"
32,Starboard 23DT Torpedoes,Starboard,"3""","6""","9""","12""",3,-,3,"Devastating, One-Shot"
32,AA Battery,"Fore, Aft, Port, Starboard","1""","3""","4""","6""",1,-,-,Local (1)
33,A Turret (2 x 6.1-inch),"Fore, Port, Starboard","7""","14""","21""","29""",1,-1,1,"Twin-Linked, Fast-Track"
33,B Turret (2 x 6.1-inch),"Fore, Port, Starboard","7""","14""","21""","29""",1,-1,1,"Twin-Linked, Fast-Track"
33,X Turret (2 x 6.1-inch),"Aft, Port, Starboard","7""","14""","21""","29""",1,-1,1,"Twin-Linked, Fast-Track"
33,Y Turret (2 x 6.1-inch),"Aft, Port, Starboard","7""","14""","21""","29""",1,-1,1,"Twin-Linked, Fast-Track"
33,Port 23DT Torpedoes,Port,"3""","6""","9""","12""",3,-,3,"Devastating, One-Shot"
33,Starboard 23DT Torpedoes,Starboard,"3""","6""","9""","12""",3,-,3,"Devastating, One-Shot"
33,AA Battery,"Fore, Aft, Port, Starboard","1""","3""","4""","6""",1,-,-,Local (1)
34,A Turret (2 x 6.1-inch),"Fore, Port, Starboard","7""","14""","21""","29""",1,-1,1,"Twin-Linked, Fast-Track"
34,B Turret (2 x 6.1-inch),"Fore, Port, Starboard","7""","14""","21""","29""",1,-1,1,"Twin-Linked, Fast-Track"
34,X Turret (2 x 6.1-inch),"Aft, Port, Starboard","7""","14""","21""","29""",1,-1,1,"Twin-Linked, Fast-Track"
34,Y Turret (2 x 6.1-inch),"Aft, Port, Starboard","7""","14""","21""","29""",1,-1,1,"Twin-Linked, Fast-Track"
34,AA Battery,"Fore, Aft, Port, Starboard","1""","3""","4""","6""",2,-,-,Local (1)
35,A Turret (2 x 8-inch),"Fore, Port, Starboard","8""","16""","24""","33""",2,-1,1,-
35,B Turret (2 x 8-inch),"Fore, Port, Starboard","8""","16""","24""","33""",2,-1,1,-
35,X Turret (2 x 8-inch),"Aft, Port, Starboard","8""","16""","24""","33""",2,-1,1,-
35,Y Turret (2 x 8-inch),"Aft, Port, Starboard","8""","16""","24""","33""",2,-1,1,-
35,Port 23DT Torpedoes,Port,"3""","6""","9""","12""",3,-,3,"Devastating, One-Shot"
35,Starboard 23DT Torpedoes,Starboard,"3""","6""","9""","12""",3,-,3,"Devastating, One-Shot"
35,AA Battery,"Fore, Aft, Port, Starboard","1""","3""","4""","6""",2,-,-,Local (1)
36,A Turret (2 x 8-inch),"Fore, Port, Starboard","8""","16""","24""","33""",2,-1,1,-
36,B Turret (2 x 8-inch),"Fore, Port, Starboard","8""","16""","24""","33""",2,-1,1,-
36,X Turret (2 x 8-inch),"Aft, Port, Starboard","8""","16""","24""","33""",2,-1,1,-
36,Y Turret (2 x 8-inch),"Aft, Port, Starboard","8""","16""","24""","33""",2,-1,1,-
36,AA Battery,"Fore, Aft, Port, Starboard","1""","3""","4""","6""",3,-,-,Local (1)
37,A Turret (3 x 6.1-inch),"Fore, Port, Starboard","7""","14""","21""","29""",2,-1,1,Fast Track
37,B Turret (3 x 6.1-inch),"Fore, Port, Starboard","7""","14""","21""","29""",2,-1,1,Fast Track
37,Y Turret (3 x 6.1-inch),"Aft, Port, Starboard","7""","14""","21""","29""",2,-1,1,Fast Track
37,Port 23DT Torpedoes,Port,"3""","6""","9""","12""",3,-,3,"Devastating, One-Shot"
37,Starboard 23DT Torpedoes,Starboard,"3""","6""","9""","12""",3,-,3,"Devastating, One-Shot"
37,AA Battery,"Fore, Aft, Port, Starboard","1""","3""","5""","7""",1,-,-,Local (1)
38,A Turret (3 x 6.1-inch),"Fore, Port, Starboard","7""","14""","21""","29""",2,-1,1,Fast Track
38,B Turret (3 x 6.1-inch),"Fore, Port, Starboard","7""","14""","21""","29""",2,-1,1,Fast Track
38,Y Turret (3 x 6.1-inch),"Aft, Port, Starboard","7""","14""","21""","29""",2,-1,1,Fast Track
38,AA Battery,"Fore, Aft, Port, Starboard","1""","3""","5""","7""",6,-,-,Local (1)
39,A Turret (2 x 6.1-inch),"Fore, Port, Starboard","7""","14""","21""","29""",1,-1,1,"Twin-Linked, Fast-Track"
39,B Turret (2 x 6.1-inch),"Fore, Port, Starboard","7""","14""","21""","29""",1,-1,1,"Twin-Linked, Fast-Track"
39,X Turret (2 x 6.1-inch),"Aft, Port, Starboard","7""","14""","21""","29""",1,-1,1,"Twin-Linked, Fast-Track"
39,Y Turret (2 x 6.1-inch),"Aft, Port, Starboard","7""","14""","21""","29""",1,-1,1,"Twin-Linked, Fast-Track"
39,Port 23DT Torpedoes,Port,"3""","6""","9""","12""",1,-,3,"Devastating, One-Shot"
39,Starboard 23DT Torpedoes,Starboard,"3""","6""","9""","12""",1,-,3,"Devastating, One-Shot"
39,AA Battery,"Fore, Aft, Port, Starboard","1""","3""","4""","6""",1,-,-,Local (1)
40,A Turret (2 x 6.1-inch),"Fore, Port, Starboard","7""","14""","21""","29""",1,-1,1,"Twin-Linked, Fast-Track"
40,B Turret (2 x 6.1-inch),"Fore, Port, Starboard","7""","14""","21""","29""",1,-1,1,"Twin-Linked, Fast-Track"
40,X Turret (2 x 6.1-inch),"Aft, Port, Starboard","7""","14""","21""","29""",1,-1,1,"Twin-Linked, Fast-Track"
40,Y Turret (2 x 6.1-inch),"Aft, Port, Starboard","7""","14""","21""","29""",1,-1,1,"Twin-Linked, Fast-Track"
40,AA Battery,"Fore, Aft, Port, Starboard","1""","3""","4""","6""",2,-,-,Local (1)
41,A Turret (3 x 6-inch),"Fore, Port, Starboard","7""","14""","21""","29""",2,-1,1,Fast Track
41,B Turret (3 x 6-inch),"Fore, Port, Starboard","7""","14""","21""","29""",2,-1,1,Fast Track
41,X Turret (3 x 6-inch),"Aft, Port, Starboard","7""","14""","21""","29""",2,-1,1,Fast Track
41,Port 23DT Torpedoes,Port,"3""","6""","9""","12""",2,-,3,"Devastating, One-Shot"
41,Starboard 23DT Torpedoes,Starboard,"3""","6""","9""","12""",2,-,3,"Devastating, One-Shot"
41,AA Battery,"Fore, Aft, Port, Starboard","1""","3""","5""","7""",2,-,-,Local (1)
42,A Turret (3 x 6-inch),"Fore, Port, Starboard","7""","14""","21""","29""",2,-1,1,Fast Track
42,B Turret (3 x 6-inch),"Fore, Port, Starboard","7""","14""","21""","29""",2,-1,1,Fast Track
42,X Turret (3 x 6-inch),"Aft, Port, Starboard","7""","14""","21""","29""",2,-1,1,Fast Track
42,Port 23DT Torpedoes,Port,"3""","6""","9""","12""",2,-,3,"Devastating, One-Shot"
42,Starboard 23DT Torpedoes,Starboard,"3""","6""","9""","12""",2,-,3,"Devastating, One-Shot"
42,AA Battery,"Fore, Aft, Port, Starboard","1""","3""","5""","7""",7,-,-,Local (1)
43,A Turret (3 x 6-inch),"Fore, Port, Starboard","7""","14""","21""","29""",2,-1,1,Fast Track
43,B Turret (3 x 6-inch),"Fore, Port, Starboard","7""","14""","21""","29""",2,-1,1,Fast Track
43,X Turret (3 x 6-inch),"Aft, Port, Starboard","7""","14""","21""","29""",2,-1,1,Fast Track
43,Port 23DT Torpedoes,Port,"3""","6""","9""","12""",2,-,3,"Devastating, One-Shot"
43,Starboard 23DT Torpedoes,Starboard,"3""","6""","9""","12""",2,-,3,"Devastating, One-Shot"
43,AA Battery,"Fore, Aft, Port, Starboard","1""","3""","5""","7""",7,-,-,Local (1)
44,A Turret (2 x 8-inch),"Fore, Port, Starboard","8""","16""","24""","33""",2,-1,1,-
44,B Turret (2 x 8-inch),"Fore, Port, Starboard","8""","16""","24""","33""",2,-1,1,-
44,X Turret (2 x 8-inch),"Aft, Port, Starboard","8""","16""","24""","33""",2,-1,1,-
44,Y Turret (2 x 8-inch),"Aft, Port, Starboard","8""","16""","24""","33""",2,-1,1,-
44,Port 23DT Torpedoes,Port,"3""","6""","9""","12""",3,-,3,"Devastating, One-Shot"
44,Starboard 23DT Torpedoes,Starboard,"3""","6""","9""","12""",3,-,3,"Devastating, One-Shot"
44,AA Battery,"Fore, Aft, Port, Starboard","1""","3""","4""","6""",2,-,-,Local (1)
45,A Turret (2 x 8-inch),"Fore, Port, Starboard","8""","16""","24""","33""",2,-1,1,-
45,B Turret (2 x 8-inch),"Fore, Port, Starboard","8""","16""","24""","33""",2,-1,1,-
45,X Turret (2 x 8-inch),"Aft, Port, Starboard","8""","16""","24""","33""",2,-1,1,-
45,Y Turret (2 x 8-inch),"Aft, Port, Starboard","8""","16""","24""","33""",2,-1,1,-
45,AA Battery,"Fore, Aft, Port, Starboard","1""","3""","4""","6""",3,-,-,Local (1)
46,A Turret (2 x 8-inch),"Fore, Port, Starboard","8""","16""","24""","33""",2,-1,1,-
46,B Turret (2 x 8-inch),"Fore, Port, Starboard","8""","16""","24""","33""",2,-1,1,-
46,X Turret (2 x 8-inch),"Aft, Port, Starboard","8""","16""","24""","33""",2,-1,1,-
46,Y Turret (2 x 8-inch),"Aft, Port, Starboard","8""","16""","24""","33""",2,-1,1,-
46,Port 23DT Torpedoes,Port,"3""","6""","9""","12""",3,-,3,"Devastating, One-Shot"
46,Starboard 23DT Torpedoes,Starboard,"3""","6""","9""","12""",3,-,3,"Devastating, One-Shot"
46,AA Battery,"Fore, Aft, Port, Starboard","1""","3""","5""","7""",2,-,-,Local (1)
47,A Turret (2 x 8-inch),"Fore, Port, Starboard","8""","16""","24""","33""",2,-1,1,-
47,B Turret (2 x 8-inch),"Fore, Port, Starboard","8""","16""","24""","33""",2,-1,1,-
47,X Turret (2 x 8-inch),"Aft, Port, Starboard","8""","16""","24""","33""",2,-1,1,-
47,Y Turret (2 x 8-inch),"Aft, Port, Starboard","8""","16""","24""","33""",2,-1,1,-
47,Port 23DT Torpedoes,Port,"3""","6""","9""","12""",3,-,3,"Devastating, One-Shot"
47,Starboard 23DT Torpedoes,Starboard,"3""","6""","9""","12""",3,-,3,"Devastating, One-Shot"
47,AA Battery,"Fore, Aft, Port, Starboard","1""","3""","5""","7""",2,-,-,Local (1)
48,A Turret (2 x 8-inch),"Fore, Port, Starboard","8""","16""","24""","33""",2,-1,1,-
48,B Turret (2 x 8-inch),"Fore, Port, Starboard","8""","16""","24""","33""",2,-1,1,-
48,X Turret (2 x 8-inch),"Aft, Port, Starboard","8""","16""","24""","33""",2,-1,1,-
48,Y Turret (2 x 8-inch),"Aft, Port, Starboard","8""","16""","24""","33""",2,-1,1,-
48,Port 23DT Torpedoes,Port,"3""","6""","9""","12""",3,-,3,"Devastating, One-Shot"
48,Starboard 23DT Torpedoes,Starboard,"3""","6""","9""","12""",3,-,3,"Devastating, One-Shot"
48,AA Battery,"Fore, Aft, Port, Starboard","1""","3""","5""","7""",2,-,-,Local (2)
49,Light Guns (4 x 5.1-inch),"Fore, Aft, Port, Starboard","5""","10""","15""","20""",2,-2,1,Weak
49,Port/Starboard 23DT Torpedoes,"Port, Starboard","3""","6""","9""","12""",3,-,3,"Devastating, One-Shot"
49,Port/Starboard 23DT Torpedoes,"Port, Starboard","3""","6""","9""","12""",3,-,3,"Devastating, One-Shot"
49,AA Battery,"Fore, Aft, Port, Starboard",-,-,-,-,-,-,-,Local (1)
50,Light Guns (4 x 4.7-inch),"Fore, Aft, Port, Starboard","4""","8""","12""","16""",2,-2,1,Weak
50,Port/Starboard 23DT Torpedoes,"Port, Starboard","3""","6""","9""","12""",3,-,3,"Devastating, One-Shot"
50,AA Battery,"Fore, Aft, Port, Starboard",-,-,-,-,-,-,-,Local (1)
51,Light Guns (4 x 5.1-inch),"Fore, Aft, Port, Starboard","5""","10""","15""","20""",2,-2,1,Weak
51,Port/Starboard 23DT Torpedoes,"Port, Starboard","3""","6""","9""","12""",2,-,3,"Devastating, One-Shot"
51,AA Battery,"Fore, Aft, Port, Starboard",-,-,-,-,-,-,-,Local (1)
52,Light Guns (4 x 5.1-inch),"Fore, Aft, Port, Starboard","5""","10""","15""","20""",2,-2,1,Weak
52,Port/Starboard 23DT Torpedoes,"Port, Starboard","3""","6""","9""","12""",3,-,3,"Devastating, One-Shot"
52,Port/Starboard 23DT Torpedoes,"Port, Starboard","3""","6""","9""","12""",3,-,3,"Devastating, One-Shot"
52,AA Battery,"Fore, Aft, Port, Starboard",-,-,-,-,-,-,-,Local (1)
53,Light Guns (3 x 5.1-inch),"Fore, Aft, Port, Starboard","5""","10""","15""","20""",1,-2,1,Weak
53,Port/Starboard 23DT Torpedoes,"Port, Starboard","3""","6""","9""","12""",3,-,3,"Devastating, One-Shot"
53,AA Battery,"Fore, Aft, Port, Starboard","1""","2""","3""","5""",1,-,-,Local (1)
54,Light Guns (3 x 5.1-inch),"Fore, Aft, Port, Starboard","5""","10""","15""","20""",1,-2,1,Weak
54,AA Battery,"Fore, Aft, Port, Starboard","1""","2""","3""","5""",1,-,-,Local (1)
55,Light Guns (4 x 5.1-inch),"Fore, Aft, Port, Starboard","5""","10""","15""","20""",2,-2,1,Weak
55,Port/Starboard 23DT Torpedoes,"Port, Starboard","3""","6""","9""","12""",3,-,3,"Devastating, One-Shot"
55,Port/Starboard 23DT Torpedoes,"Port, Starboard","3""","6""","9""","12""",3,-,3,"Devastating, One-Shot"
55,AA Battery,"Fore, Aft, Port, Starboard",-,-,-,-,-,-,-,Local (1)
56,Light Guns (4 x 5.1-inch),"Fore, Aft, Port, Starboard","5""","10""","15""","20""",2,-2,1,Weak
56,Light Guns (1 x 4-inch),"Fore, Aft, Port, Starboard","4""","8""","12""","17""",1,-2,1,"DP, Slow-Loading, Weak"
56,Port/Starboard 23DT Torpedoes,"Port, Starboard","3""","6""","9""","12""",3,-,3,"Devastating, One-Shot"
56,Port/Starboard 23DT Torpedoes,"Port, Starboard","3""","6""","9""","12""",3,-,3,"Devastating, One-Shot"
56,AA Battery,"Fore, Aft, Port, Starboard",-,-,-,-,-,-,-,Local (1)
57,Light Guns (4 x 5.1-inch),"Fore, Aft, Port, Starboard","5""","10""","15""","20""",2,-2,1,Weak
57,Light Guns (1 x 4-inch),"Fore, Aft, Port, Starboard","4""","8""","12""","17""",1,-2,1,"DP, Slow-Loading, Weak"
57,Port/Starboard 23DT Torpedoes,"Port, Starboard","3""","6""","9""","12""",3,-,3,"Devastating, One-Shot"
57,Port/Starboard 23DT Torpedoes,"Port, Starboard","3""","6""","9""","12""",3,-,3,"Devastating, One-Shot"
57,AA Battery,"Fore, Aft, Port, Starboard",-,-,-,-,-,-,-,Local (1)
58,Light Guns (4 x 5.1-inch),"Fore, Aft, Port, Starboard","5""","10""","15""","20""",2,-2,1,Weak
58,Port/Starboard 23DT Torpedoes,"Port, Starboard","3""","6""","9""","12""",3,-,3,"Devastating, One-Shot"
58,AA Battery,"Fore, Aft, Port, Starboard","1""","2""","3""","5""",1,-,-,Local (1)
59,Light Guns (5 x 5.5-inch),"Fore, Aft, Port, Starboard","5""","11""","16""","22""",3,-1,1,Weak
59,Port/Starboard 23DT Torpedoes,"Port, Starboard","3""","6""","9""","12""",3,-,3,"Devastating, One-Shot"
59,Port 23DT Torpedoes,Port,"3""","6""","9""","12""",3,-,3,"Devastating, One-Shot"
59,Starboard 23DT Torpedoes,Starboard,"3""","6""","9""","12""",3,-,3,"Devastating, One-Shot"
59,AA Battery,"Fore, Aft, Port, Starboard",-,-,-,-,-,-,-,Local (1)
60,Light Guns (4 x 5.5-inch),"Fore, Aft, Port, Starboard","5""","11""","16""","22""",2,-1,1,Weak
60,Light Guns (1 x 4-inch),"Fore, Aft, Port, Starboard","4""","8""","12""","17""",1,-2,1,"DP, Slow-Loading, Weak"
60,Port/Starboard 23DT Torpedoes,"Port, Starboard","3""","6""","9""","12""",3,-,3,"Devastating, One-Shot"
60,Port 23DT Torpedoes,Port,"3""","6""","9""","12""",3,-,3,"Devastating, One-Shot"
60,Starboard 23DT Torpedoes,Starboard,"3""","6""","9""","12""",3,-,3,"Devastating, One-Shot"
60,AA Battery,"Fore, Aft, Port, Starboard",-,-,-,-,-,-,-,Local (1)
61,Light Guns (5 x 5.5-inch),"Fore, Aft, Port, Starboard","5""","11""","16""","22""",3,-1,1,Weak
61,Port 23DT Torpedoes,Port,"3""","6""","9""","12""",3,-,3,"Devastating, One-Shot"
61,Starboard 23DT Torpedoes,Starboard,"3""","6""","9""","12""",3,-,3,"Devastating, One-Shot"
61,AA Battery,"Fore, Aft, Port, Starboard","1""","2""","3""","5""",1,-,-,Local (1)
62,Light Guns (5 x 5.5-inch),"Fore, Aft, Port, Starboard","5""","11""","16""","22""",3,-1,1,Weak
62,Port 23DT Torpedoes,Port,"3""","6""","9""","12""",3,-,3,"Devastating, One-Shot"
62,Starboard 23DT Torpedoes,Starboard,"3""","6""","9""","12""",3,-,3,"Devastating, One-Shot"
62,AA Battery,"Fore, Aft, Port, Starboard","1""","2""","3""","5""",2,-,-,Local (1)
63,Light Guns (5 x 5.5-inch),"Fore, Aft, Port, Starboard","5""","11""","16""","22""",3,-1,1,Weak
63,Port 23DT Torpedoes,Port,"3""","6""","9""","12""",3,-,3,"Devastating, One-Shot"
63,Starboard 23DT Torpedoes,Starboard,"3""","6""","9""","12""",3,-,3,"Devastating, One-Shot"
63,AA Battery,"Fore, Aft, Port, Starboard","1""","2""","3""","5""",1,-,-,Local (1)
64,Light Guns (8 x 5.5-inch),"Fore, Aft, Port, Starboard","5""","11""","16""","22""",6,-1,1,Weak
64,Port 23DT Torpedoes,Port,"3""","6""","9""","12""",3,-,3,"Devastating, One-Shot"
64,Port 23DT Torpedoes,Port,"3""","6""","9""","12""",3,-,3,"Devastating, One-Shot"
64,Starboard 23DT Torpedoes,Starboard,"3""","6""","9""","12""",3,-,3,"Devastating, One-Shot"
64,Starboard 23DT Torpedoes,Starboard,"3""","6""","9""","12""",3,-,3,"Devastating, One-Shot"
64,AA Battery,"Fore, Aft, Port, Starboard",-,-,-,-,-,-,-,Local (1)
65,Light Guns (6 x 5.5-inch),"Fore, Aft, Port, Starboard","5""","11""","16""","22""",4,-1,1,Weak
65,Port 23DT Torpedoes,Port,"3""","6""","9""","12""",3,-,3,"Devastating, One-Shot"
65,Port 23DT Torpedoes,Port,"3""","6""","9""","12""",3,-,3,"Devastating, One-Shot"
65,Starboard 23DT Torpedoes,Starboard,"3""","6""","9""","12""",3,-,3,"Devastating, One-Shot"
65,Starboard 23DT Torpedoes,Starboard,"3""","6""","9""","12""",3,-,3,"Devastating, One-Shot"
65,AA Battery,"Fore, Aft, Port, Starboard",-,-,-,-,-,-,-,Local (2)
66,A Turret (2 x 16-inch),"Fore, Port, Starboard","10""","20""","30""","40""",2,2,3,Heavy
66,B Turret (2 x 16-inch),"Fore, Port, Starboard","10""","20""","30""","40""",2,2,3,Heavy
66,X Turret (2 x 16-inch),"Aft, Port, Starboard","10""","20""","30""","40""",2,2,3,Heavy
66,Y Turret (2 x 16-inch),"Aft, Port, Starboard","10""","20""","30""","40""",2,2,3,Heavy
66,Light Guns (12 x 5.9-inch),"Fore, Aft, Port, Starboard","6""","12""","18""","25""",6,-1,1,"Twin-Linked, Restricted"
66,Light Guns (16 x 4.1-inch),"Fore, Aft, Port, Starboard","4""","9""","14""","19""",8,-2,1,"DP, Restricted, Weak"
66,Port G7aT-1 Torpedoes,Port,"2""","5""","7""","10""",3,-,3,"Devastating, Slow-Loading"
66,Starboard G7aT-1 Torpedoes,Starboard,"2""","5""","7""","10""",3,-,3,"Devastating, Slow-Loading"
66,AA Battery,"Fore, Aft, Port, Starboard",-,-,-,-,-,-,-,Local (3)
67,Light Guns (1 x 3.5-inch),"Fore, Port, Starboard","3""","6""","9""","13""",1,-2,1,"Slow-Loading, Weak"
67,Forward G7a/T1 Torpedoes,Fore,"2""","5""","7""","10""",4,-,3,"Devastating, Slow-Loading"
67,Aft G7a/T1 Torpedoes,"Fore, Aft, Port, Starboard","2""","5""","7""","10""",1,-,3,"Devastating, Slow-Loading"
67,AA Battery,"Fore, Aft, Port, Starboard",-,-,-,-,-,-,-,Local (1)
68,Light Guns (1 x 5-inch),"Aft, Port, Starboard","2""","4""","6""","8""",1,-2,1,Weak
68,AA Battery,"Fore, Aft, Port, Starboard",-,-,-,-,-,-,-,Local (1)
69,A Turret (2 x 15-inch),"Fore, Port, Starboard","10""","20""","30""","40""",2,2,3,-
69,B Turret (2 x 15-inch),"Fore, Port, Starboard","10""","20""","30""","40""",2,2,3,-
69,X Turret (2 x 15-inch),"Aft, Port, Starboard","10""","20""","30""","40""",2,2,3,-
69,Light Guns (6 x 5.9-inch),"Fore, Aft, Port, Starboard","6""","12""","18""","25""",3,-1,1,Twin-Linked
69,Light Guns (8 x 4.1-inch),"Fore, Aft, Port, Starboard","4""","9""","14""","19""",4,-2,1,"DP, Restricted, Weak"
69,AA Battery,"Fore, Aft, Port, Starboard",-,-,-,-,-,-,-,Local (3)
70,Light Guns (1 x 3.5-inch),"Fore, Port, Starboard","3""","6""","9""","13""",1,-2,1,"Slow-Loading, Weak"
70,Forward G7a/T1 Torpedoes,Fore,"2""","5""","7""","10""",4,-,3,"Devastating, Slow-Loading"
70,Aft G7a/T1 Torpedoes,"Fore, Aft, Port, Starboard","2""","5""","7""","10""",1,-,3,"Devastating, Slow-Loading"
70,AA Battery,"Fore, Aft, Port, Starboard",-,-,-,-,-,-,-,Local (1)
71,Light Guns (1 x 5-inch),"Aft, Port, Starboard","4""","9""","13""","18""",1,-2,1,Weak
71,AA Battery,"Fore, Aft, Port, Starboard","1""","3""","4""","6""",1,-,-,Local (1)
72,A Turret (3 x 11.1-inch),"Fore, Port, Starboard","11""","22""","33""","45""",3,1,2,-
72,B Turret (3 x 11.1-inch),"Fore, Port, Starboard","11""","22""","33""","45""",3,1,2,-
72,X Turret (3 x 11.1-inch),"Aft, Port, Starboard","11""","22""","33""","45""",3,1,2,-
72,Light Guns (12 x 5.9-inch),"Fore, Aft, Port, Starboard","6""","12""","18""","25""",6,-1,1,"Twin-Linked, Restricted"
72,Light Guns (14 x 4.1-inch),"Fore, Aft, Port, Starboard","4""","9""","14""","19""",7,-2,1,"DP, Restricted, Weak"
72,AA Battery,"Fore, Aft, Port, Starboard",-,-,-,-,-,-,-,Local (1)
73,Forward G7a/T1 Torpedoes,Fore,"2""","5""","7""","10""",4,-,3,"Devastating, Slow-Loading"
73,Aft G7a/T1 Torpedoes,"Fore, Aft, Port, Starboard","2""","5""","7""","10""",1,-,3,"Devastating, Slow-Loading"
73,AA Battery,"Fore, Aft, Port, Starboard",-,-,-,-,-,-,-,Local (1)
74,Light Guns (1 x 5-inch),"Aft, Port, Starboard","4""","9""","13""","18""",1,-2,1,Weak
74,AA Battery,"Fore, Aft, Port, Starboard","1""","3""","4""","6""",2,-,-,Local (1)
75,A Turret (3 x 11.1-inch),"Fore, Port, Starboard","11""","22""","33""","45""",3,1,2,-
75,B Turret (3 x 11.1-inch),"Fore, Port, Starboard","11""","22""","33""","45""",3,1,2,-
75,X Turret (3 x 11.1-inch),"Aft, Port, Starboard","11""","22""","33""","45""",3,1,2,-
75,Light Guns (12 x 5.9-inch),"Fore, Aft, Port, Starboard","6""","12""","18""","25""",6,-1,1,"Twin-Linked, Restricted"
75,Light Guns (14 x 4.1-inch),"Fore, Aft, Port, Starboard","4""","9""","14""","19""",7,-2,1,"DP, Restricted, Weak"
75,AA Battery,"Fore, Aft, Port, Starboard",-,-,-,-,-,-,-,Local (1)
76,Forward G7a/T1 Torpedoes,Fore,"2""","5""","7""","10""",4,-,3,"Devastating, Slow-Loading"
76,Aft G7a/T1 Torpedoes,"Fore, Aft, Port, Starboard","2""","5""","7""","10""",1,-,3,"Devastating, Slow-Loading"
76,AA Battery,"Fore, Aft, Port, Starboard",-,-,-,-,-,-,-,Local (1)
77,Light Guns (8 x 6-inch),"Fore, Aft, Port, Starboard","3""","6""","9""","13""",6,-2,1,"Restricted, Weak"
77,AA Battery,"Fore, Aft, Port, Starboard",-,-,-,-,-,-,-,Local (1)
78,A Turret (3 x 11.1-inch),"Fore, Port, Starboard","11""","22""","33""","45""",3,1,2,-
78,B Turret (3 x 11.1-inch),"Fore, Port, Starboard","11""","22""","33""","45""",3,1,2,-
78,X Turret (3 x 11.1-inch),"Aft, Port, Starboard","11""","22""","33""","45""",3,1,2,-
78,Light Guns (12 x 5.9-inch),"Fore, Aft, Port, Starboard","6""","12""","18""","25""",6,-1,1,"Twin-Linked, Restricted"
78,Light Guns (14 x 4.1-inch),"Fore, Aft, Port, Starboard","4""","9""","14""","19""",7,-2,1,"DP, Restricted, Weak"
78,Port G7aT-1 Torpedoes,Port,"2""","5""","7""","10""",3,-,3,"Devastating, One-Shot"
78,Starboard G7aT-1 Torpedoes,Starboard,"2""","5""","7""","10""",3,-,3,"Devastating, One-Shot"
78,AA Battery,"Fore, Aft, Port, Starboard",-,-,-,-,-,-,-,Local (2)
79,Forward G7a/T1 Torpedoes,Fore,"2""","5""","7""","10""",4,-,3,"Devastating, Slow-Loading"
79,Aft G7a/T1 Torpedoes,"Fore, Aft, Port, Starboard","2""","5""","7""","10""",1,-,3,"Devastating, Slow-Loading"
79,AA Battery,"Fore, Aft, Port, Starboard",-,-,-,-,-,-,-,Local (1)
80,Light Guns (6 x 6-inch),"Fore, Aft, Port, Starboard","4""","9""","13""","18""",4,-2,1,"Restricted, Weak"
80,Port Torpedoes,Port,"2""","5""","7""","10""",2,-,3,"Devastating, One-Shot"
80,Starboard Torpedoes,Starboard,"2""","5""","7""","10""",2,-,3,"Devastating, One-Shot"
80,AA Battery,"Fore, Aft, Port, Starboard",-,-,-,-,-,-,-,Local (1)
81,A Turret (3 x 11.1-inch),"Fore, Port, Starboard","11""","22""","33""","45""",3,1,2,-
81,B Turret (3 x 11.1-inch),"Fore, Port, Starboard","11""","22""","33""","45""",3,1,2,-
81,X Turret (3 x 11.1-inch),"Aft, Port, Starboard","11""","22""","33""","45""",3,1,2,-
81,Light Guns (12 x 5.9-inch),"Fore, Aft, Port, Starboard","6""","12""","18""","25""",6,-1,1,"Twin-Linked, Restricted"
81,Light Guns (14 x 4.1-inch),"Fore, Aft, Port, Starboard","4""","9""","14""","19""",7,-2,1,"DP, Restricted, Weak"
81,Port G7aT-1 Torpedoes,Port,"2""","5""","7""","10""",3,-,3,"Devastating, One-Shot"
81,Starboard G7aT-1 Torpedoes,Starboard,"2""","5""","7""","10""",3,-,3,"Devastating, One-Shot"
81,AA Battery,"Fore, Aft, Port, Starboard",-,-,-,-,-,-,-,Local (3)
82,Light Guns (1 x 4.1-inch),"Fore, Port, Starboard","4""","8""","12""","17""",1,-2,1,"Slow-Loading, Weak"
82,Forward G7a/T1 Torpedoes,Fore,"2""","5""","7""","10""",4,-,3,"Devastating, Slow-Loading"
82,Aft G7a/T1 Torpedoes,"Fore, Aft, Port, Starboard","2""","5""","7""","10""",2,-,3,"Devastating, Slow-Loading"
82,AA Battery,"Fore, Aft, Port, Starboard",-,-,-,-,-,-,-,Local (1)
83,Light Guns (1 x 5-inch),"Aft, Port, Starboard","4""","9""","13""","18""",1,-2,1,"DP, Slow-Loading, Weak"
83,AA Battery,"Fore, Aft, Port, Starboard","1""","3""","4""","6""",1,-,-,Local (1)
84,A Turret (2 x 15-inch),"Fore, Port, Starboard","10""","20""","30""","40""",2,2,3,-
84,B Turret (2 x 15-inch),"Fore, Port, Starboard","10""","20""","30""","40""",2,2,3,-
84,X Turret (2 x 15-inch),"Aft, Port, Starboard","10""","20""","30""","40""",2,2,3,-
84,Light Guns (12 x 5.9-inch),"Fore, Aft, Port, Starboard","6""","12""","18""","25""",6,-1,1,"Twin-Linked, Restricted"
84,Light Guns (14 x 4.1-inch),"Fore, Aft, Port, Starboard","4""","9""","14""","19""",7,-2,1,"DP, Restricted, Weak"
84,Port G7aT-1 Torpedoes,Port,"2""","5""","7""","10""",3,-,3,"Devastating, One-Shot"
84,Starboard G7aT-1 Torpedoes,Starboard,"2""","5""","7""","10""",3,-,3,"Devastating, One-Shot"
84,AA Battery,"Fore, Aft, Port, Starboard",-,-,-,-,-,-,-,Local (6)
85,Light Guns (1 x 4.1-inch),"Fore, Port, Starboard","4""","8""","12""","17""",1,-2,1,"Slow-Loading, Weak"
85,Forward G7a/T1 Torpedoes,Fore,"2""","5""","7""","10""",4,-,3,"Devastating, Slow-Loading"
85,Aft G7a/T1 Torpedoes,"Fore, Aft, Port, Starboard","2""","5""","7""","10""",2,-,3,"Devastating, Slow-Loading"
85,AA Battery,"Fore, Aft, Port, Starboard",-,-,-,-,-,-,-,Local (1)
86,Light Guns (1 x 4-inch),"Aft, Port, Starboard","3""","6""","9""","12""",1,-2,1,"Weak, Slow-Loading"
86,AA Battery,"Fore, Aft, Port, Starboard",-,-,-,-,-,-,-,Local (1)
87,A Turret (3 x 11.1-inch),"Fore, Port, Starboard","11""","22""","33""","45""",3,1,2,-
87,B Turret (3 x 11.1-inch),"Fore, Port, Starboard","11""","22""","33""","45""",3,1,2,-
87,X Turret (3 x 11.1-inch),"Aft, Port, Starboard","11""","22""","33""","45""",3,1,2,-
87,Light Guns (12 x 5.9-inch),"Fore, Aft, Port, Starboard","6""","12""","18""","25""",6,-1,1,"Twin-Linked, Restricted"
87,Light Guns (14 x 4.1-inch),"Fore, Aft, Port, Starboard","4""","9""","14""","19""",7,-2,1,"DP, Restricted, Weak"
87,AA Battery,"Fore, Aft, Port, Starboard",-,-,-,-,-,-,-,Local (2)
88,Forward G7a/T1 Torpedoes,Fore,"2""","5""","7""","10""",4,-,3,"Devastating, Slow-Loading"
88,Aft G7a/T1 Torpedoes,"Fore, Aft, Port, Starboard","2""","5""","7""","10""",2,-,3,"Devastating, Slow-Loading"
88,AA Battery,"Fore, Aft, Port, Starboard",-,-,-,-,-,-,-,Local (1)
89,Light Guns (1 x 5-inch),"Aft, Port, Starboard","4""","8""","12""","16""",1,-2,1,"Weak, Slow-Loading"
89,AA Battery,"Fore, Aft, Port, Starboard",-,-,-,-,-,-,-,Local (1)
90,A Turret (3 x 11.1-inch),"Fore, Port, Starboard","11""","22""","33""","45""",3,1,2,-
90,B Turret (3 x 11.1-inch),"Fore, Port, Starboard","11""","22""","33""","45""",3,1,2,-
90,X Turret (3 x 11.1-inch),"Aft, Port, Starboard","11""","22""","33""","45""",3,1,2,-
90,Light Guns (12 x 5.9-inch),"Fore, Aft, Port, Starboard","6""","12""","18""","25""",6,-1,1,"Twin-Linked, Restricted"
90,Light Guns (14 x 4.1-inch),"Fore, Aft, Port, Starboard","4""","9""","14""","19""",7,-2,1,"DP, Restricted, Weak"
90,Port G7aT-1 Torpedoes,Port,"2""","5""","7""","10""",3,-,3,"Devastating, One-Shot"
90,Starboard G7aT-1 Torpedoes,Starboard,"2""","5""","7""","10""",3,-,3,"Devastating, One-Shot"
90,AA Battery,"Fore, Aft, Port, Starboard",-,-,-,-,-,-,-,Local (2)
91,Forward G7a/T1 Torpedoes,Fore,"2""","5""","7""","10""",4,-,3,"Devastating, Slow-Loading"
91,Aft G7a/T1 Torpedoes,"Fore, Aft, Port, Starboard","2""","5""","7""","10""",2,-,3,"Devastating, Slow-Loading"
91,AA Battery,"Fore, Aft, Port, Starboard",-,-,-,-,-,-,-,Local (1)
92,Light Guns (1 x 5-inch),"Aft, Port, Starboard","4""","9""","13""","18""",1,-2,1,"DP, Slow-Loading, Weak"
92,AA Battery,"Fore, Aft, Port, Starboard","1""","3""","4""","6""",1,-,-,Local (1)
93,A Turret (2 x 15-inch),"Fore, Port, Starboard","10""","20""","30""","40""",2,2,3,-
93,B Turret (2 x 15-inch),"Fore, Port, Starboard","10""","20""","30""","40""",2,2,3,-
93,X Turret (2 x 15-inch),"Aft, Port, Starboard","10""","20""","30""","40""",2,2,3,-
93,Y Turret (2 x 15-inch),"Aft, Port, Starboard","10""","20""","30""","40""",2,2,3,-
93,Light Guns (12 x 5.9-inch),"Fore, Aft, Port, Starboard","6""","12""","18""","25""",6,-1,1,"Twin-Linked, Restricted"
93,Light Guns (16 x 4.1-inch),"Fore, Aft, Port, Starboard","4""","9""","14""","19""",8,-2,1,"DP, Restricted, Weak"
93,AA Battery,"Fore, Aft, Port, Starboard",-,-,-,-,-,-,-,Local (1)
94,Forward G7a/T1 Torpedoes,Fore,"2""","5""","7""","10""",4,-,3,"Devastating, Slow-Loading"
94,Aft G7a/T1 Torpedoes,"Fore, Aft, Port, Starboard","2""","5""","7""","10""",2,-,3,"Devastating, Slow-Loading"
94,AA Battery,"Fore, Aft, Port, Starboard",-,-,-,-,-,-,-,Local (1)
95,Light Guns (1 x 5-inch),"Aft, Port, Starboard","4""","9""","13""","18""",1,-2,1,"DP, Slow-Loading, Weak"
95,AA Battery,"Fore, Aft, Port, Starboard","1""","3""","4""","6""",3,-,-,Local (1)
96,A Turret (2 x 15-inch),"Fore, Port, Starboard","10""","20""","30""","40""",2,2,3,-
96,B Turret (2 x 15-inch),"Fore, Port, Starboard","10""","20""","30""","40""",2,2,3,-
96,X Turret (2 x 15-inch),"Aft, Port, Starboard","10""","20""","30""","40""",2,2,3,-
96,Y Turret (2 x 15-inch),"Aft, Port, Starboard","10""","20""","30""","40""",2,2,3,-
96,Light Guns (12 x 5.9-inch),"Fore, Aft, Port, Starboard","6""","12""","18""","25""",6,-1,1,"Twin-Linked, Restricted"
96,Light Guns (16 x 4.1-inch),"Fore, Aft, Port, Starboard","4""","9""","14""","19""",8,-2,1,"DP, Restricted, Weak"
96,AA Battery,"Fore, Aft, Port, Starboard",-,-,-,-,-,-,-,Local (1)
97,Forward G7a/T1 Torpedoes,Fore,"2""","5""","7""","10""",4,-,3,"Devastating, Slow-Loading"
97,AA Battery,"Fore, Aft, Port, Starboard",-,-,-,-,-,-,-,Local (1)
98,A Turret (2 x 15-inch),"Fore, Port, Starboard","10""","20""","30""","40""",2,2,3,-
98,B Turret (2 x 15-inch),"Fore, Port, Starboard","10""","20""","30""","40""",2,2,3,-
98,X Turret (2 x 15-inch),"Aft, Port, Starboard","10""","20""","30""","40""",2,2,3,-
98,Y Turret (2 x 15-inch),"Aft, Port, Starboard","10""","20""","30""","40""",2,2,3,-
98,Light Guns (12 x 5.9-inch),"Fore, Aft, Port, Starboard","6""","12""","18""","25""",6,-1,1,"Twin-Linked, Restricted"
98,Light Guns (16 x 4.1-inch),"Fore, Aft, Port, Starboard","4""","9""","14""","19""",8,-2,1,"DP, Restricted, Weak"
98,AA Battery,"Fore, Aft, Port, Starboard",-,-,-,-,-,-,-,Local (2)
99,A Turret (2 x 15-inch),"Fore, Port, Starboard","10""","20""","30""","40""",2,2,3,-
99,B Turret (2 x 15-inch),"Fore, Port, Starboard","10""","20""","30""","40""",2,2,3,-
99,X Turret (2 x 15-inch),"Aft, Port, Starboard","10""","20""","30""","40""",2,2,3,-
99,Y Turret (2 x 15-inch),"Aft, Port, Starboard","10""","20""","30""","40""",2,2,3,-
99,Light Guns (12 x 5.9-inch),"Fore, Aft, Port, Starboard","6""","12""","18""","25""",6,-1,1,"Twin-Linked, Restricted"
99,Light Guns (16 x 4.1-inch),"Fore, Aft, Port, Starboard","4""","9""","14""","19""",8,-2,1,"DP, Restricted, Weak"
99,Port G7aT-1 Torpedoes,Port,"2""","5""","7""","10""",3,-,3,"Devastating, One-Shot"
99,Starboard G7aT-1 Torpedoes,Starboard,"2""","5""","7""","10""",3,-,3,"Devastating, One-Shot"
99,AA Battery,"Fore, Aft, Port, Starboard",-,-,-,-,-,-,-,Local (3)
100,A Turret (2 x 15-inch),"Fore, Port, Starboard","10""","20""","30""","40""",2,2,3,-
100,B Turret (2 x 15-inch),"Fore, Port, Starboard","10""","20""","30""","40""",2,2,3,-
100,X Turret (2 x 15-inch),"Aft, Port, Starboard","10""","20""","30""","40""",2,2,3,-
100,Y Turret (2 x 15-inch),"Aft, Port, Starboard","10""","20""","30""","40""",2,2,3,-
100,Light Guns (12 x 5.9-inch),"Fore, Aft, Port, Starboard","6""","12""","18""","25""",6,-1,1,"Twin-Linked, Restricted"
100,Light Guns (16 x 4.1-inch),"Fore, Aft, Port, Starboard","4""","9""","14""","19""",8,-2,1,"DP, Restricted, Weak"
100,Port G7aT-1 Torpedoes,Port,"2""","5""","7""","10""",3,-,3,"Devastating, One-Shot"
100,Starboard G7aT-1 Torpedoes,Starboard,"2""","5""","7""","10""",3,-,3,"Devastating, One-Shot"
100,AA Battery,"Fore, Aft, Port, Starboard",-,-,-,-,-,-,-,Local (4)
101,A Turret (2 x 15-inch),"Fore, Port, Starboard","10""","20""","30""","40""",2,2,3,-
101,B Turret (2 x 15-inch),"Fore, Port, Starboard","10""","20""","30""","40""",2,2,3,-
101,X Turret (2 x 15-inch),"Aft, Port, Starboard","10""","20""","30""","40""",2,2,3,-
101,Y Turret (2 x 15-inch),"Aft, Port, Starboard","10""","20""","30""","40""",2,2,3,-
101,Light Guns (12 x 5.9-inch),"Fore, Aft, Port, Starboard","6""","12""","18""","25""",6,-1,1,"Twin-Linked, Restricted"
101,Light Guns (16 x 4.1-inch),"Fore, Aft, Port, Starboard","4""","9""","14""","19""",8,-2,1,"DP, Restricted, Weak"
101,Port G7aT-1 Torpedoes,Port,"2""","5""","7""","10""",3,-,3,"Devastating, One-Shot"
101,Starboard G7aT-1 Torpedoes,Starboard,"2""","5""","7""","10""",3,-,3,"Devastating, One-Shot"
101,AA Battery,"Fore, Aft, Port, Starboard",-,-,-,-,-,-,-,Local (5)
102,A Turret (2 x 11-inch),"Fore, Port, Starboard","7""","14""","21""","28""",2,-,1,-
102,Y Turret (2 x 11-inch),"Aft, Port, Starboard","7""","14""","21""","28""",2,-,1,-
102,Light Guns (10 x 5.9-inch),"Fore, Aft, Port, Starboard","4""","9""","13""","18""",6,-1,1,"Restricted, Weak"
102,AA Battery,"Fore, Aft, Port, Starboard","2""","4""","6""","8""",2,-,-,Local (1)
103,Light Guns (4 x 4.7-inch),"Fore, Aft, Port, Starboard","4""","8""","12""","16""",2,-2,1,"Restricted, Weak"
103,AA Battery,"Fore, Aft, Port, Starboard",-,-,-,-,-,-,-,Local (1)
104,A Turret (2 x 11-inch),"Fore, Port, Starboard","7""","14""","21""","28""",2,-,1,-
104,Y Turret (2 x 11-inch),"Aft, Port, Starboard","7""","14""","21""","28""",2,-,1,-
104,Light Guns (10 x 5.9-inch),"Fore, Aft, Port, Starboard","4""","9""","13""","18""",6,-1,1,"Restricted, Weak"
104,AA Battery,"Fore, Aft, Port, Starboard","2""","4""","6""","8""",2,-,-,Local (1)
105,Light Guns (1 x 4-inch),"Aft, Port, Starboard","3""","6""","9""","12""",1,-2,1,"Weak, Slow-Loading"
105,AA Battery,"Fore, Aft, Port, Starboard",-,-,-,-,-,-,-,Local (0)
106,A Turret (2 x 11-inch),"Fore, Port, Starboard","7""","14""","21""","28""",2,-,1,-
106,Y Turret (2 x 11-inch),"Aft, Port, Starboard","7""","14""","21""","28""",2,-,1,-
106,Light Guns (10 x 5.9-inch),"Fore, Aft, Port, Starboard","4""","9""","13""","18""",6,-1,1,"Restricted, Weak"
106,AA Battery,"Fore, Aft, Port, Starboard","2""","4""","6""","8""",2,-,-,Local (1)
107,Light Guns (1 x 4-inch),"Aft, Port, Starboard","3""","6""","9""","12""",1,-2,1,"Weak, Slow-Loading"
107,AA Battery,"Fore, Aft, Port, Starboard",-,-,-,-,-,-,-,Local (1)
108,A Turret (2 x 11-inch),"Fore, Port, Starboard","7""","14""","21""","28""",2,-,1,-
108,Y Turret (2 x 11-inch),"Aft, Port, Starboard","7""","14""","21""","28""",2,-,1,-
108,Light Guns (6 x 4.1-inch),"Fore, Aft, Port, Starboard","4""","8""","12""","17""",3,-2,1,"DP, Weak"
108,AA Battery,"Fore, Aft, Port, Starboard","1""","2""","3""","5""",2,-,-,Local (2)
109,Light Guns (1 x 5-inch),"Aft, Port, Starboard","4""","9""","13""","18""",1,-2,1,"DP, Slow-Loading, Weak"
109,AA Battery,"Fore, Aft, Port, Starboard","1""","3""","4""","6""",1,-,-,Local (1)
110,Light Guns (16 x 5.9-inch),"Fore, Aft, Port, Starboard","6""","12""","18""","25""",8,-1,1,"Restricted, Twin-Linked"
110,Light Guns (12 x 4.1-inch),"Fore, Aft, Port, Starboard","4""","9""","14""","19""",6,-2,1,"DP, Weak"
110,AA Battery,"Fore, Aft, Port, Starboard",-,-,-,-,-,-,-,Local (3)
111,Light Guns (12 x 4.1-inch),"Fore, Aft, Port, Starboard","4""","9""","14""","19""",6,-2,1,"DP, Weak"
111,AA Battery,"Fore, Aft, Port, Starboard",-,-,-,-,-,-,-,Local (4)
112,A Turret (3 x 11.1-inch),"Fore, Port, Starboard","10""","20""","30""","40""",3,-,2,-
112,Y Turret (3 x 11.1-inch),"Aft, Port, Starboard","10""","20""","30""","40""",3,-,1,-
112,Light Guns (8 x 5.9-inch),"Fore, Aft, Port, Starboard","6""","12""","18""","25""",6,-1,1,Restricted
112,Port G7a/T-1 Torpedoes,Port,"2""","5""","7""","10""",4,-,3,"Devastating, One-Shot"
112,Starboard G7a/T-1 Torpedoes,Starboard,"2""","5""","7""","10""",4,-,3,"Devastating, One-Shot"
112,AA Battery,"Fore, Aft, Port, Starboard","2""","4""","6""","8""",2,-,-,Local (1)
113,A Turret (3 x 11.1-inch),"Fore, Port, Starboard","10""","20""","30""","40""",3,-,2,-
113,Y Turret (3 x 11.1-inch),"Aft, Port, Starboard","10""","20""","30""","40""",3,-,1,-
113,Light Guns (8 x 5.9-inch),"Fore, Aft, Port, Starboard","6""","12""","18""","25""",6,-1,1,Restricted
113,Port G7a/T-1 Torpedoes,Port,"2""","5""","7""","10""",4,-,3,"Devastating, One-Shot"
113,Starboard G7a/T-1 Torpedoes,Starboard,"2""","5""","7""","10""",4,-,3,"Devastating, One-Shot"
113,AA Battery,"Fore, Aft, Port, Starboard","2""","4""","6""","8""",2,-,-,Local (1)
114,A Turret (3 x 11.1-inch),"Fore, Port, Starboard","10""","20""","30""","40""",3,-,2,-
114,Y Turret (3 x 11.1-inch),"Aft, Port, Starboard","10""","20""","30""","40""",3,-,1,-
114,Light Guns (8 x 5.9-inch),"Fore, Aft, Port, Starboard","6""","12""","18""","25""",6,-1,1,Restricted
114,Port G7a/T-1 Torpedoes,Port,"2""","5""","7""","10""",4,-,3,"Devastating, One-Shot"
114,Starboard G7a/T-1 Torpedoes,Starboard,"2""","5""","7""","10""",4,-,3,"Devastating, One-Shot"
114,AA Battery,"Fore, Aft, Port, Starboard","2""","4""","6""","8""",2,-,-,Local (1)
115,A Turret (3 x 11.1-inch),"Fore, Port, Starboard","10""","20""","30""","40""",3,-,2,-
115,Y Turret (3 x 11.1-inch),"Aft, Port, Starboard","10""","20""","30""","40""",3,-,1,-
115,Light Guns (8 x 5.9-inch),"Fore, Aft, Port, Starboard","6""","12""","18""","25""",6,-1,1,Restricted
115,Light Guns (6 x 4.1-inch),"Fore, Aft, Port, Starboard","4""","9""","14""","19""",3,-2,1,"DP, Weak"
115,Port G7a/T-1 Torpedoes,Port,"2""","5""","7""","10""",4,-,3,"Devastating, One-Shot"
115,Starboard G7a/T-1 Torpedoes,Starboard,"2""","5""","7""","10""",4,-,3,"Devastating, One-Shot"
115,AA Battery,"Fore, Aft, Port, Starboard",-,-,-,-,-,-,-,Local (1)
116,A Turret (3 x 11.1-inch),"Fore, Port, Starboard","10""","20""","30""","40""",3,-,2,-
116,Y Turret (3 x 11.1-inch),"Aft, Port, Starboard","10""","20""","30""","40""",3,-,1,-
116,Light Guns (8 x 5.9-inch),"Fore, Aft, Port, Starboard","6""","12""","18""","25""",6,-1,1,Restricted
116,Light Guns (6 x 4.1-inch),"Fore, Aft, Port, Starboard","4""","9""","14""","19""",3,-2,1,"DP, Weak"
116,Port G7a/T-1 Torpedoes,Port,"2""","5""","7""","10""",4,-,3,"Devastating, One-Shot"
116,Starboard G7a/T-1 Torpedoes,Starboard,"2""","5""","7""","10""",4,-,3,"Devastating, One-Shot"
116,AA Battery,"Fore, Aft, Port, Starboard",-,-,-,-,-,-,-,Local (1)
117,A Turret (3 x 11.1-inch),"Fore, Port, Starboard","10""","20""","30""","40""",3,-,2,-
117,Y Turret (3 x 11.1-inch),"Aft, Port, Starboard","10""","20""","30""","40""",3,-,1,-
117,Light Guns (8 x 5.9-inch),"Fore, Aft, Port, Starboard","6""","12""","18""","25""",6,-1,1,Restricted
117,Light Guns (6 x 4.1-inch),"Fore, Aft, Port, Starboard","4""","9""","14""","19""",3,-2,1,"DP, Weak"
117,Port G7a/T-1 Torpedoes,Port,"2""","5""","7""","10""",4,-,3,"Devastating, One-Shot"
117,Starboard G7a/T-1 Torpedoes,Starboard,"2""","5""","7""","10""",4,-,3,"Devastating, One-Shot"
117,AA Battery,"Fore, Aft, Port, Starboard",-,-,-,-,-,-,-,Local (2)
118,A Turret (3 x 11.1-inch),"Fore, Port, Starboard","10""","20""","30""","40""",3,-,2,-
118,Y Turret (3 x 11.1-inch),"Aft, Port, Starboard","10""","20""","30""","40""",3,-,1,-
118,Light Guns (8 x 5.9-inch),"Fore, Aft, Port, Starboard","6""","12""","18""","25""",6,-1,1,Restricted
118,Light Guns (6 x 4.1-inch),"Fore, Aft, Port, Starboard","4""","9""","14""","19""",3,-2,1,"DP, Weak"
118,Port G7a/T-1 Torpedoes,Port,"2""","5""","7""","10""",4,-,3,"Devastating, One-Shot"
118,Starboard G7a/T-1 Torpedoes,Starboard,"2""","5""","7""","10""",4,-,3,"Devastating, One-Shot"
118,AA Battery,"Fore, Aft, Port, Starboard","1""","2""","3""","5""",1,-,-,Local (4)
119,A Turret (3 x 11.1-inch),"Fore, Port, Starboard","10""","20""","30""","40""",3,-,2,-
119,Y Turret (3 x 11.1-inch),"Aft, Port, Starboard","10""","20""","30""","40""",3,-,1,-
119,Light Guns (8 x 5.9-inch),"Fore, Aft, Port, Starboard","6""","12""","18""","25""",6,-1,1,Restricted
119,Light Guns (6 x 4.1-inch),"Fore, Aft, Port, Starboard","4""","9""","14""","19""",3,-2,1,"DP, Weak"
119,Port G7a/T-1 Torpedoes,Port,"2""","5""","7""","10""",4,-,3,"Devastating, One-Shot"
119,Starboard G7a/T-1 Torpedoes,Starboard,"2""","5""","7""","10""",4,-,3,"Devastating, One-Shot"
119,AA Battery,"Fore, Aft, Port, Starboard",-,-,-,-,-,-,-,Local (2)
120,A Turret (3 x 11.1-inch),"Fore, Port, Starboard","10""","20""","30""","40""",3,-,2,-
120,Y Turret (3 x 11.1-inch),"Aft, Port, Starboard","10""","20""","30""","40""",3,-,1,-
120,Light Guns (8 x 5.9-inch),"Fore, Aft, Port, Starboard","6""","12""","18""","25""",6,-1,1,Restricted
120,Light Guns (6 x 4.1-inch),"Fore, Aft, Port, Starboard","4""","9""","14""","19""",3,-2,1,"DP, Weak"
120,Port G7a/T-1 Torpedoes,Port,"2""","5""","7""","10""",4,-,3,"Devastating, One-Shot"
120,Starboard G7a/T-1 Torpedoes,Starboard,"2""","5""","7""","10""",4,-,3,"Devastating, One-Shot"
120,AA Battery,"Fore, Aft, Port, Starboard","1""","2""","3""","5""",2,-,-,Local (3)
121,A Turret (3 x 11.1-inch),"Fore, Port, Starboard","10""","20""","30""","40""",3,-,2,-
121,Y Turret (3 x 11.1-inch),"Aft, Port, Starboard","10""","20""","30""","40""",3,-,1,-
121,Light Guns (8 x 5.9-inch),"Fore, Aft, Port, Starboard","6""","12""","18""","25""",6,-1,1,Restricted
121,Light Guns (6 x 4.1-inch),"Fore, Aft, Port, Starboard","4""","9""","14""","19""",3,-2,1,"DP, Weak"
121,Port G7a/T-1 Torpedoes,Port,"2""","5""","7""","10""",4,-,3,"Devastating, One-Shot"
121,Starboard G7a/T-1 Torpedoes,Starboard,"2""","5""","7""","10""",4,-,3,"Devastating, One-Shot"
121,AA Battery,"Fore, Aft, Port, Starboard",-,-,-,-,-,-,-,Local (5)
122,Light Guns (8 x 5.9-inch),"Fore, Aft, Port, Starboard","4""","9""","13""","18""",5,-2,1,Weak
122,Port G7a/T-1 Torpedoes,Port,"2""","5""","7""","10""",2,-,3,"Devastating, One-Shot"
122,Starboard G7a/T-1 Torpedoes,Starboard,"2""","5""","7""","10""",2,-,3,"Devastating, One-Shot"
122,AA Battery,"Fore, Aft, Port, Starboard","1""","2""","3""","5""",1,-,-,Local (0)
123,Light Guns (8 x 5.9-inch),"Fore, Aft, Port, Starboard","4""","9""","13""","18""",5,-2,1,Weak
123,Port G7a/T-1 Torpedoes,Port,"2""","5""","7""","10""",2,-,3,"Devastating, One-Shot"
123,Starboard G7a/T-1 Torpedoes,Starboard,"2""","5""","7""","10""",2,-,3,"Devastating, One-Shot"
123,AA Battery,"Fore, Aft, Port, Starboard","1""","2""","3""","5""",1,-,-,Local (1)
124,Light Guns (8 x 5.9-inch),"Fore, Aft, Port, Starboard","5""","11""","17""","23""",6,-1,1,-
124,Port G7a/T-1 Torpedoes,Port,"2""","5""","7""","10""",2,-,3,"Devastating, One-Shot"
124,Starboard G7a/T-1 Torpedoes,Starboard,"2""","5""","7""","10""",2,-,3,"Devastating, One-Shot"
124,AA Battery,"Fore, Aft, Port, Starboard","1""","2""","3""","5""",1,-,-,Local (1)
125,Light Guns (3 x 4.1-inch),"Fore, Aft, Port, Starboard","4""","8""","12""","17""",1,-2,1,"DP, Weak"
125,Port G7a/T-1 Torpedoes,Port,"2""","5""","7""","10""",2,-,3,"Devastating, One-Shot"
125,Starboard G7a/T-1 Torpedoes,Starboard,"2""","5""","7""","10""",2,-,3,"Devastating, One-Shot"
125,AA Battery,"Fore, Aft, Port, Starboard","1""","2""","3""","5""",1,-,-,Local (2)
126,A Turret (3 x 5.9-inch),"Fore, Port, Starboard","7""","14""","21""","28""",2,-1,1,Fast Track
126,X Turret (3 x 5.9-inch),"Aft, Port, Starboard","7""","14""","21""","28""",2,-1,1,Fast Track
126,Y Turret (3 x 5.9-inch),"Aft, Port, Starboard","7""","14""","21""","28""",2,-1,1,Fast Track
126,Port G7a/T-1 Torpedoes,Port,"2""","5""","7""","10""",3,-,3,"Devastating, One-Shot"
126,Port G7a/T-1 Torpedoes,Port,"2""","5""","7""","10""",3,-,3,"Devastating, One-Shot"
126,Starboard G7a/T-1 Torpedoes,Starboard,"2""","5""","7""","10""",3,-,3,"Devastating, One-Shot"
126,Starboard G7a/T-1 Torpedoes,Starboard,"2""","5""","7""","10""",3,-,3,"Devastating, One-Shot"
126,AA Battery,"Fore, Aft, Port, Starboard","2""","4""","6""","8""",2,-,-,Local (1)
127,A Turret (3 x 5.9-inch),"Fore, Port, Starboard","7""","14""","21""","28""",2,-1,1,Fast Track
127,X Turret (3 x 5.9-inch),"Aft, Port, Starboard","7""","14""","21""","28""",2,-1,1,Fast Track
127,Y Turret (3 x 5.9-inch),"Aft, Port, Starboard","7""","14""","21""","28""",2,-1,1,Fast Track
127,Port G7a/T-1 Torpedoes,Port,"2""","5""","7""","10""",3,-,3,"Devastating, One-Shot"
127,Port G7a/T-1 Torpedoes,Port,"2""","5""","7""","10""",3,-,3,"Devastating, One-Shot"
127,Starboard G7a/T-1 Torpedoes,Starboard,"2""","5""","7""","10""",3,-,3,"Devastating, One-Shot"
127,Starboard G7a/T-1 Torpedoes,Starboard,"2""","5""","7""","10""",3,-,3,"Devastating, One-Shot"
127,AA Battery,"Fore, Aft, Port, Starboard","2""","4""","6""","8""",2,-,-,Local (1)
128,A Turret (3 x 5.9-inch),"Fore, Port, Starboard","7""","14""","21""","28""",2,-1,1,Fast Track
128,X Turret (3 x 5.9-inch),"Aft, Port, Starboard","7""","14""","21""","28""",2,-1,1,Fast Track
128,Y Turret (3 x 5.9-inch),"Aft, Port, Starboard","7""","14""","21""","28""",2,-1,1,Fast Track
128,Port G7a/T-1 Torpedoes,Port,"2""","5""","7""","10""",3,-,3,"Devastating, One-Shot"
128,Port G7a/T-1 Torpedoes,Port,"2""","5""","7""","10""",3,-,3,"Devastating, One-Shot"
128,Starboard G7a/T-1 Torpedoes,Starboard,"2""","5""","7""","10""",3,-,3,"Devastating, One-Shot"
128,Starboard G7a/T-1 Torpedoes,Starboard,"2""","5""","7""","10""",3,-,3,"Devastating, One-Shot"
128,AA Battery,"Fore, Aft, Port, Starboard","2""","4""","6""","8""",2,-,-,Local (1)
129,A Turret (3 x 5.9-inch),"Fore, Port, Starboard","7""","14""","21""","28""",2,-1,1,Fast Track
129,X Turret (3 x 5.9-inch),"Aft, Port, Starboard","7""","14""","21""","28""",2,-1,1,Fast Track
129,Y Turret (3 x 5.9-inch),"Aft, Port, Starboard","7""","14""","21""","28""",2,-1,1,Fast Track
129,Port G7a/T-1 Torpedoes,Port,"2""","5""","7""","10""",3,-,3,"Devastating, One-Shot"
129,Starboard G7a/T-1 Torpedoes,Starboard,"2""","5""","7""","10""",3,-,3,"Devastating, One-Shot"
129,AA Battery,"Fore, Aft, Port, Starboard","2""","4""","6""","8""",2,-,-,Local (1)
130,A Turret (3 x 5.9-inch),"Fore, Port, Starboard","7""","14""","21""","28""",2,-1,1,Fast Track
130,X Turret (3 x 5.9-inch),"Aft, Port, Starboard","7""","14""","21""","28""",2,-1,1,Fast Track
130,Y Turret (3 x 5.9-inch),"Aft, Port, Starboard","7""","14""","21""","28""",2,-1,1,Fast Track
130,Port G7a/T-1 Torpedoes,Port,"2""","5""","7""","10""",3,-,3,"Devastating, One-Shot"
130,Starboard G7a/T-1 Torpedoes,Starboard,"2""","5""","7""","10""",3,-,3,"Devastating, One-Shot"
130,AA Battery,"Fore, Aft, Port, Starboard","2""","4""","6""","8""",2,-,-,Local (1)
131,A Turret (3 x 5.9-inch),"Fore, Port, Starboard","7""","14""","21""","28""",2,-1,1,Fast Track
131,X Turret (3 x 5.9-inch),"Aft, Port, Starboard","7""","14""","21""","28""",2,-1,1,Fast Track
131,Y Turret (3 x 5.9-inch),"Aft, Port, Starboard","7""","14""","21""","28""",2,-1,1,Fast Track
131,Port G7a/T-1 Torpedoes,Port,"2""","5""","7""","10""",3,-,3,"Devastating, One-Shot"
131,Starboard G7a/T-1 Torpedoes,Starboard,"2""","5""","7""","10""",3,-,3,"Devastating, One-Shot"
131,AA Battery,"Fore, Aft, Port, Starboard","2""","4""","6""","8""",2,-,-,Local (2)
132,A Turret (3 x 5.9-inch),"Fore, Port, Starboard","7""","14""","21""","28""",2,-1,1,Fast Track
132,X Turret (3 x 5.9-inch),"Aft, Port, Starboard","7""","14""","21""","28""",2,-1,1,Fast Track
132,Y Turret (3 x 5.9-inch),"Aft, Port, Starboard","7""","14""","21""","28""",2,-1,1,Fast Track
132,Port G7a/T-1 Torpedoes,Port,"2""","5""","7""","10""",3,-,3,"Devastating, One-Shot"
132,Starboard G7a/T-1 Torpedoes,Starboard,"2""","5""","7""","10""",3,-,3,"Devastating, One-Shot"
132,AA Battery,"Fore, Aft, Port, Starboard","2""","4""","6""","8""",3,-,-,Local (4)
133,A Turret (3 x 5.9-inch),"Fore, Port, Starboard","7""","14""","21""","28""",2,-1,1,Fast Track
133,X Turret (3 x 5.9-inch),"Aft, Port, Starboard","7""","14""","21""","28""",2,-1,1,Fast Track
133,Y Turret (3 x 5.9-inch),"Aft, Port, Starboard","7""","14""","21""","28""",2,-1,1,Fast Track
133,Port G7a/T-1 Torpedoes,Port,"2""","5""","7""","10""",3,-,3,"Devastating, One-Shot"
133,Port G7a/T-1 Torpedoes,Port,"2""","5""","7""","10""",3,-,3,"Devastating, One-Shot"
133,Starboard G7a/T-1 Torpedoes,Starboard,"2""","5""","7""","10""",3,-,3,"Devastating, One-Shot"
133,Starboard G7a/T-1 Torpedoes,Starboard,"2""","5""","7""","10""",3,-,3,"Devastating, One-Shot"
133,AA Battery,"Fore, Aft, Port, Starboard","2""","4""","6""","8""",2,-,-,Local (1)
134,A Turret (3 x 5.9-inch),"Fore, Port, Starboard","7""","14""","21""","28""",2,-1,1,Fast Track
134,X Turret (3 x 5.9-inch),"Aft, Port, Starboard","7""","14""","21""","28""",2,-1,1,Fast Track
134,Y Turret (3 x 5.9-inch),"Aft, Port, Starboard","7""","14""","21""","28""",2,-1,1,Fast Track
134,Port G7a/T-1 Torpedoes,Port,"2""","5""","7""","10""",3,-,3,"Devastating, One-Shot"
134,Port G7a/T-1 Torpedoes,Port,"2""","5""","7""","10""",3,-,3,"Devastating, One-Shot"
134,Starboard G7a/T-1 Torpedoes,Starboard,"2""","5""","7""","10""",3,-,3,"Devastating, One-Shot"
134,Starboard G7a/T-1 Torpedoes,Starboard,"2""","5""","7""","10""",3,-,3,"Devastating, One-Shot"
134,AA Battery,"Fore, Aft, Port, Starboard","2""","4""","6""","8""",2,-,-,Local (1)
135,A Turret (3 x 5.9-inch),"Fore, Port, Starboard","7""","14""","21""","28""",2,-1,1,Fast Track
135,X Turret (3 x 5.9-inch),"Aft, Port, Starboard","7""","14""","21""","28""",2,-1,1,Fast Track
135,Y Turret (3 x 5.9-inch),"Aft, Port, Starboard","7""","14""","21""","28""",2,-1,1,Fast Track
135,Port G7a/T-1 Torpedoes,Port,"2""","5""","7""","10""",3,-,3,"Devastating, One-Shot"
135,Starboard G7a/T-1 Torpedoes,Starboard,"2""","5""","7""","10""",3,-,3,"Devastating, One-Shot"
135,AA Battery,"Fore, Aft, Port, Starboard","2""","4""","6""","8""",2,-,-,Local (1)
136,A Turret (3 x 5.9-inch),"Fore, Port, Starboard","7""","14""","21""","28""",2,-1,1,Fast Track
136,X Turret (3 x 5.9-inch),"Aft, Port, Starboard","7""","14""","21""","28""",2,-1,1,Fast Track
136,Y Turret (3 x 5.9-inch),"Aft, Port, Starboard","7""","14""","21""","28""",2,-1,1,F+J44:BJ44ast Track
136,Port G7a/T-1 Torpedoes,Port,"2""","5""","7""","10""",3,-,3,"Devastating, One-Shot"
136,Starboard G7a/T-1 Torpedoes,Starboard,"2""","5""","7""","10""",3,-,3,"Devastating, One-Shot"
136,AA Battery,"Fore, Aft, Port, Starboard","2""","4""","6""","8""",2,-,-,Local (1)
137,A Turret (3 x 5.9-inch),"Fore, Port, Starboard","7""","14""","21""","28""",2,-1,1,Fast Track
137,X Turret (3 x 5.9-inch),"Aft, Port, Starboard","7""","14""","21""","28""",2,-1,1,Fast Track
137,Y Turret (3 x 5.9-inch),"Aft, Port, Starboard","7""","14""","21""","28""",2,-1,1,F+J44:BJ44ast Track
137,AA Battery,"Fore, Aft, Port, Starboard","2""","4""","6""","8""",3,-,-,Local (1)
138,A Turret (3 x 5.9-inch),"Fore, Port, Starboard","7""","14""","21""","28""",2,-1,1,Fast Track
138,X Turret (3 x 5.9-inch),"Aft, Port, Starboard","7""","14""","21""","28""",2,-1,1,Fast Track
138,Y Turret (3 x 5.9-inch),"Aft, Port, Starboard","7""","14""","21""","28""",2,-1,1,Fast Track
138,Port G7a/T-1 Torpedoes,Port,"2""","5""","7""","10""",3,-,3,"Devastating, One-Shot"
138,Port G7a/T-1 Torpedoes,Port,"2""","5""","7""","10""",3,-,3,"Devastating, One-Shot"
138,Starboard G7a/T-1 Torpedoes,Starboard,"2""","5""","7""","10""",3,-,3,"Devastating, One-Shot"
138,Starboard G7a/T-1 Torpedoes,Starboard,"2""","5""","7""","10""",3,-,3,"Devastating, One-Shot"
138,AA Battery,"Fore, Aft, Port, Starboard","2""","4""","6""","8""",3,-,-,Local (1)
139,A Turret (3 x 5.9-inch),"Fore, Port, Starboard","7""","14""","21""","28""",2,-1,1,Fast Track
139,X Turret (3 x 5.9-inch),"Aft, Port, Starboard","7""","14""","21""","28""",2,-1,1,Fast Track
139,Y Turret (3 x 5.9-inch),"Aft, Port, Starboard","7""","14""","21""","28""",2,-1,1,Fast Track
139,Port G7a/T-1 Torpedoes,Port,"2""","5""","7""","10""",3,-,3,"Devastating, One-Shot"
139,Starboard G7a/T-1 Torpedoes,Starboard,"2""","5""","7""","10""",3,-,3,"Devastating, One-Shot"
139,AA Battery,"Fore, Aft, Port, Starboard","2""","4""","6""","8""",3,-,-,Local (1)
140,A Turret (3 x 5.9-inch),"Fore, Port, Starboard","7""","14""","21""","28""",2,-1,1,Fast Track
140,X Turret (3 x 5.9-inch),"Aft, Port, Starboard","7""","14""","21""","28""",2,-1,1,Fast Track
140,Y Turret (3 x 5.9-inch),"Aft, Port, Starboard","7""","14""","21""","28""",2,-1,1,Fast Track
140,Port G7a/T-1 Torpedoes,Port,"2""","5""","7""","10""",3,-,3,"Devastating, One-Shot"
140,Starboard G7a/T-1 Torpedoes,Starboard,"2""","5""","7""","10""",3,-,3,"Devastating, One-Shot"
140,AA Battery,"Fore, Aft, Port, Starboard","2""","4""","6""","8""",3,-,-,Local (2)
141,A Turret (3 x 5.9-inch),"Fore, Port, Starboard","7""","14""","21""","28""",2,-1,1,Fast Track
141,X Turret (3 x 5.9-inch),"Aft, Port, Starboard","7""","14""","21""","28""",2,-1,1,Fast Track
141,Y Turret (3 x 5.9-inch),"Aft, Port, Starboard","7""","14""","21""","28""",2,-1,1,Fast Track
141,Port G7a/T-1 Torpedoes,Port,"2""","5""","7""","10""",3,-,3,"Devastating, One-Shot"
141,Starboard G7a/T-1 Torpedoes,Starboard,"2""","5""","7""","10""",3,-,3,"Devastating, One-Shot"
141,AA Battery,"Fore, Aft, Port, Starboard","2""","4""","6""","8""",3,-,-,Local (2)
142,A Turret (3 x 5.9-inch),"Fore, Port, Starboard","7""","14""","21""","28""",2,-1,1,Fast Track
142,X Turret (3 x 5.9-inch),"Aft, Port, Starboard","7""","14""","21""","28""",2,-1,1,Fast Track
142,Y Turret (3 x 5.9-inch),"Aft, Port, Starboard","7""","14""","21""","28""",2,-1,1,Fast Track
142,Port G7a/T-1 Torpedoes,Port,"2""","5""","7""","10""",3,-,3,"Devastating, One-Shot"
142,Starboard G7a/T-1 Torpedoes,Starboard,"2""","5""","7""","10""",3,-,3,"Devastating, One-Shot"
142,AA Battery,"Fore, Aft, Port, Starboard","2""","4""","6""","8""",3,-,-,Local (4)
143,A Turret (2 x 5.9-inch),"Fore, Port, Starboard","6""","12""","18""","25""",1,-1,1,"Fast Track, Twin-Linked"
143,B Turret (2 x 5.9-inch),"Fore, Port, Starboard","6""","12""","18""","25""",1,-1,1,"Fast Track, Twin-Linked"
143,X Turret (2 x 5.9-inch),"Aft, Port, Starboard","6""","12""","18""","25""",1,-1,1,"Fast Track, Twin-Linked"
143,Y Turret (2 x 5.9-inch),"Aft, Port, Starboard","6""","12""","18""","25""",1,-1,1,"Fast Track, Twin-Linked"
143,Light Guns (4 x 4.1-inch),"Fore, Aft, Port, Starboard","4""","8""","12""","17""",2,-2,1,"DP, Restricted, Weak"
143,Port G7a/T-1 Torpedoes,Port,"2""","5""","7""","10""",4,-,3,"Devastating, One-Shot"
143,Starboard G7a/T-1 Torpedoes,Starboard,"2""","5""","7""","10""",4,-,3,"Devastating, One-Shot"
143,AA Battery,"Fore, Aft, Port, Starboard",-,-,-,-,-,-,-,Local (2)
144,A Turret (3 x 11.1-inch),"Fore, Port, Starboard","11""","22""","33""","45""",3,-,2,-
144,X Turret (3 x 11.1-inch),"Aft, Port, Starboard","11""","22""","33""","45""",3,-,2,-
144,Light Guns (4 x 5.9-inch),"Fore, Aft, Port, Starboard","6""","12""","18""","25""",2,-1,1,Twin-Linked
144,Light Guns (8 x 4.1-inch),"Fore, Aft, Port, Starboard","4""","9""","14""","19""",4,-2,1,"DP, Restricted, Weak"
144,Port G7a/T-1 Torpedoes,Port,"2""","5""","7""","10""",3,-,3,"Devastating, One-Shot"
144,Starboard G7a/T-1 Torpedoes,Starboard,"2""","5""","7""","10""",3,-,3,"Devastating, One-Shot"
144,AA Battery,"Fore, Aft, Port, Starboard",-,-,-,-,-,-,-,Local (2)
145,A Turret (2 x 8-inch),"Fore, Port, Starboard","9""","18""","27""","37""",2,-,1,-
145,B Turret (2 x 8-inch),"Fore, Port, Starboard","9""","18""","27""","37""",2,-,1,-
145,X Turret (2 x 8-inch),"Aft, Port, Starboard","9""","18""","27""","37""",2,-,1,-
145,Y Turret (2 x 8-inch),"Aft, Port, Starboard","9""","18""","27""","37""",2,-,1,-
145,Light Guns (12 x 4.1-inch),"Fore, Aft, Port, Starboard","4""","9""","14""","19""",6,-2,1,"DP, Restricted, Weak"
145,Port G7a/T-1 Torpedoes,Port,"2""","5""","7""","10""",3,-,3,"Devastating, One-Shot"
145,Port G7a/T-1 Torpedoes,Port,"2""","5""","7""","10""",3,-,3,"Devastating, One-Shot"
145,Starboard G7a/T-1 Torpedoes,Starboard,"2""","5""","7""","10""",3,-,3,"Devastating, One-Shot"
145,Starboard G7a/T-1 Torpedoes,Starboard,"2""","5""","7""","10""",3,-,3,"Devastating, One-Shot"
145,AA Battery,"Fore, Aft, Port, Starboard",-,-,-,-,-,-,-,Local (1)
146,A Turret (2 x 8-inch),"Fore, Port, Starboard","9""","18""","27""","37""",2,-,1,-
146,B Turret (2 x 8-inch),"Fore, Port, Starboard","9""","18""","27""","37""",2,-,1,-
146,X Turret (2 x 8-inch),"Aft, Port, Starboard","9""","18""","27""","37""",2,-,1,-
146,Y Turret (2 x 8-inch),"Aft, Port, Starboard","9""","18""","27""","37""",2,-,1,-
146,Light Guns (12 x 4.1-inch),"Fore, Aft, Port, Starboard","4""","9""","14""","19""",6,-2,1,"DP, Restricted, Weak"
146,Port G7a/T-1 Torpedoes,Port,"2""","5""","7""","10""",3,-,3,"Devastating, One-Shot"
146,Port G7a/T-1 Torpedoes,Port,"2""","5""","7""","10""",3,-,3,"Devastating, One-Shot"
146,Starboard G7a/T-1 Torpedoes,Starboard,"2""","5""","7""","10""",3,-,3,"Devastating, One-Shot"
146,Starboard G7a/T-1 Torpedoes,Starboard,"2""","5""","7""","10""",3,-,3,"Devastating, One-Shot"
146,AA Battery,"Fore, Aft, Port, Starboard",-,-,-,-,-,-,-,Local (1)
147,A Turret (2 x 8-inch),"Fore, Port, Starboard","9""","18""","27""","37""",2,-,1,-
147,B Turret (2 x 8-inch),"Fore, Port, Starboard","9""","18""","27""","37""",2,-,1,-
147,X Turret (2 x 8-inch),"Aft, Port, Starboard","9""","18""","27""","37""",2,-,1,-
147,Y Turret (2 x 8-inch),"Aft, Port, Starboard","9""","18""","27""","37""",2,-,1,-
147,Light Guns (12 x 4.1-inch),"Fore, Aft, Port, Starboard","4""","9""","14""","19""",6,-2,1,"DP, Restricted, Weak"
147,Port G7a/T-1 Torpedoes,Port,"2""","5""","7""","10""",3,-,3,"Devastating, One-Shot"
147,Port G7a/T-1 Torpedoes,Port,"2""","5""","7""","10""",3,-,3,"Devastating, One-Shot"
147,Starboard G7a/T-1 Torpedoes,Starboard,"2""","5""","7""","10""",3,-,3,"Devastating, One-Shot"
147,Starboard G7a/T-1 Torpedoes,Starboard,"2""","5""","7""","10""",3,-,3,"Devastating, One-Shot"
147,AA Battery,"Fore, Aft, Port, Starboard",-,-,-,-,-,-,-,Local (1)
148,A Turret (2 x 8-inch),"Fore, Port, Starboard","9""","18""","27""","37""",2,-,1,-
148,B Turret (2 x 8-inch),"Fore, Port, Starboard","9""","18""","27""","37""",2,-,1,-
148,X Turret (2 x 8-inch),"Aft, Port, Starboard","9""","18""","27""","37""",2,-,1,-
148,Y Turret (2 x 8-inch),"Aft, Port, Starboard","9""","18""","27""","37""",2,-,1,-
148,Light Guns (12 x 4.1-inch),"Fore, Aft, Port, Starboard","4""","9""","14""","19""",6,-2,1,"DP, Restricted, Weak"
148,Port G7a/T-1 Torpedoes,Port,"2""","5""","7""","10""",3,-,3,"Devastating, One-Shot"
148,Port G7a/T-1 Torpedoes,Port,"2""","5""","7""","10""",3,-,3,"Devastating, One-Shot"
148,Starboard G7a/T-1 Torpedoes,Starboard,"2""","5""","7""","10""",3,-,3,"Devastating, One-Shot"
148,Starboard G7a/T-1 Torpedoes,Starboard,"2""","5""","7""","10""",3,-,3,"Devastating, One-Shot"
148,AA Battery,"Fore, Aft, Port, Starboard",-,-,-,-,-,-,-,Local (2)
149,A Turret (2 x 8-inch),"Fore, Port, Starboard","9""","18""","27""","37""",2,-,1,-
149,B Turret (2 x 8-inch),"Fore, Port, Starboard","9""","18""","27""","37""",2,-,1,-
149,X Turret (2 x 8-inch),"Aft, Port, Starboard","9""","18""","27""","37""",2,-,1,-
149,Y Turret (2 x 8-inch),"Aft, Port, Starboard","9""","18""","27""","37""",2,-,1,-
149,Light Guns (12 x 4.1-inch),"Fore, Aft, Port, Starboard","4""","9""","14""","19""",6,-2,1,"DP, Restricted, Weak"
149,Port G7a/T-1 Torpedoes,Port,"2""","5""","7""","10""",3,-,3,"Devastating, One-Shot"
149,Port G7a/T-1 Torpedoes,Port,"2""","5""","7""","10""",3,-,3,"Devastating, One-Shot"
149,Starboard G7a/T-1 Torpedoes,Starboard,"2""","5""","7""","10""",3,-,3,"Devastating, One-Shot"
149,Starboard G7a/T-1 Torpedoes,Starboard,"2""","5""","7""","10""",3,-,3,"Devastating, One-Shot"
149,AA Battery,"Fore, Aft, Port, Starboard","1""","2""","3""","5""",1,-,-,Local (2)
150,A Turret (2 x 8-inch),"Fore, Port, Starboard","9""","18""","27""","37""",2,-,1,-
150,B Turret (2 x 8-inch),"Fore, Port, Starboard","9""","18""","27""","37""",2,-,1,-
150,X Turret (2 x 8-inch),"Aft, Port, Starboard","9""","18""","27""","37""",2,-,1,-
150,Y Turret (2 x 8-inch),"Aft, Port, Starboard","9""","18""","27""","37""",2,-,1,-
150,Light Guns (12 x 4.1-inch),"Fore, Aft, Port, Starboard","4""","9""","14""","19""",6,-2,1,"DP, Restricted, Weak"
150,Port G7a/T-1 Torpedoes,Port,"2""","5""","7""","10""",3,-,3,"Devastating, One-Shot"
150,Port G7a/T-1 Torpedoes,Port,"2""","5""","7""","10""",3,-,3,"Devastating, One-Shot"
150,Starboard G7a/T-1 Torpedoes,Starboard,"2""","5""","7""","10""",3,-,3,"Devastating, One-Shot"
150,Starboard G7a/T-1 Torpedoes,Starboard,"2""","5""","7""","10""",3,-,3,"Devastating, One-Shot"
150,AA Battery,"Fore, Aft, Port, Starboard","1""","2""","3""","5""",4,-,-,Local (2)
151,A Turret (2 x 8-inch),"Fore, Port, Starboard","9""","18""","27""","37""",2,-,1,-
151,B Turret (2 x 8-inch),"Fore, Port, Starboard","9""","18""","27""","37""",2,-,1,-
151,X Turret (2 x 8-inch),"Aft, Port, Starboard","9""","18""","27""","37""",2,-,1,-
151,Y Turret (2 x 8-inch),"Aft, Port, Starboard","9""","18""","27""","37""",2,-,1,-
151,Light Guns (12 x 4.1-inch),"Fore, Aft, Port, Starboard","4""","9""","14""","19""",6,-2,1,"DP, Restricted, Weak"
151,Port G7a/T-1 Torpedoes,Port,"2""","5""","7""","10""",3,-,3,"Devastating, One-Shot"
151,Port G7a/T-1 Torpedoes,Port,"2""","5""","7""","10""",3,-,3,"Devastating, One-Shot"
151,Starboard G7a/T-1 Torpedoes,Starboard,"2""","5""","7""","10""",3,-,3,"Devastating, One-Shot"
151,Starboard G7a/T-1 Torpedoes,Starboard,"2""","5""","7""","10""",3,-,3,"Devastating, One-Shot"
151,AA Battery,"Fore, Aft, Port, Starboard",-,-,-,-,-,-,-,Local (2)
152,A Turret (2 x 8-inch),"Fore, Port, Starboard","9""","18""","27""","37""",2,-,1,-
152,B Turret (2 x 8-inch),"Fore, Port, Starboard","9""","18""","27""","37""",2,-,1,-
152,X Turret (2 x 8-inch),"Aft, Port, Starboard","9""","18""","27""","37""",2,-,1,-
152,Y Turret (2 x 8-inch),"Aft, Port, Starboard","9""","18""","27""","37""",2,-,1,-
152,Light Guns (12 x 4.1-inch),"Fore, Aft, Port, Starboard","4""","9""","14""","19""",6,-2,1,"DP, Restricted, Weak"
152,Port G7a/T-1 Torpedoes,Port,"2""","5""","7""","10""",3,-,3,"Devastating, One-Shot"
152,Port G7a/T-1 Torpedoes,Port,"2""","5""","7""","10""",3,-,3,"Devastating, One-Shot"
152,Starboard G7a/T-1 Torpedoes,Starboard,"2""","5""","7""","10""",3,-,3,"Devastating, One-Shot"
152,Starboard G7a/T-1 Torpedoes,Starboard,"2""","5""","7""","10""",3,-,3,"Devastating, One-Shot"
152,AA Battery,"Fore, Aft, Port, Starboard","1""","2""","3""","5""",1,-,-,Local (2)
153,A Turret (2 x 8-inch),"Fore, Port, Starboard","9""","18""","27""","37""",2,-,1,-
153,B Turret (2 x 8-inch),"Fore, Port, Starboard","9""","18""","27""","37""",2,-,1,-
153,X Turret (2 x 8-inch),"Aft, Port, Starboard","9""","18""","27""","37""",2,-,1,-
153,Y Turret (2 x 8-inch),"Aft, Port, Starboard","9""","18""","27""","37""",2,-,1,-
153,Light Guns (12 x 4.1-inch),"Fore, Aft, Port, Starboard","4""","9""","14""","19""",6,-2,1,"DP, Restricted, Weak"
153,Port G7a/T-1 Torpedoes,Port,"2""","5""","7""","10""",3,-,3,"Devastating, One-Shot"
153,Port G7a/T-1 Torpedoes,Port,"2""","5""","7""","10""",3,-,3,"Devastating, One-Shot"
153,Starboard G7a/T-1 Torpedoes,Starboard,"2""","5""","7""","10""",3,-,3,"Devastating, One-Shot"
153,Starboard G7a/T-1 Torpedoes,Starboard,"2""","5""","7""","10""",3,-,3,"Devastating, One-Shot"
153,AA Battery,"Fore, Aft, Port, Starboard","1""","2""","3""","5""",4,-,-,Local (2)
154,A Turret (2 x 5.9-inch),"Fore, Port, Starboard","5""","11""","17""","23""",1,-1,1,"Fast Track, Twin-Linked"
154,X Turret (2 x 5.9-inch),"Aft, Port, Starboard","5""","11""","17""","23""",1,-1,1,"Fast Track, Twin-Linked"
154,Y Turret (2 x 5.9-inch),"Aft, Port, Starboard","5""","11""","17""","23""",1,-1,1,"Fast Track, Twin-Linked"
154,Port/Starboard G7a/T-1 Torpedoes,"Port, Starboard","2""","5""","7""","10""",5,-,3,"Devastating, One-Shot"
154,Port/Starboard G7a/T-1 Torpedoes,"Port, Starboard","2""","5""","7""","10""",5,-,3,"Devastating, One-Shot"
154,AA Battery,"Fore, Aft, Port, Starboard","2""","4""","6""","8""",1,-,-,Local (3)
155,Light Guns (5 x 5-inch),"Fore, Aft, Port, Starboard","4""","9""","14""","19""",3,-1,1,Weak
155,Port/Starboard G7a/T-1 Torpedoes,"Port, Starboard","2""","5""","7""","10""",4,-,3,"Devastating, One-Shot"
155,Port/Starboard G7a/T-1 Torpedoes,"Port, Starboard","2""","5""","7""","10""",4,-,3,"Devastating, One-Shot"
155,AA Battery,"Fore, Aft, Port, Starboard",-,-,-,-,-,-,-,Local (1)
156,Light Guns (5 x 5-inch),"Fore, Aft, Port, Starboard","4""","9""","14""","19""",3,-1,1,Weak
156,Port/Starboard G7a/T-1 Torpedoes,"Port, Starboard","2""","5""","7""","10""",4,-,3,"Devastating, One-Shot"
156,Port/Starboard G7a/T-1 Torpedoes,"Port, Starboard","2""","5""","7""","10""",4,-,3,"Devastating, One-Shot"
156,AA Battery,"Fore, Aft, Port, Starboard",-,-,-,-,-,-,-,Local (1)
157,Light Guns (5 x 5-inch),"Fore, Aft, Port, Starboard","4""","9""","14""","19""",3,-1,1,Weak
157,Port/Starboard G7a/T-1 Torpedoes,"Port, Starboard","2""","5""","7""","10""",4,-,3,"Devastating, One-Shot"
157,Port/Starboard G7a/T-1 Torpedoes,"Port, Starboard","2""","5""","7""","10""",4,-,3,"Devastating, One-Shot"
157,AA Battery,"Fore, Aft, Port, Starboard",-,-,-,-,-,-,-,Local (1)
158,Light Guns (4 x 5-inch),"Fore, Aft, Port, Starboard","4""","9""","14""","19""",2,-1,1,Weak
158,Port/Starboard G7a/T-1 Torpedoes,"Port, Starboard","2""","5""","7""","10""",4,-,3,"Devastating, One-Shot"
158,Port/Starboard G7a/T-1 Torpedoes,"Port, Starboard","2""","5""","7""","10""",4,-,3,"Devastating, One-Shot"
158,AA Battery,"Fore, Aft, Port, Starboard",-,-,-,-,-,-,-,Local (3)
159,Light Guns (4 x 5-inch),"Fore, Aft, Port, Starboard","4""","9""","14""","19""",2,-1,1,Weak
159,Port/Starboard G7a/T-1 Torpedoes,"Port, Starboard","2""","5""","7""","10""",4,-,3,"Devastating, One-Shot"
159,Port/Starboard G7a/T-1 Torpedoes,"Port, Starboard","2""","5""","7""","10""",4,-,3,"Devastating, One-Shot"
159,AA Battery,"Fore, Aft, Port, Starboard",-,-,-,-,-,-,-,Local (4)
160,Light Guns (4 x 5.9-inch),"Fore, Aft, Port, Starboard","5""","11""","17""","23""",3,-1,1,-
160,Port/Starboard G7a/T-1 Torpedoes,"Port, Starboard","2""","5""","7""","10""",4,-,3,"Devastating, One-Shot"
160,Port/Starboard G7a/T-1 Torpedoes,"Port, Starboard","2""","5""","7""","10""",4,-,3,"Devastating, One-Shot"
160,AA Battery,"Fore, Aft, Port, Starboard",-,-,-,-,-,-,-,Local (1)
161,A Turret (2 x 5.9-inch),"Fore, Port, Starboard","6""","13""","19""","26""",1,-1,1,"Fast Track, Twin-Linked"
161,Light Guns (3 x 5.9-inch),"Fore, Port, Starboard","5""","11""","17""","23""",2,-1,1,-
161,Port/Starboard G7a/T-1 Torpedoes,"Port, Starboard","2""","5""","7""","10""",4,-,3,"Devastating, One-Shot"
161,Port/Starboard G7a/T-1 Torpedoes,"Port, Starboard","2""","5""","7""","10""",4,-,3,"Devastating, One-Shot"
161,AA Battery,"Fore, Aft, Port, Starboard",-,-,-,-,-,-,-,Local (1)
162,A Turret (2 x 5.9-inch),"Fore, Port, Starboard","6""","13""","19""","26""",1,-1,1,"Fast Track, Twin-Linked"
162,Light Guns (3 x 5.9-inch),"Fore, Port, Starboard","5""","11""","17""","23""",2,-1,1,-
162,Port/Starboard G7a/T-1 Torpedoes,"Port, Starboard","2""","5""","7""","10""",4,-,3,"Devastating, One-Shot"
162,Port/Starboard G7a/T-1 Torpedoes,"Port, Starboard","2""","5""","7""","10""",4,-,3,"Devastating, One-Shot"
162,AA Battery,"Fore, Aft, Port, Starboard",-,-,-,-,-,-,-,Local (1)
163,A Turret (2 x 5.9-inch),"Fore, Port, Starboard","6""","13""","19""","26""",1,-1,1,"Fast Track, Twin-Linked"
163,Light Guns (3 x 5.9-inch),"Fore, Port, Starboard","5""","11""","17""","23""",2,-1,1,-
163,Port/Starboard G7a/T-1 Torpedoes,"Port, Starboard","2""","5""","7""","10""",4,-,3,"Devastating, One-Shot"
163,Port/Starboard G7a/T-1 Torpedoes,"Port, Starboard","2""","5""","7""","10""",4,-,3,"Devastating, One-Shot"
163,AA Battery,"Fore, Aft, Port, Starboard",-,-,-,-,-,-,-,Local (1)
164,A Turret (2 x 5.9-inch),"Fore, Port, Starboard","6""","13""","19""","26""",1,-1,1,"Fast Track, Twin-Linked"
164,Light Guns (3 x 5.9-inch),"Fore, Port, Starboard","5""","11""","17""","23""",2,-1,1,-
164,Port/Starboard G7a/T-1 Torpedoes,"Port, Starboard","2""","5""","7""","10""",4,-,3,"Devastating, One-Shot"
164,Port/Starboard G7a/T-1 Torpedoes,"Port, Starboard","2""","5""","7""","10""",4,-,3,"Devastating, One-Shot"
164,AA Battery,"Fore, Aft, Port, Starboard",-,-,-,-,-,-,-,Local (3)
165,A Turret (2 x 5.9-inch),"Fore, Port, Starboard","6""","13""","19""","26""",1,-1,1,"Fast Track, Twin-Linked"
165,Light Guns (3 x 5.9-inch),"Fore, Port, Starboard","5""","11""","17""","23""",2,-1,1,-
165,Port/Starboard G7a/T-1 Torpedoes,"Port, Starboard","2""","5""","7""","10""",4,-,3,"Devastating, One-Shot"
165,Port/Starboard G7a/T-1 Torpedoes,"Port, Starboard","2""","5""","7""","10""",4,-,3,"Devastating, One-Shot"
165,AA Battery,"Fore, Aft, Port, Starboard",-,-,-,-,-,-,-,Local (3)
166,A Turret (2 x 5.9-inch),"Fore, Port, Starboard","6""","13""","19""","26""",1,-1,1,"Fast Track, Twin-Linked"
166,Light Guns (2 x 5.9-inch),"Fore, Port, Starboard","5""","11""","17""","23""",1,-1,1,-
166,Port/Starboard G7a/T-1 Torpedoes,"Port, Starboard","2""","5""","7""","10""",4,-,3,"Devastating, One-Shot"
166,Port/Starboard G7a/T-1 Torpedoes,"Port, Starboard","2""","5""","7""","10""",4,-,3,"Devastating, One-Shot"
166,AA Battery,"Fore, Aft, Port, Starboard",-,-,-,-,-,-,-,Local (4)
167,A Turret (2 x 5.9-inch),"Fore, Port, Starboard","5""","11""","17""","23""",1,-1,1,Twin-Linked
167,Light Guns (3 x 5.9-inch),"Aft, Port, Starboard","5""","11""","17""","23""",2,-1,1,-
167,Port/Starboard G7a/T-1 Torpedoes,"Port, Starboard","2""","5""","7""","10""",4,-,3,"Devastating, One-Shot"
167,Port/Starboard G7a/T-1 Torpedoes,"Port, Starboard","2""","5""","7""","10""",4,-,3,"Devastating, One-Shot"
167,AA Battery,"Fore, Aft, Port, Starboard",-,-,-,-,-,-,-,Local (1)
168,Light Guns (3 x 5.9-inch),"Aft, Port, Starboard","5""","11""","17""","23""",3,-1,1,-
168,Port/Starboard G7a/T-1 Torpedoes,"Port, Starboard","2""","5""","7""","10""",4,-,3,"Devastating, One-Shot"
168,Port/Starboard G7a/T-1 Torpedoes,"Port, Starboard","2""","5""","7""","10""",4,-,3,"Devastating, One-Shot"
168,AA Battery,"Fore, Aft, Port, Starboard",-,-,-,-,-,-,-,Local (1)
169,A Turret (2 x 5.9-inch),"Fore, Port, Starboard","5""","11""","17""","23""",1,-1,1,Twin-Linked
169,Light Guns (3 x 5.9-inch),"Aft, Port, Starboard","5""","11""","17""","23""",2,-1,1,-
169,Port/Starboard G7a/T-1 Torpedoes,"Port, Starboard","2""","5""","7""","10""",4,-,3,"Devastating, One-Shot"
169,Port/Starboard G7a/T-1 Torpedoes,"Port, Starboard","2""","5""","7""","10""",4,-,3,"Devastating, One-Shot"
169,AA Battery,"Fore, Aft, Port, Starboard",-,-,-,-,-,-,-,Local (1)
170,Light Guns (3 x 5.9-inch),"Aft, Port, Starboard","5""","11""","17""","23""",3,-1,1,-
170,Light Guns (1 x 4.1-inch),"Fore, Port, Starboard","4""","9""","14""","19""",1,-2,1,"DP, Slow Loading, Weak"
170,Port/Starboard G7a/T-1 Torpedoes,"Port, Starboard","2""","5""","7""","10""",4,-,3,"Devastating, One-Shot"
170,Port/Starboard G7a/T-1 Torpedoes,"Port, Starboard","2""","5""","7""","10""",4,-,3,"Devastating, One-Shot"
170,AA Battery,"Fore, Aft, Port, Starboard",-,-,-,-,-,-,-,Local (4)
171,A Turret (2 x 5.9-inch),"Fore, Port, Starboard","5""","11""","17""","23""",1,-1,1,Twin-Linked
171,Light Guns (3 x 5.9-inch),"Aft, Port, Starboard","5""","11""","17""","23""",2,-1,1,-
171,Port/Starboard G7a/T-1 Torpedoes,"Port, Starboard","2""","5""","7""","10""",4,-,3,"Devastating, One-Shot"
171,Port/Starboard G7a/T-1 Torpedoes,"Port, Starboard","2""","5""","7""","10""",4,-,3,"Devastating, One-Shot"
171,AA Battery,"Fore, Aft, Port, Starboard",-,-,-,-,-,-,-,Local (4)
172,A Turret (2 x 5.9-inch),"Fore, Port, Starboard","5""","11""","17""","23""",1,-1,1,Twin-Linked
172,Light Guns (3 x 5.9-inch),"Aft, Port, Starboard","5""","11""","17""","23""",1,-1,1,-
172,Port/Starboard G7a/T-1 Torpedoes,"Port, Starboard","2""","5""","7""","10""",4,-,3,"Devastating, One-Shot"
172,Port/Starboard G7a/T-1 Torpedoes,"Port, Starboard","2""","5""","7""","10""",4,-,3,"Devastating, One-Shot"
172,AA Battery,"Fore, Aft, Port, Starboard","1""","2""","3""","5""",1,-,-,Local (2)
173,A Turret (2 x 5.9-inch),"Fore, Port, Starboard","5""","11""","17""","23""",1,-1,1,Twin-Linked
173,Light Guns (3 x 5.9-inch),"Aft, Port, Starboard","5""","11""","17""","23""",2,-1,1,-
173,Port/Starboard G7a/T-1 Torpedoes,"Port, Starboard","2""","5""","7""","10""",4,-,3,"Devastating, One-Shot"
173,Port/Starboard G7a/T-1 Torpedoes,"Port, Starboard","2""","5""","7""","10""",4,-,3,"Devastating, One-Shot"
173,AA Battery,"Fore, Aft, Port, Starboard",-,-,-,-,-,-,-,Local (2)
174,A Turret (2 x 5.9-inch),"Fore, Port, Starboard","5""","11""","17""","23""",1,-1,1,Twin-Linked
174,Light Guns (3 x 5.9-inch),"Aft, Port, Starboard","5""","11""","17""","23""",1,-1,1,-
174,Port/Starboard G7a/T-1 Torpedoes,"Port, Starboard","2""","5""","7""","10""",4,-,3,"Devastating, One-Shot"
174,Port/Starboard G7a/T-1 Torpedoes,"Port, Starboard","2""","5""","7""","10""",4,-,3,"Devastating, One-Shot"
174,AA Battery,"Fore, Aft, Port, Starboard",-,-,-,-,-,-,-,Local (4)
175,Light Guns (4 x 4.1-inch),"Fore, Aft, Port, Starboard","4""","8""","12""","17""",2,-2,1,Weak
175,Port/Starboard G7a/T-1 Torpedoes,"Port, Starboard","2""","5""","7""","10""",3,-,3,"Devastating, One-Shot"
175,Port/Starboard G7a/T-1 Torpedoes,"Port, Starboard","2""","5""","7""","10""",3,-,3,"Devastating, One-Shot"
175,AA Battery,"Fore, Aft, Port, Starboard",-,-,-,-,-,-,-,Local (1)
176,Light Guns (4 x 4.1-inch),"Fore, Aft, Port, Starboard","4""","8""","12""","17""",2,-2,1,Weak
176,Port/Starboard G7a/T-1 Torpedoes,"Port, Starboard","2""","5""","7""","10""",3,-,3,"Devastating, One-Shot"
176,Port/Starboard G7a/T-1 Torpedoes,"Port, Starboard","2""","5""","7""","10""",3,-,3,"Devastating, One-Shot"
176,AA Battery,"Fore, Aft, Port, Starboard",-,-,-,-,-,-,-,Local (2)
177,Light Guns (4 x 4.1-inch),"Fore, Aft, Port, Starboard","4""","8""","12""","17""",2,-2,1,Weak
177,Port/Starboard G7a/T-1 Torpedoes,"Port, Starboard","2""","5""","7""","10""",3,-,3,"Devastating, One-Shot"
177,Port/Starboard G7a/T-1 Torpedoes,"Port, Starboard","2""","5""","7""","10""",3,-,3,"Devastating, One-Shot"
177,AA Battery,"Fore, Aft, Port, Starboard",-,-,-,-,-,-,-,Local (2)
178,Light Guns (5 x 5-inch),"Fore, Aft, Port, Starboard","4""","9""","14""","19""",3,-1,1,Weak
178,Port/Starboard G7a/T-1 Torpedoes,"Port, Starboard","2""","5""","7""","10""",4,-,3,"Devastating, One-Shot"
178,Port/Starboard G7a/T-1 Torpedoes,"Port, Starboard","2""","5""","7""","10""",4,-,3,"Devastating, One-Shot"
178,AA Battery,"Fore, Aft, Port, Starboard",-,-,-,-,-,-,-,Local (1)
179,Light Guns (5 x 5-inch),"Fore, Aft, Port, Starboard","4""","9""","14""","19""",3,-1,1,Weak
179,Port/Starboard G7a/T-1 Torpedoes,"Port, Starboard","2""","5""","7""","10""",4,-,3,"Devastating, One-Shot"
179,Port/Starboard G7a/T-1 Torpedoes,"Port, Starboard","2""","5""","7""","10""",4,-,3,"Devastating, One-Shot"
179,AA Battery,"Fore, Aft, Port, Starboard",-,-,-,-,-,-,-,Local (1)
180,Light Guns (5 x 5-inch),"Fore, Aft, Port, Starboard","4""","9""","14""","19""",3,-1,1,Weak
180,Port/Starboard G7a/T-1 Torpedoes,"Port, Starboard","2""","5""","7""","10""",4,-,3,"Devastating, One-Shot"
180,Port/Starboard G7a/T-1 Torpedoes,"Port, Starboard","2""","5""","7""","10""",4,-,3,"Devastating, One-Shot"
180,AA Battery,"Fore, Aft, Port, Starboard",-,-,-,-,-,-,-,Local (2)
181,Light Guns (5 x 5-inch),"Fore, Aft, Port, Starboard","4""","9""","14""","19""",3,-1,1,Weak
181,Port/Starboard G7a/T-1 Torpedoes,"Port, Starboard","2""","5""","7""","10""",4,-,3,"Devastating, One-Shot"
181,Port/Starboard G7a/T-1 Torpedoes,"Port, Starboard","2""","5""","7""","10""",4,-,3,"Devastating, One-Shot"
181,AA Battery,"Fore, Aft, Port, Starboard",-,-,-,-,-,-,-,Local (3)
182,Light Guns (5 x 4.7-inch),"Fore, Aft, Port, Starboard","5""","10""","15""","21""",2,-2,1,"DP, Weak"
182,Port/Starboard G7a/T-1 Torpedoes,"Port, Starboard","2""","5""","7""","10""",4,-,3,"Devastating, One-Shot"
182,Port/Starboard G7a/T-1 Torpedoes,"Port, Starboard","2""","5""","7""","10""",4,-,3,"Devastating, One-Shot"
182,AA Battery,"Fore, Aft, Port, Starboard",-,-,-,-,-,-,-,Local (1)
183,Light Guns (4 x 4.7-inch),"Fore, Aft, Port, Starboard","5""","10""","15""","21""",2,-2,1,Weak
183,Port/Starboard Si 270M Torpedoes,"Port, Starboard","2""","4""","6""","8""",3,-,2,"Devastating, One-Shot"
183,AA Battery,"Fore, Aft, Port, Starboard",-,-,-,-,-,-,-,Local (2)
184,Light Guns (6 x 4.7-inch),"Fore, Aft, Port, Starboard","6""","12""","18""","24""",3,-2,1,Weak
184,Port/Starboard Si 270M Torpedoes,"Port, Starboard","2""","4""","6""","8""",3,-,2,"Devastating, One-Shot"
184,AA Battery,"Fore, Aft, Port, Starboard",-,-,-,-,-,-,-,Local (2)
185,Light Guns (1 x 5-inch),"Aft, Port, Starboard","2""","4""","6""","8""",1,-2,1,Weak
185,AA Battery,"Fore, Aft, Port, Starboard",-,-,-,-,-,-,-,Local (1)
186,Light Guns (1 x 5-inch),"Aft, Port, Starboard","4""","9""","13""","18""",1,-2,1,Weak
186,AA Battery,"Fore, Aft, Port, Starboard","1""","3""","4""","6""",1,-,-,Local (1)
187,Light Guns (1 x 5-inch),"Aft, Port, Starboard","4""","9""","13""","18""",1,-2,1,Weak
187,AA Battery,"Fore, Aft, Port, Starboard","1""","3""","4""","6""",2,-,-,Local (1)
188,Light Guns (8 x 6-inch),"Fore, Aft, Port, Starboard","3""","6""","9""","13""",6,-2,1,"Restricted, Weak"
188,AA Battery,"Fore, Aft, Port, Starboard",-,-,-,-,-,-,-,Local (1)
189,Light Guns (1 x 5-inch),"Aft, Port, Starboard","4""","9""","13""","18""",1,-2,1,"DP, Slow-Loading, Weak"
189,AA Battery,"Fore, Aft, Port, Starboard","1""","3""","4""","6""",1,-,-,Local (1)
190,Light Guns (1 x 4-inch),"Aft, Port, Starboard","3""","6""","9""","12""",1,-2,1,"Weak, Slow-Loading"
190,AA Battery,"Fore, Aft, Port, Starboard",-,-,-,-,-,-,-,Local (1)
191,Light Guns (1 x 5-inch),"Aft, Port, Starboard","4""","8""","12""","16""",1,-2,1,"Weak, Slow-Loading"
191,AA Battery,"Fore, Aft, Port, Starboard",-,-,-,-,-,-,-,Local (1)
192,Light Guns (1 x 5-inch),"Aft, Port, Starboard","4""","9""","13""","18""",1,-2,1,"DP, Slow-Loading, Weak"
192,AA Battery,"Fore, Aft, Port, Starboard","1""","3""","4""","6""",1,-,-,Local (1)
193,Light Guns (1 x 5-inch),"Aft, Port, Starboard","4""","9""","13""","18""",1,-2,1,"DP, Slow-Loading, Weak"
193,AA Battery,"Fore, Aft, Port, Starboard","1""","3""","4""","6""",3,-,-,Local (1)
194,Light Guns (2 x 4.7-inch),"Fore, Aft, Port, Starboard","3""","7""","10""","14""",1,-2,1,"Slow-Loading, Weak"
194,Fore Si 250I Torpedoes,Fore,"1""","3""","4""","6""",4,-,2,"Devastating, Slow-Loading"
194,Aft Si 250I Torpedoes,"Fore, Aft, Port, Starboard","1""","3""","4""","6""",4,-,2,"Devastating, Slow-Loading"
194,AA Battery,"Fore, Aft, Port, Starboard",-,-,-,-,-,-,-,Local (1)
195,Light Guns (4 x 4.7-inch),"Fore, Aft, Port, Starboard","4""","8""","12""","16""",2,-2,1,"Restricted, Weak"
195,AA Battery,"Fore, Aft, Port, Starboard",-,-,-,-,-,-,-,Local (1)
196,Light Guns (1 x 4-inch),"Aft, Port, Starboard","3""","6""","9""","12""",1,-2,1,"Weak, Slow-Loading"
196,AA Battery,"Fore, Aft, Port, Starboard",-,-,-,-,-,-,-,Local (0)
197,Light Guns (1 x 4-inch),"Aft, Port, Starboard","3""","6""","9""","12""",1,-2,1,"Weak, Slow-Loading"
197,AA Battery,"Fore, Aft, Port, Starboard",-,-,-,-,-,-,-,Local (1)
198,Light Guns (1 x 5-inch),"Aft, Port, Starboard","4""","9""","13""","18""",1,-2,1,"DP, Slow-Loading, Weak"
198,AA Battery,"Fore, Aft, Port, Starboard","1""","3""","4""","6""",1,-,-,Local (1)
199,A Turret (3 x 12.6-inch),"Fore, Port, Starboard","8""","16""","24""","32""",3,1,2,-
199,B Turret (2 x 12.6-inch),"Fore, Port, Starboard","8""","16""","24""","32""",3,1,2,-
199,X Turret (2 x 12.6-inch),"Aft, Port, Starboard","8""","16""","24""","32""",3,1,2,-
199,Y Turret (3 x 12.6-inch),"Aft, Port, Starboard","8""","16""","24""","32""",3,1,2,-
199,Light Guns (12 x 5.3-inch),"Fore, Aft, Port, Starboard","5""","10""","15""","21""",6,-1,1,"Weak, Restricted"
199,AA Battery,"Fore, Aft, Port, Starboard","1""","3""","4""","6""",3,-,-,Local (3)
200,A Turret (3 x 12.6-inch),"Fore, Port, Starboard","8""","16""","24""","32""",3,1,2,-
200,B Turret (2 x 12.6-inch),"Fore, Port, Starboard","8""","16""","24""","32""",3,1,2,-
200,X Turret (2 x 12.6-inch),"Aft, Port, Starboard","8""","16""","24""","32""",3,1,2,-
200,Y Turret (3 x 12.6-inch),"Aft, Port, Starboard","8""","16""","24""","32""",3,1,2,-
200,Light Guns (12 x 5.3-inch),"Fore, Aft, Port, Starboard","5""","10""","15""","21""",6,-1,1,"Weak, Restricted"
200,AA Battery,"Fore, Aft, Port, Starboard","1""","3""","4""","6""",3,-,-,Local (4)
201,A Turret (3 x 12.6-inch),"Fore, Port, Starboard","8""","16""","24""","32""",3,1,2,-
201,B Turret (2 x 12.6-inch),"Fore, Port, Starboard","8""","16""","24""","32""",3,1,2,-
201,X Turret (2 x 12.6-inch),"Aft, Port, Starboard","8""","16""","24""","32""",3,1,2,-
201,Y Turret (3 x 12.6-inch),"Aft, Port, Starboard","8""","16""","24""","32""",3,1,2,-
201,Light Guns (12 x 5.3-inch),"Fore, Aft, Port, Starboard","5""","10""","15""","21""",6,-1,1,"Weak, Restricted"
201,AA Battery,"Fore, Aft, Port, Starboard","1""","3""","4""","6""",3,-,-,Local (3)
202,A Turret (3 x 12.6-inch),"Fore, Port, Starboard","8""","16""","24""","32""",3,1,2,-
202,B Turret (2 x 12.6-inch),"Fore, Port, Starboard","8""","16""","24""","32""",3,1,2,-
202,X Turret (2 x 12.6-inch),"Aft, Port, Starboard","8""","16""","24""","32""",3,1,2,-
202,Y Turret (3 x 12.6-inch),"Aft, Port, Starboard","8""","16""","24""","32""",3,1,2,-
202,Light Guns (12 x 5.3-inch),"Fore, Aft, Port, Starboard","5""","10""","15""","21""",6,-1,1,"Weak, Restricted"
202,AA Battery,"Fore, Aft, Port, Starboard","1""","3""","4""","6""",3,-,-,Local (4)
203,A Turret (3 x 12.6-inch),"Fore, Port, Starboard","8""","16""","24""","32""",3,1,2,-
203,B Turret (2 x 12.6-inch),"Fore, Port, Starboard","8""","16""","24""","32""",3,1,2,-
203,X Turret (2 x 12.6-inch),"Aft, Port, Starboard","8""","16""","24""","32""",3,1,2,-
203,Y Turret (3 x 12.6-inch),"Aft, Port, Starboard","8""","16""","24""","32""",3,1,2,-
203,Light Guns (12 x 4.7-inch),"Fore, Aft, Port, Starboard","5""","10""","15""","21""",6,-2,1,"Weak, Restricted"
203,Light Guns (8 x 3.9-inch),"Fore, Aft, Port, Starboard","4""","8""","12""","17""",4,-2,1,"DP, Restricted, Weak"
203,AA Battery,"Fore, Aft, Port, Starboard",-,-,-,-,-,-,-,Local (3)
204,A Turret (3 x 12.6-inch),"Fore, Port, Starboard","8""","16""","24""","32""",3,1,2,-
204,B Turret (2 x 12.6-inch),"Fore, Port, Starboard","8""","16""","24""","32""",3,1,2,-
204,X Turret (2 x 12.6-inch),"Aft, Port, Starboard","8""","16""","24""","32""",3,1,2,-
204,Y Turret (3 x 12.6-inch),"Aft, Port, Starboard","8""","16""","24""","32""",3,1,2,-
204,Light Guns (12 x 4.7-inch),"Fore, Aft, Port, Starboard","5""","10""","15""","21""",6,-2,1,"Weak, Restricted"
204,Light Guns (8 x 3.9-inch),"Fore, Aft, Port, Starboard","4""","8""","12""","17""",4,-2,1,"DP, Restricted, Weak"
204,AA Battery,"Fore, Aft, Port, Starboard",-,-,-,-,-,-,-,Local (3)
205,A Turret (3 x 12.6-inch),"Fore, Port, Starboard","8""","16""","24""","32""",3,1,2,-
205,B Turret (2 x 12.6-inch),"Fore, Port, Starboard","8""","16""","24""","32""",3,1,2,-
205,X Turret (2 x 12.6-inch),"Aft, Port, Starboard","8""","16""","24""","32""",3,1,2,-
205,Y Turret (3 x 12.6-inch),"Aft, Port, Starboard","8""","16""","24""","32""",3,1,2,-
205,Light Guns (12 x 4.7-inch),"Fore, Aft, Port, Starboard","5""","10""","15""","21""",6,-2,1,"Weak, Restricted"
205,Light Guns (8 x 3.9-inch),"Fore, Aft, Port, Starboard","4""","8""","12""","17""",4,-2,1,"DP, Restricted, Weak"
205,AA Battery,"Fore, Aft, Port, Starboard",-,-,-,-,-,-,-,Local (4)
206,A Turret (3 x 15-inch),"Fore, Port, Starboard","11""","23""","34""","46""",3,2,3,-
206,B Turret (3 x 15-inch),"Fore, Port, Starboard","11""","23""","34""","46""",3,2,3,-
206,Y Turret (3 x 15-inch),"Aft, Port, Starboard","11""","23""","34""","46""",3,2,3,-
206,Light Guns (12 x 6-inch),"Fore, Aft, Port, Starboard","7""","14""","21""","28""",8,-1,1,Restricted
206,AA Battery,"Fore, Aft, Port, Starboard","1""","3""","4""","6""",3,-,-,Local (4)
207,A Turret (3 x 15-inch),"Fore, Port, Starboard","11""","23""","34""","46""",3,2,3,-
207,B Turret (3 x 15-inch),"Fore, Port, Starboard","11""","23""","34""","46""",3,2,3,-
207,Y Turret (3 x 15-inch),"Aft, Port, Starboard","11""","23""","34""","46""",3,2,3,-
207,Light Guns (12 x 6-inch),"Fore, Aft, Port, Starboard","7""","14""","21""","28""",8,-1,1,Restricted
207,AA Battery,"Fore, Aft, Port, Starboard","1""","3""","4""","6""",3,-,-,Local (5)
208,A Turret (3 x 15-inch),"Fore, Port, Starboard","11""","23""","34""","46""",3,2,3,-
208,B Turret (3 x 15-inch),"Fore, Port, Starboard","11""","23""","34""","46""",3,2,3,-
208,Y Turret (3 x 15-inch),"Aft, Port, Starboard","11""","23""","34""","46""",3,2,3,-
208,Light Guns (12 x 6-inch),"Fore, Aft, Port, Starboard","7""","14""","21""","28""",8,-1,1,Restricted
208,AA Battery,"Fore, Aft, Port, Starboard","1""","3""","4""","6""",3,-,-,Local (5)
209,Light Guns (8 x 5.3-inch),"Fore, Aft, Port, Starboard","5""","10""","15""","21""",4,-1,1,"Restricted, Weak"
209,AA Battery,"Fore, Aft, Port, Starboard",-,-,-,-,-,-,-,Local (6)
210,Light Guns (8 x 5.3-inch),"Fore, Aft, Port, Starboard","5""","10""","15""","21""",4,-1,1,"Restricted, Weak"
210,AA Battery,"Fore, Aft, Port, Starboard",-,-,-,-,-,-,-,Local (6)
211,Light Guns (8 x 5.3-inch),"Fore, Aft, Port, Starboard","5""","10""","15""","21""",4,-1,1,Weak
211,Port/Starboard Si 270M Torpedoes,"Port, Starboard","2""","4""","6""","8""",4,-,2,"Devastating, One-Shot"
211,Port/Starboard Si 270M Torpedoes,"Port, Starboard","2""","4""","6""","8""",4,-,2,"Devastating, One-Shot"
211,AA Battery,"Fore, Aft, Port, Starboard",-,-,-,-,-,-,-,Local (2)
212,Light Guns (8 x 5.3-inch),"Fore, Aft, Port, Starboard","5""","10""","15""","21""",4,-1,1,Weak
212,Port/Starboard Si 270M Torpedoes,"Port, Starboard","2""","4""","6""","8""",4,-,2,"Devastating, One-Shot"
212,Port/Starboard Si 270M Torpedoes,"Port, Starboard","2""","4""","6""","8""",4,-,2,"Devastating, One-Shot"
212,AA Battery,"Fore, Aft, Port, Starboard",-,-,-,-,-,-,-,Local (2)
213,A Turret (2 x 6 inch),"Fore, Port, Starboard","6""","12""","18""","25""",1,-1,1,"Fast Track, Twin-Linked"
213,B Turret (2 x 6 inch),"Fore, Port, Starboard","6""","12""","18""","25""",1,-1,1,"Fast Track, Twin-Linked"
213,X Turret (2 x 6 inch),"Aft, Port, Starboard","6""","12""","18""","25""",1,-1,1,"Fast Track, Twin-Linked"
213,Y Turret (2 x 6 inch),"Aft, Port, Starboard","6""","12""","18""","25""",1,-1,1,"Fast Track, Twin-Linked"
213,Light Guns (6 x 3.9 inch),"Fore, Aft, Port, Starboard","4""","8""","12""","17""",2,-2,1,"DP, Weak"
213,Port Si 270M Torpedoes,Port,"2""","4""","6""","8""",2,-,2,"Devastating, One-Shot"
213,Starboard Si 270M Torpedoes,Starboard,"2""","4""","6""","8""",2,-,2,"Devastating, One-Shot"
213,AA Battery,"Fore, Aft, Port, Starboard",-,-,-,-,-,-,-,Local (1)
214,A Turret (2 x 6 inch),"Fore, Port, Starboard","6""","12""","18""","25""",1,-1,1,"Fast Track, Twin-Linked"
214,B Turret (2 x 6 inch),"Fore, Port, Starboard","6""","12""","18""","25""",1,-1,1,"Fast Track, Twin-Linked"
214,X Turret (2 x 6 inch),"Aft, Port, Starboard","6""","12""","18""","25""",1,-1,1,"Fast Track, Twin-Linked"
214,Y Turret (2 x 6 inch),"Aft, Port, Starboard","6""","12""","18""","25""",1,-1,1,"Fast Track, Twin-Linked"
214,Light Guns (6 x 3.9 inch),"Fore, Aft, Port, Starboard","4""","8""","12""","17""",2,-2,1,"DP, Weak"
214,Port Si 270M Torpedoes,Port,"2""","4""","6""","8""",3,-,2,"Devastating, One-Shot"
214,Starboard Si 270M Torpedoes,Starboard,"2""","4""","6""","8""",3,-,2,"Devastating, One-Shot"
214,AA Battery,"Fore, Aft, Port, Starboard",-,-,-,-,-,-,-,Local (2)
215,A Turret (2 x 6 inch),"Fore, Port, Starboard","6""","12""","18""","25""",1,-1,1,"Fast Track, Twin-Linked"
215,B Turret (2 x 6 inch),"Fore, Port, Starboard","6""","12""","18""","25""",1,-1,1,"Fast Track, Twin-Linked"
215,X Turret (2 x 6 inch),"Aft, Port, Starboard","6""","12""","18""","25""",1,-1,1,"Fast Track, Twin-Linked"
215,Y Turret (2 x 6 inch),"Aft, Port, Starboard","6""","12""","18""","25""",1,-1,1,"Fast Track, Twin-Linked"
215,Light Guns (6 x 3.9 inch),"Fore, Aft, Port, Starboard","4""","8""","12""","17""",2,-2,1,"DP, Weak"
215,Port Si 270M Torpedoes,Port,"2""","4""","6""","8""",3,-,2,"Devastating, One-Shot"
215,Starboard Si 270M Torpedoes,Starboard,"2""","4""","6""","8""",3,-,2,"Devastating, One-Shot"
215,AA Battery,"Fore, Aft, Port, Starboard",-,-,-,-,-,-,-,Local (2)
216,A Turret (2 x 6 inch),"Fore, Port, Starboard","6""","12""","18""","25""",1,-1,1,"Fast Track, Twin-Linked"
216,B Turret (2 x 6 inch),"Fore, Port, Starboard","6""","12""","18""","25""",1,-1,1,"Fast Track, Twin-Linked"
216,X Turret (2 x 6 inch),"Aft, Port, Starboard","6""","12""","18""","25""",1,-1,1,"Fast Track, Twin-Linked"
216,Y Turret (2 x 6 inch),"Aft, Port, Starboard","6""","12""","18""","25""",1,-1,1,"Fast Track, Twin-Linked"
216,Light Guns (6 x 3.9 inch),"Fore, Aft, Port, Starboard","4""","8""","12""","17""",2,-2,1,"DP, Weak"
216,AA Battery,"Fore, Aft, Port, Starboard",-,-,-,-,-,-,-,Local (2)
217,A Turret (3 x 6-inch),"Fore, Port, Starboard","7""","14""","21""","28""",1,-1,2,Fast Track
217,B Turret (2 x 6 inch),"Fore, Port, Starboard","7""","14""","21""","28""",1,-1,1,"Fast Track, Twin-Linked"
217,X Turret (2 x 6-inch),"Aft, Port, Starboard","7""","14""","21""","28""",1,-1,1,"Fast Track, Twin-Linked"
217,Y Turret (3 x 6-inch),"Aft, Port, Starboard","7""","14""","21""","28""",1,-1,2,Fast Track
217,Light Guns (8 x 3.9-inch),"Fore, Aft, Port, Starboard","4""","8""","12""","17""",4,-2,1,"DP, Weak, Restricted"
217,Port Si 270M Torpedoes,Port,"2""","4""","6""","8""",3,-,2,"Devastating, One-Shot"
217,Starboard Si 270M Torpedoes,Starboard,"2""","4""","6""","8""",3,-,2,"Devastating, One-Shot"
217,AA Battery,"Fore, Aft, Port, Starboard",-,-,-,-,-,-,-,Local (2)
218,A Turret (3 x 6-inch),"Fore, Port, Starboard","7""","14""","21""","28""",1,-1,2,Fast Track
218,B Turret (2 x 6 inch),"Fore, Port, Starboard","7""","14""","21""","28""",1,-1,1,"Fast Track, Twin-Linked"
218,X Turret (2 x 6-inch),"Aft, Port, Starboard","7""","14""","21""","28""",1,-1,1,"Fast Track, Twin-Linked"
218,Y Turret (3 x 6-inch),"Aft, Port, Starboard","7""","14""","21""","28""",1,-1,2,Fast Track
218,Light Guns (8 x 3.9-inch),"Fore, Aft, Port, Starboard","4""","8""","12""","17""",4,-2,1,"DP, Weak, Restricted"
218,Port Si 270M Torpedoes,Port,"2""","4""","6""","8""",3,-,2,"Devastating, One-Shot"
218,Starboard Si 270M Torpedoes,Starboard,"2""","4""","6""","8""",3,-,2,"Devastating, One-Shot"
218,AA Battery,"Fore, Aft, Port, Starboard",-,-,-,-,-,-,-,Local (2)
219,A Turret (3 x 6-inch),"Fore, Port, Starboard","7""","14""","21""","28""",1,-1,2,Fast Track
219,B Turret (2 x 6 inch),"Fore, Port, Starboard","7""","14""","21""","28""",1,-1,1,"Fast Track, Twin-Linked"
219,X Turret (2 x 6-inch),"Aft, Port, Starboard","7""","14""","21""","28""",1,-1,1,"Fast Track, Twin-Linked"
219,Y Turret (3 x 6-inch),"Aft, Port, Starboard","7""","14""","21""","28""",1,-1,2,Fast Track
219,Light Guns (8 x 3.9-inch),"Fore, Aft, Port, Starboard","4""","8""","12""","17""",4,-2,1,"DP, Weak, Restricted"
219,AA Battery,"Fore, Aft, Port, Starboard",-,-,-,-,-,-,-,Local (2)
220,A Turret (3 x 6-inch),"Fore, Port, Starboard","7""","14""","21""","28""",1,-1,2,Fast Track
220,B Turret (2 x 6 inch),"Fore, Port, Starboard","7""","14""","21""","28""",1,-1,1,"Fast Track, Twin-Linked"
220,X Turret (2 x 6-inch),"Aft, Port, Starboard","7""","14""","21""","28""",1,-1,1,"Fast Track, Twin-Linked"
220,Y Turret (3 x 6-inch),"Aft, Port, Starboard","7""","14""","21""","28""",1,-1,2,Fast Track
220,Light Guns (8 x 3.9-inch),"Fore, Aft, Port, Starboard","4""","8""","12""","17""",4,-2,1,"DP, Weak, Restricted"
220,AA Battery,"Fore, Aft, Port, Starboard",-,-,-,-,-,-,-,Local (2)
221,A Turret (3 x 6-inch),"Fore, Port, Starboard","7""","14""","21""","28""",1,-1,2,Fast Track
221,B Turret (2 x 6 inch),"Fore, Port, Starboard","7""","14""","21""","28""",1,-1,1,"Fast Track, Twin-Linked"
221,X Turret (2 x 6-inch),"Aft, Port, Starboard","7""","14""","21""","28""",1,-1,1,"Fast Track, Twin-Linked"
221,Y Turret (3 x 6-inch),"Aft, Port, Starboard","7""","14""","21""","28""",1,-1,2,Fast Track
221,Light Guns (8 x 3.9-inch),"Fore, Aft, Port, Starboard","4""","8""","12""","17""",4,-2,1,"DP, Weak, Restricted"
221,Port Si 270M Torpedoes,Port,"2""","4""","6""","8""",3,-,2,"Devastating, One-Shot"
221,Starboard Si 270M Torpedoes,Starboard,"2""","4""","6""","8""",3,-,2,"Devastating, One-Shot"
221,AA Battery,"Fore, Aft, Port, Starboard",-,-,-,-,-,-,-,Local (2)
222,A Turret (3 x 6-inch),"Fore, Port, Starboard","7""","14""","21""","28""",1,-1,2,Fast Track
222,B Turret (2 x 6 inch),"Fore, Port, Starboard","7""","14""","21""","28""",1,-1,1,"Fast Track, Twin-Linked"
222,X Turret (2 x 6-inch),"Aft, Port, Starboard","7""","14""","21""","28""",1,-1,1,"Fast Track, Twin-Linked"
222,Y Turret (3 x 6-inch),"Aft, Port, Starboard","7""","14""","21""","28""",1,-1,2,Fast Track
222,Light Guns (8 x 3.9-inch),"Fore, Aft, Port, Starboard","4""","8""","12""","17""",4,-2,1,"DP, Weak, Restricted"
222,AA Battery,"Fore, Aft, Port, Starboard",-,-,-,-,-,-,-,Local (2)
223,A Turret (3 x 6-inch),"Fore, Port, Starboard","7""","14""","21""","28""",1,-1,2,Fast Track
223,B Turret (2 x 6 inch),"Fore, Port, Starboard","7""","14""","21""","28""",1,-1,1,"Fast Track, Twin-Linked"
223,X Turret (2 x 6-inch),"Aft, Port, Starboard","7""","14""","21""","28""",1,-1,1,"Fast Track, Twin-Linked"
223,Y Turret (3 x 6-inch),"Aft, Port, Starboard","7""","14""","21""","28""",1,-1,2,Fast Track
223,Light Guns (8 x 3.9-inch),"Fore, Aft, Port, Starboard","4""","8""","12""","17""",4,-2,1,"DP, Weak, Restricted"
223,AA Battery,"Fore, Aft, Port, Starboard",-,-,-,-,-,-,-,Local (2)
224,Light Guns (6 x 5.3-inch),"Fore, Aft, Port, Starboard","5""","10""","15""","21""",3,-1,1,"DP, Weak"
224,AA Battery,"Fore, Aft, Port, Starboard",-,-,-,-,-,-,-,Local (2)
225,A Turret (2 x 6 inch),"Fore, Port, Starboard","6""","12""","18""","25""",1,-1,1,"Twin-Linked, Fast-Track"
225,B Turret (2 x 6 inch),"Fore, Port, Starboard","6""","12""","18""","25""",1,-1,1,"Twin-Linked, Fast-Track"
225,X Turret (2 x 6-inch),"Aft, Port, Starboard","6""","12""","18""","25""",1,-1,1,"Twin-Linked, Fast-Track"
225,Y Turret (2 x 6 inch),"Aft, Port, Starboard","6""","12""","18""","25""",1,-1,1,"Twin-Linked, Fast-Track"
225,Light Guns (6 x 3.9 inch),"Fore, Aft, Port, Starboard","4""","8""","12""","17""",2,-2,1,"DP, Weak"
225,Port Si 270M Torpedoes,Port,"2""","4""","6""","8""",2,-,2,"Devastating, One-Shot"
225,Starboard Si 270M Torpedoes,Starboard,"2""","4""","6""","8""",2,-,2,"Devastating, One-Shot"
225,AA Battery,"Fore, Aft, Port, Starboard",-,-,-,-,-,-,-,Local (1)
226,A Turret (2 x 6 inch),"Fore, Port, Starboard","6""","12""","18""","25""",1,-1,1,"Twin-Linked, Fast-Track"
226,B Turret (2 x 6 inch),"Fore, Port, Starboard","6""","12""","18""","25""",1,-1,1,"Twin-Linked, Fast-Track"
226,X Turret (2 x 6-inch),"Aft, Port, Starboard","6""","12""","18""","25""",1,-1,1,"Twin-Linked, Fast-Track"
226,Y Turret (2 x 6 inch),"Aft, Port, Starboard","6""","12""","18""","25""",1,-1,1,"Twin-Linked, Fast-Track"
226,Light Guns (6 x 3.9 inch),"Fore, Aft, Port, Starboard","4""","8""","12""","17""",2,-2,1,"DP, Weak"
226,Port Si 270M Torpedoes,Port,"2""","4""","6""","8""",2,-,2,"Devastating, One-Shot"
226,Starboard Si 270M Torpedoes,Starboard,"2""","4""","6""","8""",2,-,2,"Devastating, One-Shot"
226,AA Battery,"Fore, Aft, Port, Starboard",-,-,-,-,-,-,-,Local (1)
227,A Turret (2 x 6 inch),"Fore, Port, Starboard","6""","12""","18""","25""",1,-1,1,"Twin-Linked, Fast-Track"
227,B Turret (2 x 6 inch),"Fore, Port, Starboard","6""","12""","18""","25""",1,-1,1,"Twin-Linked, Fast-Track"
227,X Turret (2 x 6-inch),"Aft, Port, Starboard","6""","12""","18""","25""",1,-1,1,"Twin-Linked, Fast-Track"
227,Y Turret (2 x 6 inch),"Aft, Port, Starboard","6""","12""","18""","25""",1,-1,1,"Twin-Linked, Fast-Track"
227,Light Guns (6 x 3.9 inch),"Fore, Aft, Port, Starboard","4""","8""","12""","17""",2,-2,1,"DP, Weak"
227,Port Si 270M Torpedoes,Port,"2""","4""","6""","8""",2,-,2,"Devastating, One-Shot"
227,Starboard Si 270M Torpedoes,Starboard,"2""","4""","6""","8""",2,-,2,"Devastating, One-Shot"
227,AA Battery,"Fore, Aft, Port, Starboard",-,-,-,-,-,-,-,Local (1)
228,A Turret (2 x 6 inch),"Fore, Port, Starboard","6""","12""","18""","25""",1,-1,1,"Twin-Linked, Fast-Track"
228,B Turret (2 x 6 inch),"Fore, Port, Starboard","6""","12""","18""","25""",1,-1,1,"Twin-Linked, Fast-Track"
228,X Turret (2 x 6-inch),"Aft, Port, Starboard","6""","12""","18""","25""",1,-1,1,"Twin-Linked, Fast-Track"
228,Y Turret (2 x 6 inch),"Aft, Port, Starboard","6""","12""","18""","25""",1,-1,1,"Twin-Linked, Fast-Track"
228,Light Guns (6 x 3.9 inch),"Fore, Aft, Port, Starboard","4""","8""","12""","17""",2,-2,1,"DP, Weak"
228,AA Battery,"Fore, Aft, Port, Starboard",-,-,-,-,-,-,-,Local (1)
229,A Turret (2 x 6 inch),"Fore, Port, Starboard","6""","12""","18""","25""",1,-1,1,"Twin-Linked, Fast-Track"
229,B Turret (2 x 6 inch),"Fore, Port, Starboard","6""","12""","18""","25""",1,-1,1,"Twin-Linked, Fast-Track"
229,X Turret (2 x 6-inch),"Aft, Port, Starboard","6""","12""","18""","25""",1,-1,1,"Twin-Linked, Fast-Track"
229,Y Turret (2 x 6 inch),"Aft, Port, Starboard","6""","12""","18""","25""",1,-1,1,"Twin-Linked, Fast-Track"
229,Light Guns (6 x 3.9 inch),"Fore, Aft, Port, Starboard","4""","8""","12""","17""",2,-2,1,"DP, Weak"
229,Port Si 270M Torpedoes,Port,"2""","4""","6""","8""",2,-,2,"Devastating, One-Shot"
229,Starboard Si 270M Torpedoes,Starboard,"2""","4""","6""","8""",2,-,2,"Devastating, One-Shot"
229,AA Battery,"Fore, Aft, Port, Starboard",-,-,-,-,-,-,-,Local (2)
230,A Turret (2 x 6 inch),"Fore, Port, Starboard","6""","12""","18""","25""",1,-1,1,"Twin-Linked, Fast-Track"
230,B Turret (2 x 6 inch),"Fore, Port, Starboard","6""","12""","18""","25""",1,-1,1,"Twin-Linked, Fast-Track"
230,X Turret (2 x 6-inch),"Aft, Port, Starboard","6""","12""","18""","25""",1,-1,1,"Twin-Linked, Fast-Track"
230,Y Turret (2 x 6 inch),"Aft, Port, Starboard","6""","12""","18""","25""",1,-1,1,"Twin-Linked, Fast-Track"
230,Light Guns (6 x 3.9 inch),"Fore, Aft, Port, Starboard","4""","8""","12""","17""",2,-2,1,"DP, Weak"
230,Port Si 270M Torpedoes,Port,"2""","4""","6""","8""",2,-,2,"Devastating, One-Shot"
230,Starboard Si 270M Torpedoes,Starboard,"2""","4""","6""","8""",2,-,2,"Devastating, One-Shot"
230,AA Battery,"Fore, Aft, Port, Starboard",-,-,-,-,-,-,-,Local (3)
231,A Turret (2 x 6 inch),"Fore, Port, Starboard","6""","12""","18""","25""",1,-1,1,"Twin-Linked, Fast-Track"
231,B Turret (2 x 6 inch),"Fore, Port, Starboard","6""","12""","18""","25""",1,-1,1,"Twin-Linked, Fast-Track"
231,X Turret (2 x 6-inch),"Aft, Port, Starboard","6""","12""","18""","25""",1,-1,1,"Twin-Linked, Fast-Track"
231,Y Turret (2 x 6 inch),"Aft, Port, Starboard","6""","12""","18""","25""",1,-1,1,"Twin-Linked, Fast-Track"
231,Light Guns (6 x 3.9 inch),"Fore, Aft, Port, Starboard","4""","8""","12""","17""",2,-2,1,"DP, Weak"
231,AA Battery,"Fore, Aft, Port, Starboard",-,-,-,-,-,-,-,Local (3)
232,A Turret (2 x 8-inch),"Fore, Port, Starboard","8""","17""","26""","35""",2,-,1,-
232,B Turret (2 x 8-inch),"Fore, Port, Starboard","8""","17""","26""","35""",2,-,1,-
232,X Turret (2 x 8-inch),"Aft, Port, Starboard","8""","17""","26""","35""",2,-,1,-
232,Y Turret (2 x 8-inch),"Aft, Port, Starboard","8""","17""","26""","35""",2,-,1,-
232,Light Guns (12 x 3.9-inch),"Fore, Aft, Port, Starboard","4""","8""","12""","17""",4,-2,1,"DP, Weak, Restricted"
232,Port Si 270M Torpedoes,Port,"2""","4""","6""","8""",2,-,2,"Devastating, One-Shot"
232,Port Si 270M Torpedoes,Port,"2""","4""","6""","8""",2,-,2,"Devastating, One-Shot"
232,Starboard Si 270M Torpedoes,Starboard,"2""","4""","6""","8""",2,-,2,"Devastating, One-Shot"
232,Starboard Si 270M Torpedoes,Starboard,"2""","4""","6""","8""",2,-,2,"Devastating, One-Shot"
232,AA Battery,"Fore, Aft, Port, Starboard",-,-,-,-,-,-,-,Local (2)
233,A Turret (2 x 8-inch),"Fore, Port, Starboard","9""","18""","27""","37""",2,-,1,-
233,B Turret (2 x 8-inch),"Fore, Port, Starboard","9""","18""","27""","37""",2,-,1,-
233,X Turret (2 x 8-inch),"Aft, Port, Starboard","9""","18""","27""","37""",2,-,1,-
233,Y Turret (2 x 8-inch),"Aft, Port, Starboard","9""","18""","27""","37""",2,-,1,-
233,Light Guns (12 x 3.9-inch),"Fore, Aft, Port, Starboard","4""","8""","12""","17""",4,-2,1,"DP, Weak, Restricted"
233,Port Si 270M Torpedoes,Port,"2""","4""","6""","8""",2,-,2,"Devastating, One-Shot"
233,Port Si 270M Torpedoes,Port,"2""","4""","6""","8""",2,-,2,"Devastating, One-Shot"
233,Starboard Si 270M Torpedoes,Starboard,"2""","4""","6""","8""",2,-,2,"Devastating, One-Shot"
233,Starboard Si 270M Torpedoes,Starboard,"2""","4""","6""","8""",2,-,2,"Devastating, One-Shot"
233,AA Battery,"Fore, Aft, Port, Starboard",-,-,-,-,-,-,-,Local (2)
234,A Turret (2 x 8-inch),"Fore, Port, Starboard","9""","18""","27""","37""",2,-,1,-
234,B Turret (2 x 8-inch),"Fore, Port, Starboard","9""","18""","27""","37""",2,-,1,-
234,X Turret (2 x 8-inch),"Aft, Port, Starboard","9""","18""","27""","37""",2,-,1,-
234,Y Turret (2 x 8-inch),"Aft, Port, Starboard","9""","18""","27""","37""",2,-,1,-
234,Light Guns (12 x 3.9-inch),"Fore, Aft, Port, Starboard","4""","8""","12""","17""",4,-2,1,"DP, Weak, Restricted"
234,AA Battery,"Fore, Aft, Port, Starboard",-,-,-,-,-,-,-,Local (2)
235,A Turret (2 x 8-inch),"Fore, Port, Starboard","9""","18""","27""","37""",2,-,1,-
235,B Turret (2 x 8-inch),"Fore, Port, Starboard","9""","18""","27""","37""",2,-,1,-
235,X Turret (2 x 8-inch),"Aft, Port, Starboard","9""","18""","27""","37""",2,-,1,-
235,Y Turret (2 x 8-inch),"Aft, Port, Starboard","9""","18""","27""","37""",2,-,1,-
235,Light Guns (12 x 3.9-inch),"Fore, Aft, Port, Starboard","4""","8""","12""","17""",4,-2,1,"DP, Weak, Restricted"
235,AA Battery,"Fore, Aft, Port, Starboard",-,-,-,-,-,-,-,Local (2)
236,A Turret (2 x 8-inch),"Fore, Port, Starboard","9""","18""","27""","37""",2,-,1,-
236,B Turret (2 x 8-inch),"Fore, Port, Starboard","9""","18""","27""","37""",2,-,1,-
236,X Turret (2 x 8-inch),"Aft, Port, Starboard","9""","18""","27""","37""",2,-,1,-
236,Y Turret (2 x 8-inch),"Aft, Port, Starboard","9""","18""","27""","37""",2,-,1,-
236,Light Guns (12 x 3.9-inch),"Fore, Aft, Port, Starboard","4""","8""","12""","17""",4,-2,1,"DP, Weak, Restricted"
236,AA Battery,"Fore, Aft, Port, Starboard",-,-,-,-,-,-,-,Local (2)
237,A Turret (2 x 8-inch),"Fore, Port, Starboard","9""","18""","27""","37""",2,-,1,-
237,B Turret (2 x 8-inch),"Fore, Port, Starboard","9""","18""","27""","37""",2,-,1,-
237,X Turret (2 x 8-inch),"Aft, Port, Starboard","9""","18""","27""","37""",2,-,1,-
237,Y Turret (2 x 8-inch),"Aft, Port, Starboard","9""","18""","27""","37""",2,-,1,-
237,Light Guns (12 x 3.9-inch),"Fore, Aft, Port, Starboard","4""","8""","12""","17""",4,-2,1,"DP, Weak, Restricted"
237,AA Battery,"Fore, Aft, Port, Starboard",-,-,-,-,-,-,-,Local (2)
238,A Turret (2 x 8-inch),"Fore, Port, Starboard","9""","18""","27""","37""",2,-,1,-
238,B Turret (2 x 8-inch),"Fore, Port, Starboard","9""","18""","27""","37""",2,-,1,-
238,X Turret (2 x 8-inch),"Aft, Port, Starboard","9""","18""","27""","37""",2,-,1,-
238,Y Turret (2 x 8-inch),"Aft, Port, Starboard","9""","18""","27""","37""",2,-,1,-
238,Light Guns (12 x 3.9-inch),"Fore, Aft, Port, Starboard","4""","8""","12""","17""",4,-2,1,"DP, Weak, Restricted"
238,AA Battery,"Fore, Aft, Port, Starboard",-,-,-,-,-,-,-,Local (3)
239,Light Guns (4 x 4.7-inch),"Fore, Aft, Port, Starboard","5""","10""","15""","21""",2,-2,1,Weak
239,Port/Starboard Si 270M Torpedoes,"Port, Starboard","2""","4""","6""","8""",3,-,2,"Devastating, One-Shot"
239,Port/Starboard Si 270M Torpedoes,"Port, Starboard","2""","4""","6""","8""",3,-,2,"Devastating, One-Shot"
239,AA Battery,"Fore, Aft, Port, Starboard",-,-,-,-,-,-,-,Local (1)
240,Light Guns (4 x 4.7-inch),"Fore, Aft, Port, Starboard","5""","10""","15""","21""",2,-2,1,Weak
240,Port/Starboard Si 270M Torpedoes,"Port, Starboard","2""","4""","6""","8""",3,-,2,"Devastating, One-Shot"
240,AA Battery,"Fore, Aft, Port, Starboard",-,-,-,-,-,-,-,Local (2)
241,Light Guns (4 x 4.7-inch),"Fore, Aft, Port, Starboard","5""","10""","15""","21""",2,-2,1,Weak
241,Port/Starboard Si 270M Torpedoes,"Port, Starboard","2""","4""","6""","8""",3,-,2,"Devastating, One-Shot"
241,Port/Starboard Si 270M Torpedoes,"Port, Starboard","2""","4""","6""","8""",3,-,2,"Devastating, One-Shot"
241,AA Battery,"Fore, Aft, Port, Starboard",-,-,-,-,-,-,-,Local (1)
242,Light Guns (4 x 4.7-inch),"Fore, Aft, Port, Starboard","5""","10""","15""","21""",2,-2,1,Weak
242,Port/Starboard Si 270M Torpedoes,"Port, Starboard","2""","4""","6""","8""",3,-,2,"Devastating, One-Shot"
242,AA Battery,"Fore, Aft, Port, Starboard",-,-,-,-,-,-,-,Local (2)
243,Light Guns (4 x 4.7-inch),"Fore, Aft, Port, Starboard","5""","10""","15""","20""",2,-2,1,Weak
243,Port/Starboard Si 270M Torpedoes,"Port, Starboard","2""","4""","6""","8""",3,-,2,"Devastating, One-Shot"
243,Port/Starboard Si 270M Torpedoes,"Port, Starboard","2""","4""","6""","8""",3,-,2,"Devastating, One-Shot"
243,AA Battery,"Fore, Aft, Port, Starboard",-,-,-,-,-,-,-,Local (1)
244,Light Guns (4 x 4.7-inch),"Fore, Aft, Port, Starboard","5""","10""","15""","20""",2,-2,1,Weak
244,Port/Starboard Si 270M Torpedoes,"Port, Starboard","2""","4""","6""","8""",3,-,2,"Devastating, One-Shot"
244,Port/Starboard Si 270M Torpedoes,"Port, Starboard","2""","4""","6""","8""",3,-,2,"Devastating, One-Shot"
244,AA Battery,"Fore, Aft, Port, Starboard",-,-,-,-,-,-,-,Local (1)
245,Light Guns (4 x 4.7-inch),"Fore, Aft, Port, Starboard","5""","10""","15""","20""",2,-2,1,Weak
245,Port/Starboard Si 270M Torpedoes,"Port, Starboard","2""","4""","6""","8""",3,-,2,"Devastating, One-Shot"
245,Port/Starboard Si 270M Torpedoes,"Port, Starboard","2""","4""","6""","8""",3,-,2,"Devastating, One-Shot"
245,AA Battery,"Fore, Aft, Port, Starboard",-,-,-,-,-,-,-,Local (1)
246,Light Guns (4 x 4.7-inch),"Fore, Aft, Port, Starboard","5""","10""","15""","20""",2,-2,1,Weak
246,Port/Starboard Si 270M Torpedoes,"Port, Starboard","2""","4""","6""","8""",3,-,2,"Devastating, One-Shot"
246,AA Battery,"Fore, Aft, Port, Starboard",-,-,-,-,-,-,-,Local (2)
247,Light Guns (4 x 4.7-inch),"Fore, Aft, Port, Starboard","5""","10""","15""","20""",2,-2,1,Weak
247,Port/Starboard Si 270M Torpedoes,"Port, Starboard","2""","4""","6""","8""",3,-,2,"Devastating, One-Shot"
247,Port/Starboard Si 270M Torpedoes,"Port, Starboard","2""","4""","6""","8""",3,-,2,"Devastating, One-Shot"
247,AA Battery,"Fore, Aft, Port, Starboard",-,-,-,-,-,-,-,Local (1)
248,Light Guns (4 x 4.7-inch),"Fore, Aft, Port, Starboard","5""","10""","15""","20""",2,-2,1,Weak
248,Port/Starboard Si 270M Torpedoes,"Port, Starboard","2""","4""","6""","8""",3,-,2,"Devastating, One-Shot"
248,AA Battery,"Fore, Aft, Port, Starboard",-,-,-,-,-,-,-,Local (2)
249,Light Guns (6 x 4.7-inch),"Fore, Aft, Port, Starboard","6""","12""","18""","24""",3,-2,1,Weak
249,Port/Starboard Si 270M Torpedoes,"Port, Starboard","2""","4""","6""","8""",2,-,2,"Devastating, One-Shot"
249,Port/Starboard Si 270M Torpedoes,"Port, Starboard","2""","4""","6""","8""",2,-,2,"Devastating, One-Shot"
249,AA Battery,"Fore, Aft, Port, Starboard",-,-,-,-,-,-,-,Local (1)
250,Light Guns (6 x 4.7-inch),"Fore, Aft, Port, Starboard","6""","12""","18""","24""",3,-2,1,Weak
250,Port/Starboard Si 270M Torpedoes,"Port, Starboard","2""","4""","6""","8""",2,-,2,"Devastating, One-Shot"
250,Port/Starboard Si 270M Torpedoes,"Port, Starboard","2""","4""","6""","8""",2,-,2,"Devastating, One-Shot"
250,AA Battery,"Fore, Aft, Port, Starboard",-,-,-,-,-,-,-,Local (1)
251,Light Guns (6 x 4.7-inch),"Fore, Aft, Port, Starboard","6""","12""","18""","24""",3,-2,1,Weak
251,Port/Starboard Si 270M Torpedoes,"Port, Starboard","2""","4""","6""","8""",3,-,2,"Devastating, One-Shot"
251,Port/Starboard Si 270M Torpedoes,"Port, Starboard","2""","4""","6""","8""",3,-,2,"Devastating, One-Shot"
251,AA Battery,"Fore, Aft, Port, Starboard",-,-,-,-,-,-,-,Local (1)
252,Light Guns (6 x 4.7-inch),"Fore, Aft, Port, Starboard","6""","12""","18""","24""",3,-2,1,Weak
252,Port/Starboard Si 270M Torpedoes,"Port, Starboard","2""","4""","6""","8""",2,-,2,"Devastating, One-Shot"
252,AA Battery,"Fore, Aft, Port, Starboard",-,-,-,-,-,-,-,Local (2)
253,Light Guns (6 x 4.7-inch),"Fore, Aft, Port, Starboard","6""","12""","18""","24""",3,-2,1,Weak
253,Port/Starboard Si 270M Torpedoes,"Port, Starboard","2""","4""","6""","8""",2,-,2,"Devastating, One-Shot"
253,AA Battery,"Fore, Aft, Port, Starboard",-,-,-,-,-,-,-,Local (2)
254,Light Guns (6 x 4.7-inch),"Fore, Aft, Port, Starboard","6""","12""","18""","24""",3,-2,1,Weak
254,Port/Starboard Si 270M Torpedoes,"Port, Starboard","2""","4""","6""","8""",2,-,2,"Devastating, One-Shot"
254,AA Battery,"Fore, Aft, Port, Starboard",-,-,-,-,-,-,-,Local (2)
255,Light Guns (6 x 4.7-inch),"Fore, Aft, Port, Starboard","6""","12""","18""","24""",3,-2,1,Weak
255,Port/Starboard Si 270M Torpedoes,"Port, Starboard","2""","4""","6""","8""",3,-,2,"Devastating, One-Shot"
255,AA Battery,"Fore, Aft, Port, Starboard",-,-,-,-,-,-,-,Local (2)
256,Light Guns (4 x 4.7-inch),"Fore, Aft, Port, Starboard","5""","10""","15""","20""",2,-2,1,Weak
256,Port/Starboard Si 270M Torpedoes,"Port, Starboard","2""","4""","6""","8""",3,-,2,"Devastating, One-Shot"
256,Port/Starboard Si 270M Torpedoes,"Port, Starboard","2""","4""","6""","8""",3,-,2,"Devastating, One-Shot"
256,AA Battery,"Fore, Aft, Port, Starboard",-,-,-,-,-,-,-,Local (1)
257,Light Guns (4 x 4.7-inch),"Fore, Aft, Port, Starboard","5""","10""","15""","20""",2,-2,1,Weak
257,Port/Starboard Si 270M Torpedoes,"Port, Starboard","2""","4""","6""","8""",3,-,2,"Devastating, One-Shot"
257,AA Battery,"Fore, Aft, Port, Starboard",-,-,-,-,-,-,-,Local (2)
258,Light Guns (4 x 4.7-inch),"Fore, Aft, Port, Starboard","5""","10""","15""","21""",2,-2,1,Weak
258,Port/Starboard Si 270M Torpedoes,"Port, Starboard","2""","4""","6""","8""",2,-,2,"Devastating, One-Shot"
258,Port/Starboard Si 270M Torpedoes,"Port, Starboard","2""","4""","6""","8""",2,-,2,"Devastating, One-Shot"
258,AA Battery,"Fore, Aft, Port, Starboard",-,-,-,-,-,-,-,Local (1)
259,Light Guns (4 x 4.7-inch),"Fore, Aft, Port, Starboard","5""","10""","15""","21""",2,-2,1,Weak
259,Port/Starboard Si 270M Torpedoes,"Port, Starboard","2""","4""","6""","8""",2,-,2,"Devastating, One-Shot"
259,Port/Starboard Si 270M Torpedoes,"Port, Starboard","2""","4""","6""","8""",2,-,2,"Devastating, One-Shot"
259,AA Battery,"Fore, Aft, Port, Starboard",-,-,-,-,-,-,-,Local (1)
260,Light Guns (4 x 4.7-inch),"Fore, Aft, Port, Starboard","5""","10""","15""","21""",2,-2,1,Weak
260,Port/Starboard Si 270M Torpedoes,"Port, Starboard","2""","4""","6""","8""",2,-,2,"Devastating, One-Shot"
260,Port/Starboard Si 270M Torpedoes,"Port, Starboard","2""","4""","6""","8""",2,-,2,"Devastating, One-Shot"
260,AA Battery,"Fore, Aft, Port, Starboard",-,-,-,-,-,-,-,Local (1)
261,Light Guns (4 x 4.7-inch),"Fore, Aft, Port, Starboard","5""","10""","15""","21""",2,-2,1,Weak
261,Port/Starboard Si 270M Torpedoes,"Port, Starboard","2""","4""","6""","8""",2,-,2,"Devastating, One-Shot"
261,AA Battery,"Fore, Aft, Port, Starboard",-,-,-,-,-,-,-,Local (2)
262,Light Guns (4 x 4.7-inch),"Fore, Aft, Port, Starboard","5""","10""","15""","21""",2,-2,1,Weak
262,Port/Starboard Si 270M Torpedoes,"Port, Starboard","2""","4""","6""","8""",2,-,2,"Devastating, One-Shot"
262,AA Battery,"Fore, Aft, Port, Starboard",-,-,-,-,-,-,-,Local (2)
263,Light Guns (4 x 4.7-inch),"Fore, Aft, Port, Starboard","5""","10""","15""","21""",2,-2,1,Weak
263,Port/Starboard Si 270M Torpedoes,"Port, Starboard","2""","4""","6""","8""",2,-,2,"Devastating, One-Shot"
263,AA Battery,"Fore, Aft, Port, Starboard",-,-,-,-,-,-,-,Local (2)
264,Light Guns (1 x 5-inch),"Aft, Port, Starboard","2""","4""","6""","8""",1,-2,1,Weak
264,AA Battery,"Fore, Aft, Port, Starboard",-,-,-,-,-,-,-,Local (1)
265,Light Guns (1 x 5-inch),"Aft, Port, Starboard","4""","9""","13""","18""",1,-2,1,Weak
265,AA Battery,"Fore, Aft, Port, Starboard","1""","3""","4""","6""",1,-,-,Local (1)
266,Light Guns (1 x 5-inch),"Aft, Port, Starboard","4""","9""","13""","18""",1,-2,1,Weak
266,AA Battery,"Fore, Aft, Port, Starboard","1""","3""","4""","6""",2,-,-,Local (1)
267,Light Guns (8 x 6-inch),"Fore, Aft, Port, Starboard","3""","6""","9""","13""",6,-2,1,"Restricted, Weak"
267,AA Battery,"Fore, Aft, Port, Starboard",-,-,-,-,-,-,-,Local (1)
268,Light Guns (1 x 5-inch),"Aft, Port, Starboard","4""","9""","13""","18""",1,-2,1,"DP, Slow-Loading, Weak"
268,AA Battery,"Fore, Aft, Port, Starboard","1""","3""","4""","6""",1,-,-,Local (1)
269,Light Guns (1 x 4-inch),"Aft, Port, Starboard","3""","6""","9""","12""",1,-2,1,"Weak, Slow-Loading"
269,AA Battery,"Fore, Aft, Port, Starboard",-,-,-,-,-,-,-,Local (1)
270,Light Guns (1 x 5-inch),"Aft, Port, Starboard","4""","8""","12""","16""",1,-2,1,"Weak, Slow-Loading"
270,AA Battery,"Fore, Aft, Port, Starboard",-,-,-,-,-,-,-,Local (1)
271,Light Guns (1 x 5-inch),"Aft, Port, Starboard","4""","9""","13""","18""",1,-2,1,"DP, Slow-Loading, Weak"
271,AA Battery,"Fore, Aft, Port, Starboard","1""","3""","4""","6""",1,-,-,Local (1)
272,Light Guns (1 x 5-inch),"Aft, Port, Starboard","4""","9""","13""","18""",1,-2,1,"DP, Slow-Loading, Weak"
272,AA Battery,"Fore, Aft, Port, Starboard","1""","3""","4""","6""",3,-,-,Local (1)
273,Light Guns (1 x 5.5-inch),"Fore, Port, Starboard","4""","9""","13""","18""",1,-2,1,"Slow-Loading, Weak"
273,Forward Type 95M1 Torpedoes,Fore,"3""","6""","9""","12""",8,-,3,"Devastating, Slow-Loading, Wakeless"
273,AA Battery,"Fore, Aft, Port, Starboard",-,-,-,-,-,-,-,Local (1)
274,Light Guns (1 x 4.7-inch),"Fore, Port, Starboard","4""","8""","12""","16""",1,-2,1,"Slow-Loading, Weak"
274,Forward Type 96 Torpedoes,Fore,"1""","3""","4""","6""",6,-,3,"Devastating, Slow-Loading"
274,AA Battery,"Fore, Aft, Port, Starboard",-,-,-,-,-,-,-,Local (1)
275,AA Battery,"Fore, Aft, Port, Starboard","1""","3""","4""","5""",1,-,-,Local (1)
276,Light Guns (4 x 4.7-inch),"Fore, Aft, Port, Starboard","4""","8""","12""","16""",2,-2,1,"Restricted, Weak"
276,AA Battery,"Fore, Aft, Port, Starboard",-,-,-,-,-,-,-,Local (1)
277,Light Guns (1 x 4-inch),"Aft, Port, Starboard","3""","6""","9""","12""",1,-2,1,"Weak, Slow-Loading"
277,AA Battery,"Fore, Aft, Port, Starboard",-,-,-,-,-,-,-,Local (0)
278,Light Guns (1 x 4-inch),"Aft, Port, Starboard","3""","6""","9""","12""",1,-2,1,"Weak, Slow-Loading"
278,AA Battery,"Fore, Aft, Port, Starboard",-,-,-,-,-,-,-,Local (1)
279,Light Guns (1 x 5-inch),"Aft, Port, Starboard","4""","9""","13""","18""",1,-2,1,"DP, Slow-Loading, Weak"
279,AA Battery,"Fore, Aft, Port, Starboard","1""","3""","4""","6""",1,-,-,Local (1)
280,A Turret (2 x 14-inch),"Fore, Port, Starboard","9""","19""","29""","39""",2,1,2,-
280,B Turret (2 x 14-inch),"Fore, Port, Starboard","9""","19""","29""","39""",2,1,2,-
280,Q Turret (2 x 14-inch),"Port, Starboard","9""","19""","29""","39""",2,1,2,-
280,R Turret (2 x 14-inch),"Port, Starboard","9""","19""","29""","39""",2,1,2,-
280,X Turret (2 x 14-inch),"Aft, Port, Starboard","9""","19""","29""","39""",2,1,2,-
280,Y Turret (2 x 14-inch),"Aft, Port, Starboard","9""","19""","29""","39""",2,1,2,-
280,Light Guns (14 x 6-inch),"Fore, Aft, Port, Starboard","5""","10""","15""","21""",8,-2,1,"Restricted, Weak"
280,Light Guns (8 x 5-inch),"Fore, Aft, Port, Starboard","4""","8""","12""","16""",6,-2,1,"DP, Restricted, Weak"
280,AA Battery,"Fore, Aft, Port, Starboard",-,-,-,-,-,-,-,Local (1)
281,A Turret (2 x 14-inch),"Fore, Port, Starboard","9""","19""","29""","39""",2,1,2,-
281,B Turret (2 x 14-inch),"Fore, Port, Starboard","9""","19""","29""","39""",2,1,2,-
281,Q Turret (2 x 14-inch),"Port, Starboard","9""","19""","29""","39""",2,1,2,-
281,R Turret (2 x 14-inch),"Port, Starboard","9""","19""","29""","39""",2,1,2,-
281,X Turret (2 x 14-inch),"Aft, Port, Starboard","9""","19""","29""","39""",2,1,2,-
281,Y Turret (2 x 14-inch),"Aft, Port, Starboard","9""","19""","29""","39""",2,1,2,-
281,Light Guns (14 x 6-inch),"Fore, Aft, Port, Starboard","5""","10""","15""","21""",8,-2,1,"Restricted, Weak"
281,Light Guns (8 x 5-inch),"Fore, Aft, Port, Starboard","4""","8""","12""","16""",6,-2,1,"DP, Restricted, Weak"
281,AA Battery,"Fore, Aft, Port, Starboard",-,-,-,-,-,-,-,Local (2)
282,A Turret (2 x 14-inch),"Fore, Port, Starboard","9""","19""","29""","39""",2,1,2,-
282,B Turret (2 x 14-inch),"Fore, Port, Starboard","9""","19""","29""","39""",2,1,2,-
282,Q Turret (2 x 14-inch),"Port, Starboard","9""","19""","29""","39""",2,1,2,-
282,R Turret (2 x 14-inch),"Port, Starboard","9""","19""","29""","39""",2,1,2,-
282,X Turret (2 x 14-inch),"Aft, Port, Starboard","9""","19""","29""","39""",2,1,2,-
282,Y Turret (2 x 14-inch),"Aft, Port, Starboard","9""","19""","29""","39""",2,1,2,-
282,Light Guns (14 x 6-inch),"Fore, Aft, Port, Starboard","5""","10""","15""","21""",8,-2,1,"Restricted, Weak"
282,Light Guns (8 x 5-inch),"Fore, Aft, Port, Starboard","4""","8""","12""","16""",6,-2,1,"DP, Restricted, Weak"
282,AA Battery,"Fore, Aft, Port, Starboard",-,-,-,-,-,-,-,Local (6)
283,A Turret (2 x 14-inch),"Fore, Port, Starboard","9""","19""","29""","39""",2,1,2,-
283,B Turret (2 x 14-inch),"Fore, Port, Starboard","9""","19""","29""","39""",2,1,2,-
283,Q Turret (2 x 14-inch),"Port, Starboard","9""","19""","29""","39""",2,1,2,-
283,R Turret (2 x 14-inch),"Port, Starboard","9""","19""","29""","39""",2,1,2,-
283,X Turret (2 x 14-inch),"Aft, Port, Starboard","9""","19""","29""","39""",2,1,2,-
283,Y Turret (2 x 14-inch),"Aft, Port, Starboard","9""","19""","29""","39""",2,1,2,-
283,Light Guns (14 x 6-inch),"Fore, Aft, Port, Starboard","5""","10""","15""","21""",8,-2,1,"Restricted, Weak"
283,Light Guns (8 x 5-inch),"Fore, Aft, Port, Starboard","4""","8""","12""","16""",6,-2,1,"DP, Restricted, Weak"
283,AA Battery,"Fore, Aft, Port, Starboard",-,-,-,-,-,-,-,Local (5)
284,A Turret (2 x 14-inch),"Fore, Port, Starboard","9""","19""","29""","39""",2,1,2,-
284,B Turret (2 x 14-inch),"Fore, Port, Starboard","9""","19""","29""","39""",2,1,2,-
284,Q Turret (2 x 14-inch),"Port, Starboard","9""","19""","29""","39""",2,1,2,-
284,R Turret (2 x 14-inch),"Port, Starboard","9""","19""","29""","39""",2,1,2,-
284,X Turret (2 x 14-inch),"Aft, Port, Starboard","9""","19""","29""","39""",2,1,2,-
284,Y Turret (2 x 14-inch),"Aft, Port, Starboard","9""","19""","29""","39""",2,1,2,-
284,Light Guns (16 x 5.5-inch),"Fore, Aft, Port, Starboard","5""","11""","17""","23""",10,-2,1,"Restricted, Weak"
284,Light Guns (8 x 5-inch),"Fore, Aft, Port, Starboard","4""","8""","12""","16""",6,-2,1,"DP, Restricted, Weak"
284,AA Battery,"Fore, Aft, Port, Starboard",-,-,-,-,-,-,-,Local (1)
285,A Turret (2 x 14-inch),"Fore, Port, Starboard","9""","19""","29""","39""",2,1,2,-
285,B Turret (2 x 14-inch),"Fore, Port, Starboard","9""","19""","29""","39""",2,1,2,-
285,Q Turret (2 x 14-inch),"Port, Starboard","9""","19""","29""","39""",2,1,2,-
285,R Turret (2 x 14-inch),"Port, Starboard","9""","19""","29""","39""",2,1,2,-
285,Y Turret (2 x 14-inch),"Aft, Port, Starboard","9""","19""","29""","39""",2,1,2,-
285,Light Guns (16 x 5.5-inch),"Fore, Aft, Port, Starboard","5""","11""","17""","23""",10,-2,1,"Restricted, Weak"
285,Light Guns (8 x 5-inch),"Fore, Aft, Port, Starboard","4""","8""","12""","16""",6,-2,1,"DP, Restricted, Weak"
285,AA Battery,"Fore, Aft, Port, Starboard",-,-,-,-,-,-,-,Local (2)
286,A Turret (2 x 14-inch),"Fore, Port, Starboard","9""","19""","29""","39""",2,1,2,-
286,B Turret (2 x 14-inch),"Fore, Port, Starboard","9""","19""","29""","39""",2,1,2,-
286,X Turret (2 x 14-inch),"Aft, Port, Starboard","9""","19""","29""","39""",2,1,2,-
286,Y Turret (2 x 14-inch),"Aft, Port, Starboard","9""","19""","29""","39""",2,1,2,-
286,Light Guns (14 x 6-inch),"Fore, Aft, Port, Starboard","5""","10""","15""","21""",8,-2,1,"Restricted, Weak"
286,Light Guns (8 x 5-inch),"Fore, Aft, Port, Starboard","4""","8""","12""","16""",6,-2,1,"DP, Restricted, Weak"
286,AA Battery,"Fore, Aft, Port, Starboard",-,-,-,-,-,-,-,Local (1)
287,A Turret (2 x 14-inch),"Fore, Port, Starboard","9""","19""","29""","39""",2,1,2,-
287,B Turret (2 x 14-inch),"Fore, Port, Starboard","9""","19""","29""","39""",2,1,2,-
287,X Turret (2 x 14-inch),"Aft, Port, Starboard","9""","19""","29""","39""",2,1,2,-
287,Y Turret (2 x 14-inch),"Aft, Port, Starboard","9""","19""","29""","39""",2,1,2,-
287,Light Guns (12 x 6-inch),"Fore, Aft, Port, Starboard","5""","10""","15""","21""",6,-2,1,"Restricted, Weak"
287,Light Guns (8 x 5-inch),"Fore, Aft, Port, Starboard","4""","8""","12""","16""",6,-2,1,"DP, Restricted, Weak"
287,AA Battery,"Fore, Aft, Port, Starboard",-,-,-,-,-,-,-,Local (1)
288,A Turret (2 x 14-inch),"Fore, Port, Starboard","9""","19""","29""","39""",2,1,2,-
288,B Turret (2 x 14-inch),"Fore, Port, Starboard","9""","19""","29""","39""",2,1,2,-
288,X Turret (2 x 14-inch),"Aft, Port, Starboard","9""","19""","29""","39""",2,1,2,-
288,Y Turret (2 x 14-inch),"Aft, Port, Starboard","9""","19""","29""","39""",2,1,2,-
288,Light Guns (8 x 5.5-inch),"Fore, Aft, Port, Starboard","5""","10""","15""","21""",4,-2,1,"Restricted, Weak"
288,Light Guns (12 x 5-inch),"Fore, Aft, Port, Starboard","4""","8""","12""","16""",8,-2,1,"DP, Restricted, Weak"
288,AA Battery,"Fore, Aft, Port, Starboard",-,-,-,-,-,-,-,Local (6)
289,A Turret (2 x 14-inch),"Fore, Port, Starboard","9""","19""","29""","39""",2,1,2,-
289,B Turret (2 x 14-inch),"Fore, Port, Starboard","9""","19""","29""","39""",2,1,2,-
289,X Turret (2 x 14-inch),"Aft, Port, Starboard","9""","19""","29""","39""",2,1,2,-
289,Y Turret (2 x 14-inch),"Aft, Port, Starboard","9""","19""","29""","39""",2,1,2,-
289,Light Guns (8 x 5.5-inch),"Fore, Aft, Port, Starboard","5""","10""","15""","21""",4,-2,1,"Restricted, Weak"
289,Light Guns (12 x 5-inch),"Fore, Aft, Port, Starboard","4""","8""","12""","16""",8,-2,1,"DP, Restricted, Weak"
289,AA Battery,"Fore, Aft, Port, Starboard",-,-,-,-,-,-,-,Local (2)
290,A Turret (2 x 14-inch),"Fore, Port, Starboard","9""","19""","29""","39""",2,1,2,-
290,B Turret (2 x 14-inch),"Fore, Port, Starboard","9""","19""","29""","39""",2,1,2,-
290,X Turret (2 x 14-inch),"Aft, Port, Starboard","9""","19""","29""","39""",2,1,2,-
290,Y Turret (2 x 14-inch),"Aft, Port, Starboard","9""","19""","29""","39""",2,1,2,-
290,Light Guns (8 x 5.5-inch),"Fore, Aft, Port, Starboard","5""","10""","15""","21""",4,-2,1,"Restricted, Weak"
290,Light Guns (12 x 5-inch),"Fore, Aft, Port, Starboard","4""","8""","12""","16""",8,-2,1,"DP, Restricted, Weak"
290,AA Battery,"Fore, Aft, Port, Starboard",-,-,-,-,-,-,-,Local (5)
291,A Turret (2 x 14-inch),"Fore, Port, Starboard","9""","19""","29""","39""",2,1,2,-
291,B Turret (2 x 14-inch),"Fore, Port, Starboard","9""","19""","29""","39""",2,1,2,-
291,X Turret (2 x 14-inch),"Aft, Port, Starboard","9""","19""","29""","39""",2,1,2,-
291,Y Turret (2 x 14-inch),"Aft, Port, Starboard","9""","19""","29""","39""",2,1,2,-
291,Light Guns (8 x 5.5-inch),"Fore, Aft, Port, Starboard","5""","10""","15""","21""",4,-2,1,"Restricted, Weak"
291,Light Guns (12 x 5-inch),"Fore, Aft, Port, Starboard","4""","8""","12""","16""",8,-2,1,"DP, Restricted, Weak"
291,AA Battery,"Fore, Aft, Port, Starboard",-,-,-,-,-,-,-,Local (6)
292,A Turret (2 x 16.1-inch),"Fore, Port, Starboard","10""","21""","31""","42""",2,2,3,Heavy
292,B Turret (2 x 16.1-inch),"Fore, Port, Starboard","10""","21""","31""","42""",2,2,3,Heavy
292,X Turret (2 x 16.1-inch),"Aft, Port, Starboard","10""","21""","31""","42""",2,2,3,Heavy
292,Y Turret (2 x 16.1-inch),"Aft, Port, Starboard","10""","21""","31""","42""",2,2,3,Heavy
292,Light Guns (18 x 5.5-inch),"Fore, Aft, Port, Starboard","5""","10""","15""","21""",14,-2,1,"Restricted, Weak"
292,Light Guns (8 x 5-inch),"Fore, Aft, Port, Starboard","4""","8""","12""","16""",6,-2,1,"DP, Restricted, Weak"
292,AA Battery,"Fore, Aft, Port, Starboard",-,-,-,-,-,-,-,Local (1)
293,A Turret (2 x 16.1-inch),"Fore, Port, Starboard","10""","21""","31""","42""",2,2,3,Heavy
293,B Turret (2 x 16.1-inch),"Fore, Port, Starboard","10""","21""","31""","42""",2,2,3,Heavy
293,X Turret (2 x 16.1-inch),"Aft, Port, Starboard","10""","21""","31""","42""",2,2,3,Heavy
293,Y Turret (2 x 16.1-inch),"Aft, Port, Starboard","10""","21""","31""","42""",2,2,3,Heavy
293,Light Guns (16 x 5.5-inch),"Fore, Aft, Port, Starboard","5""","10""","15""","21""",12,-2,1,"Restricted, Weak"
293,Light Guns (8 x 5-inch),"Fore, Aft, Port, Starboard","4""","8""","12""","16""",6,-2,1,"DP, Restricted, Weak"
293,AA Battery,"Fore, Aft, Port, Starboard",-,-,-,-,-,-,-,Local (5)
294,A Turret (2 x 16.1-inch),"Fore, Port, Starboard","10""","21""","31""","42""",2,2,3,Heavy
294,B Turret (2 x 16.1-inch),"Fore, Port, Starboard","10""","21""","31""","42""",2,2,3,Heavy
294,X Turret (2 x 16.1-inch),"Aft, Port, Starboard","10""","21""","31""","42""",2,2,3,Heavy
294,Y Turret (2 x 16.1-inch),"Aft, Port, Starboard","10""","21""","31""","42""",2,2,3,Heavy
294,Light Guns (16 x 5.5-inch),"Fore, Aft, Port, Starboard","5""","10""","15""","21""",12,-2,1,"Restricted, Weak"
294,Light Guns (12 x 5-inch),"Fore, Aft, Port, Starboard","4""","8""","12""","16""",8,-2,1,"DP, Restricted, Weak"
294,AA Battery,"Fore, Aft, Port, Starboard",-,-,-,-,-,-,-,Local (7)
295,A Turret (2 x 16.1-inch),"Fore, Port, Starboard","10""","21""","31""","42""",2,2,3,Heavy
295,B Turret (2 x 16.1-inch),"Fore, Port, Starboard","10""","21""","31""","42""",2,2,3,Heavy
295,X Turret (2 x 16.1-inch),"Aft, Port, Starboard","10""","21""","31""","42""",2,2,3,Heavy
295,Y Turret (2 x 16.1-inch),"Aft, Port, Starboard","10""","21""","31""","42""",2,2,3,Heavy
295,AA Battery,"Fore, Aft, Port, Starboard",-,-,-,-,-,-,-,Local (7)
296,A Turret (3 x 18.1-inch),"Fore, Port, Starboard","11""","23""","34""","46""",3,2,4,Heavy
296,B Turret (3 x 18.1-inch),"Fore, Port, Starboard","11""","23""","34""","46""",3,2,4,Heavy
296,Y Turret (3 x 18.1-inch),"Aft, Port, Starboard","11""","23""","34""","46""",3,2,4,Heavy
296,AA Turret (3 x 6.1-inch),"Fore, Port, Starboard","7""","15""","22""","30""",2,-1,1,-
296,P Turret (3 x 6.1-inch),Port,"7""","15""","22""","30""",2,-1,1,-
296,S Turret (3 x 6.1-inch),Starboard,"7""","15""","22""","30""",2,-1,1,-
296,YY Turret (3 x 6.1-inch),"Aft, Port, Starboard","7""","15""","22""","30""",2,-1,1,-
296,Light Guns (12 x 5-inch),"Fore, Aft, Port, Starboard","4""","8""","12""","16""",8,-2,1,"DP, Restricted, Weak"
296,AA Battery,"Fore, Aft, Port, Starboard",-,-,-,-,-,-,-,Local (1)
297,A Turret (3 x 18.1-inch),"Fore, Port, Starboard","11""","23""","34""","46""",3,2,4,Heavy
297,B Turret (3 x 18.1-inch),"Fore, Port, Starboard","11""","23""","34""","46""",3,2,4,Heavy
297,Y Turret (3 x 18.1-inch),"Aft, Port, Starboard","11""","23""","34""","46""",3,2,4,Heavy
297,AA Turret (3 x 6.1-inch),"Fore, Port, Starboard","7""","15""","22""","30""",2,-1,1,-
297,P Turret (3 x 6.1-inch),Port,"7""","15""","22""","30""",2,-1,1,-
297,S Turret (3 x 6.1-inch),Starboard,"7""","15""","22""","30""",2,-1,1,-
297,YY Turret (3 x 6.1-inch),"Aft, Port, Starboard","7""","15""","22""","30""",2,-1,1,-
297,Light Guns (12 x 5-inch),"Fore, Aft, Port, Starboard","4""","8""","12""","16""",8,-2,1,"DP, Restricted, Weak"
297,AA Battery,"Fore, Aft, Port, Starboard",-,-,-,-,-,-,-,Local (2)
298,A Turret (3 x 18.1-inch),"Fore, Port, Starboard","11""","23""","34""","46""",3,2,4,Heavy
298,B Turret (3 x 18.1-inch),"Fore, Port, Starboard","11""","23""","34""","46""",3,2,4,Heavy
298,Y Turret (3 x 18.1-inch),"Aft, Port, Starboard","11""","23""","34""","46""",3,2,4,Heavy
298,AA Turret (3 x 6.1-inch),"Fore, Port, Starboard","7""","15""","22""","30""",2,-1,1,-
298,YY Turret (3 x 6.1-inch),"Aft, Port, Starboard","7""","15""","22""","30""",2,-1,1,-
298,Light Guns (24 x 5-inch),"Fore, Aft, Port, Starboard","4""","8""","12""","16""",14,-2,1,"DP, Restricted, Weak"
298,AA Battery,"Fore, Aft, Port, Starboard",-,-,-,-,-,-,-,Local (8)
299,A Turret (3 x 18.1-inch),"Fore, Port, Starboard","11""","23""","34""","46""",3,2,4,Heavy
299,B Turret (3 x 18.1-inch),"Fore, Port, Starboard","11""","23""","34""","46""",3,2,4,Heavy
299,Y Turret (3 x 18.1-inch),"Aft, Port, Starboard","11""","23""","34""","46""",3,2,4,Heavy
299,AA Turret (3 x 6.1-inch),"Fore, Port, Starboard","7""","15""","22""","30""",2,-1,1,-
299,YY Turret (3 x 6.1-inch),"Aft, Port, Starboard","7""","15""","22""","30""",2,-1,1,-
299,Light Guns (24 x 5-inch),"Fore, Aft, Port, Starboard","4""","8""","12""","16""",14,-2,1,"DP, Restricted, Weak"
299,AA Battery,"Fore, Aft, Port, Starboard",-,-,-,-,-,-,-,Local (9)
300,A Turret (3 x 18.1-inch),"Fore, Port, Starboard","11""","23""","34""","46""",3,2,4,Heavy
300,B Turret (3 x 18.1-inch),"Fore, Port, Starboard","11""","23""","34""","46""",3,2,4,Heavy
300,Y Turret (3 x 18.1-inch),"Aft, Port, Starboard","11""","23""","34""","46""",3,2,4,Heavy
300,AA Turret (3 x 6.1-inch),"Fore, Port, Starboard","7""","15""","22""","30""",2,-1,1,-
300,P Turret (3 x 6.1-inch),Port,"7""","15""","22""","30""",2,-1,1,-
300,S Turret (3 x 6.1-inch),Starboard,"7""","15""","22""","30""",2,-1,1,-
300,YY Turret (3 x 6.1-inch),"Aft, Port, Starboard","7""","15""","22""","30""",2,-1,1,-
300,Light Guns (12 x 5-inch),"Fore, Aft, Port, Starboard","4""","8""","12""","16""",8,-2,1,"DP, Restricted, Weak"
300,AA Battery,"Fore, Aft, Port, Starboard",-,-,-,-,-,-,-,Local (2)
301,A Turret (3 x 18.1-inch),"Fore, Port, Starboard","11""","23""","34""","46""",3,2,4,Heavy
301,B Turret (3 x 18.1-inch),"Fore, Port, Starboard","11""","23""","34""","46""",3,2,4,Heavy
301,Y Turret (3 x 18.1-inch),"Aft, Port, Starboard","11""","23""","34""","46""",3,2,4,Heavy
301,AA Turret (3 x 6.1-inch),"Fore, Port, Starboard","7""","15""","22""","30""",2,-1,1,-
301,YY Turret (3 x 6.1-inch),"Aft, Port, Starboard","7""","15""","22""","30""",2,-1,1,-
301,Light Guns (12 x 5-inch),"Fore, Aft, Port, Starboard","4""","8""","12""","16""",8,-2,1,"DP, Restricted, Weak"
301,AA Battery,"Fore, Aft, Port, Starboard",-,-,-,-,-,-,-,Local (7)
302,Light Guns (6 x 7.9-inch),"Fore, Aft, Port, Starboard","6""","13""","19""","26""",6,-,1,Restricted
302,Light Guns (12 x 4.7-inch),"Fore, Aft, Port, Starboard","4""","9""","13""","18""",6,-2,1,"DP, Restricted, Weak"
302,AA Battery,"Fore, Aft, Port, Starboard",-,-,-,-,-,-,-,Local (2)
303,Light Guns (8 x 5-inch),"Fore, Aft, Port, Starboard","4""","8""","12""","16""",6,-2,1,"DP, Restricted, Weak"
303,AA Battery,"Fore, Aft, Port, Starboard",-,-,-,-,-,-,-,Local (2)
304,Light Guns (8 x 5-inch),"Fore, Aft, Port, Starboard","4""","8""","12""","16""",6,-2,1,"DP, Restricted, Weak"
304,AA Battery,"Fore, Aft, Port, Starboard",-,-,-,-,-,-,-,Local (3)
305,Light Guns (12 x 5-inch),"Fore, Aft, Port, Starboard","4""","8""","12""","16""",8,-2,1,"DP, Restricted, Weak"
305,AA Battery,"Fore, Aft, Port, Starboard",-,-,-,-,-,-,-,Local (2)
306,Light Guns (4 x 5.5-inch),"Fore, Aft, Port, Starboard","4""","9""","14""","19""",2,-2,1,"Restricted, Weak"
306,AA Battery,"Fore, Aft, Port, Starboard","1""","2""","3""","5""",1,-,-,Local (1)
307,Light Guns (4 x 5.5-inch),"Fore, Aft, Port, Starboard","4""","9""","14""","19""",2,-2,1,"Restricted, Weak"
307,AA Battery,"Fore, Aft, Port, Starboard",-,-,-,-,-,-,-,Local (1)
308,AA Battery,"Fore, Aft, Port, Starboard",-,-,-,-,-,-,-,Local (1)
309,A Turret (2 x 14-inch),"Fore, Port, Starboard","9""","19""","29""","39""",2,1,2,-
309,B Turret (2 x 14-inch),"Fore, Port, Starboard","9""","19""","29""","39""",2,1,2,-
309,Q Turret (2 x 14-inch),"Port, Starboard","9""","19""","29""","39""",2,1,2,-
309,R Turret (2 x 14-inch),"Port, Starboard","9""","19""","29""","39""",2,1,2,-
309,Light Guns (16 x 5-inch),"Fore, Aft, Port, Starboard","4""","8""","12""","16""",10,-2,1,"DP, Restricted, Weak"
309,AA Battery,"Fore, Aft, Port, Starboard",-,-,-,-,-,-,-,Local (3)
310,A Turret (2 x 14-inch),"Fore, Port, Starboard","9""","19""","29""","39""",2,1,2,-
310,B Turret (2 x 14-inch),"Fore, Port, Starboard","9""","19""","29""","39""",2,1,2,-
310,Q Turret (2 x 14-inch),"Port, Starboard","9""","19""","29""","39""",2,1,2,-
310,R Turret (2 x 14-inch),"Port, Starboard","9""","19""","29""","39""",2,1,2,-
310,Light Guns (16 x 5-inch),"Fore, Aft, Port, Starboard","4""","8""","12""","16""",10,-2,1,"DP, Restricted, Weak"
310,AA Battery,"Fore, Aft, Port, Starboard",-,-,-,-,-,-,-,Local (6)
311,A Turret (2 x 14-inch),"Fore, Port, Starboard","9""","19""","29""","39""",2,1,2,-
311,B Turret (2 x 14-inch),"Fore, Port, Starboard","9""","19""","29""","39""",2,1,2,-
311,Q Turret (2 x 14-inch),"Port, Starboard","9""","19""","29""","39""",2,1,2,-
311,R Turret (2 x 14-inch),"Port, Starboard","9""","19""","29""","39""",2,1,2,-
311,Light Guns (16 x 5-inch),"Fore, Aft, Port, Starboard","4""","8""","12""","16""",10,-2,1,"DP, Restricted, Weak"
311,AA Battery,"Fore, Aft, Port, Starboard",-,-,-,-,-,-,-,Local (5)
312,Light Guns (12 x 5-inch),"Fore, Aft, Port, Starboard","4""","8""","12""","16""",8,-2,1,"DP, Restricted, Weak"
312,AA Battery,"Fore, Aft, Port, Starboard",-,-,-,-,-,-,-,Local (1)
313,Light Guns (12 x 5-inch),"Fore, Aft, Port, Starboard","4""","8""","12""","16""",8,-2,1,"DP, Restricted, Weak"
313,AA Battery,"Fore, Aft, Port, Starboard",-,-,-,-,-,-,-,Local (4)
314,Light Guns (12 x 5-inch),"Fore, Aft, Port, Starboard","4""","8""","12""","16""",8,-2,1,"DP, Restricted, Weak"
314,AA Battery,"Fore, Aft, Port, Starboard",-,-,-,-,-,-,-,Local (5)
315,Light Guns (10 x 7.9-inch),"Fore, Aft, Port, Starboard","7""","14""","21""","29""",10,-1,1,Restricted
315,Light Guns (16 x 5-inch),"Fore, Aft, Port, Starboard","4""","8""","12""","16""",10,-2,1,"DP, Restricted, Weak"
315,AA Battery,"Fore, Aft, Port, Starboard",-,-,-,-,-,-,-,Local (1)
316,Light Guns (10 x 7.9-inch),"Fore, Aft, Port, Starboard","7""","14""","21""","29""",10,-1,1,Restricted
316,Light Guns (16 x 5-inch),"Fore, Aft, Port, Starboard","4""","8""","12""","16""",10,-2,1,"DP, Restricted, Weak"
316,AA Battery,"Fore, Aft, Port, Starboard",-,-,-,-,-,-,-,Local (2)
317,Light Guns (8 x 5-inch),"Fore, Aft, Port, Starboard","4""","8""","12""","16""",6,-2,1,"DP, Restricted, Weak"
317,AA Battery,"Fore, Aft, Port, Starboard",-,-,-,-,-,-,-,Local (2)
318,Light Guns (8 x 5-inch),"Fore, Aft, Port, Starboard","4""","8""","12""","16""",6,-2,1,"DP, Restricted, Weak"
318,AA Battery,"Fore, Aft, Port, Starboard",-,-,-,-,-,-,-,Local (3)
319,Light Guns (8 x 5-inch),"Fore, Aft, Port, Starboard","4""","8""","12""","16""",6,-2,1,"DP, Restricted, Weak"
319,AA Battery,"Fore, Aft, Port, Starboard",-,-,-,-,-,-,-,Local (4)
320,Light Guns (8 x 5-inch),"Fore, Aft, Port, Starboard","4""","8""","12""","16""",6,-2,1,"DP, Restricted, Weak"
320,AA Battery,"Fore, Aft, Port, Starboard",-,-,-,-,-,-,-,Local (0)
321,Light Guns (8 x 5-inch),"Fore, Aft, Port, Starboard","4""","8""","12""","16""",6,-2,1,"DP, Restricted, Weak"
321,AA Battery,"Fore, Aft, Port, Starboard",-,-,-,-,-,-,-,Local (1)
322,Light Guns (8 x 5-inch),"Fore, Aft, Port, Starboard","4""","8""","12""","16""",6,-2,1,"DP, Restricted, Weak"
322,AA Battery,"Fore, Aft, Port, Starboard",-,-,-,-,-,-,-,Local (2)
323,Light Guns (16 x 5-inch),"Fore, Aft, Port, Starboard","4""","8""","12""","16""",10,-2,1,"DP, Restricted, Weak"
323,AA Battery,"Fore, Aft, Port, Starboard",-,-,-,-,-,-,-,Local (8)
324,Light Guns (16 x 5-inch),"Fore, Aft, Port, Starboard","4""","8""","12""","16""",10,-2,1,"DP, Restricted, Weak"
324,AA Battery,"Fore, Aft, Port, Starboard",-,-,-,-,-,-,-,Local (2)
325,Light Guns (16 x 5-inch),"Fore, Aft, Port, Starboard","4""","8""","12""","16""",10,-2,1,"DP, Restricted, Weak"
325,AA Battery,"Fore, Aft, Port, Starboard",-,-,-,-,-,-,-,Local (3)
326,Light Guns (16 x 5-inch),"Fore, Aft, Port, Starboard","4""","8""","12""","16""",10,-2,1,"DP, Restricted, Weak"
326,AA Battery,"Fore, Aft, Port, Starboard",-,-,-,-,-,-,-,Local (4)
327,Light Guns (16 x 5-inch),"Fore, Aft, Port, Starboard","4""","8""","12""","16""",10,-2,1,"DP, Restricted, Weak"
327,AA Battery,"Fore, Aft, Port, Starboard",-,-,-,-,-,-,-,Local (5)
328,Light Guns (12 x 5-inch),"Fore, Aft, Port, Starboard","4""","8""","12""","16""",8,-2,1,"DP, Restricted, Weak"
328,AA Battery,"Fore, Aft, Port, Starboard",-,-,-,-,-,-,-,Local (2)
329,Light Guns (12 x 3.9-inch),"Fore, Aft, Port, Starboard","5""","10""","15""","21""",6,-2,1,"DP, Restricted, Weak"
329,AA Battery,"Fore, Aft, Port, Starboard",-,-,-,-,-,-,-,Local (4)
330,Light Guns (8 x 5-inch),"Fore, Aft, Port, Starboard","4""","8""","12""","16""",6,-2,1,"DP, Restricted, Weak"
330,AA Battery,"Fore, Aft, Port, Starboard",-,-,-,-,-,-,-,Local (1)
331,Light Guns (8 x 5-inch),"Fore, Aft, Port, Starboard","4""","8""","12""","16""",6,-2,1,"DP, Restricted, Weak"
331,AA Battery,"Fore, Aft, Port, Starboard",-,-,-,-,-,-,-,Local (3)
332,Light Guns (8 x 5-inch),"Fore, Aft, Port, Starboard","4""","8""","12""","16""",6,-2,1,"DP, Restricted, Weak"
332,AA Battery,"Fore, Aft, Port, Starboard",-,-,-,-,-,-,-,Local (4)
333,A Turret (2 x 6-inch),"Fore, Port, Starboard","5""","11""","17""","23""",1,-2,1,"Fast Track, Twin-Linked, Weak"
333,B Turret (2 x 6-inch),"Fore, Port, Starboard","5""","11""","17""","23""",1,-2,1,"Fast Track, Twin-Linked, Weak"
333,X Turret (2 x 6-inch),"Aft, Port, Starboard","5""","11""","17""","23""",1,-2,1,"Fast Track, Twin-Linked, Weak"
333,Port/Starboard Type 93 Torpedoes,"Port, Starboard","8""","17""","25""","34""",4,-,3,"Devastating, Slow-Loading, Wakeless"
333,Port/Starboard Type 93 Torpedoes,"Port, Starboard","8""","17""","25""","34""",4,-,3,"Devastating, Slow-Loading, Wakeless"
333,AA Battery,"Fore, Aft, Port, Starboard","1""","3""","4""","6""",1,-,-,Local (1)
334,A Turret (2 x 6-inch),"Fore, Port, Starboard","5""","11""","17""","23""",1,-2,1,"Fast Track, Twin-Linked, Weak"
334,B Turret (2 x 6-inch),"Fore, Port, Starboard","5""","11""","17""","23""",1,-2,1,"Fast Track, Twin-Linked, Weak"
334,X Turret (2 x 6-inch),"Aft, Port, Starboard","5""","11""","17""","23""",1,-2,1,"Fast Track, Twin-Linked, Weak"
334,Port/Starboard Type 93 Torpedoes,"Port, Starboard","8""","17""","25""","34""",4,-,3,"Devastating, Slow-Loading, Wakeless"
334,Port/Starboard Type 93 Torpedoes,"Port, Starboard","8""","17""","25""","34""",4,-,3,"Devastating, Slow-Loading, Wakeless"
334,AA Battery,"Fore, Aft, Port, Starboard","1""","3""","4""","6""",1,-,-,Local (3)
335,A Turret (2 x 6-inch),"Fore, Port, Starboard","5""","11""","17""","23""",1,-2,1,"Fast Track, Twin-Linked, Weak"
335,B Turret (2 x 6-inch),"Fore, Port, Starboard","5""","11""","17""","23""",1,-2,1,"Fast Track, Twin-Linked, Weak"
335,X Turret (2 x 6-inch),"Aft, Port, Starboard","5""","11""","17""","23""",1,-2,1,"Fast Track, Twin-Linked, Weak"
335,Port/Starboard Type 93 Torpedoes,"Port, Starboard","8""","17""","25""","34""",4,-,3,"Devastating, Slow-Loading, Wakeless"
335,Port/Starboard Type 93 Torpedoes,"Port, Starboard","8""","17""","25""","34""",4,-,3,"Devastating, Slow-Loading, Wakeless"
335,AA Battery,"Fore, Aft, Port, Starboard","1""","3""","4""","6""",1,-,-,Local (4)
336,A Turret (2 x 8-inch),"Fore, Port, Starboard","8""","16""","24""","32""",2,-,1,-
336,B Turret (2 x 8-inch),"Fore, Port, Starboard","8""","16""","24""","32""",2,-,1,-
336,X Turret (2 x 8-inch),"Aft, Port, Starboard","8""","16""","24""","32""",2,-,1,-
336,Light Guns (4 x 4.7-inch),"Fore, Aft, Port, Starboard","4""","9""","13""","18""",2,-2,1,"DP, Restricted, Weak"
336,Port Type 93 Torpedoes,Port,"8""","17""","25""","34""",4,-,3,"Devastating, Slow-Loading, Wakeless"
336,Starboard Type 93 Torpedoes,Starboard,"8""","17""","25""","34""",4,-,3,"Devastating, Slow-Loading, Wakeless"
336,AA Battery,"Fore, Aft, Port, Starboard",-,-,-,-,-,-,-,Local (1)
337,A Turret (2 x 8-inch),"Fore, Port, Starboard","8""","16""","24""","32""",2,-,1,-
337,B Turret (2 x 8-inch),"Fore, Port, Starboard","8""","16""","24""","32""",2,-,1,-
337,Light Guns (4 x 4.7-inch),"Fore, Aft, Port, Starboard","4""","9""","13""","18""",2,-2,1,"DP, Restricted, Weak"
337,Port Type 93 Torpedoes,Port,"8""","17""","25""","34""",4,-,3,"Devastating, Slow-Loading, Wakeless"
337,Starboard Type 93 Torpedoes,Starboard,"8""","17""","25""","34""",4,-,3,"Devastating, Slow-Loading, Wakeless"
337,AA Battery,"Fore, Aft, Port, Starboard",-,-,-,-,-,-,-,Local (1)
338,A Turret (2 x 8-inch),"Fore, Port, Starboard","8""","16""","24""","32""",2,-,1,-
338,B Turret (2 x 8-inch),"Fore, Port, Starboard","8""","16""","24""","32""",2,-,1,-
338,X Turret (2 x 8-inch),"Aft, Port, Starboard","8""","16""","24""","32""",2,-,1,-
338,Light Guns (4 x 4.7-inch),"Fore, Aft, Port, Starboard","4""","9""","13""","18""",2,-2,1,"DP, Restricted, Weak"
338,Port Type 93 Torpedoes,Port,"8""","17""","25""","34""",4,-,3,"Devastating, Slow-Loading, Wakeless"
338,Starboard Type 93 Torpedoes,Starboard,"8""","17""","25""","34""",4,-,3,"Devastating, Slow-Loading, Wakeless"
338,AA Battery,"Fore, Aft, Port, Starboard",-,-,-,-,-,-,-,Local (3)
339,A Turret (2 x 8-inch),"Fore, Port, Starboard","8""","16""","24""","32""",2,-,1,-
339,B Turret (2 x 8-inch),"Fore, Port, Starboard","8""","16""","24""","32""",2,-,1,-
339,X Turret (2 x 8-inch),"Aft, Port, Starboard","8""","16""","24""","32""",2,-,1,-
339,Light Guns (4 x 4.7-inch),"Fore, Aft, Port, Starboard","4""","9""","13""","18""",2,-2,1,"DP, Restricted, Weak"
339,Port Type 93 Torpedoes,Port,"8""","17""","25""","34""",4,-,3,"Devastating, Slow-Loading, Wakeless"
339,Starboard Type 93 Torpedoes,Starboard,"8""","17""","25""","34""",4,-,3,"Devastating, Slow-Loading, Wakeless"
339,AA Battery,"Fore, Aft, Port, Starboard",-,-,-,-,-,-,-,Local (1)
340,Light Guns (7 x 5.5-inch),"Fore, Aft, Port, Starboard","5""","11""","17""","23""",4,-2,1,Weak
340,Port Type 6 Torpedoes,Port,"3""","6""","9""","12""",2,-,2,"Devastating, One-Shot"
340,Port Type 6 Torpedoes,Port,"3""","6""","9""","12""",2,-,2,"Devastating, One-Shot"
340,Starboard Type 6 Torpedoes,Starboard,"3""","6""","9""","12""",2,-,2,"Devastating, One-Shot"
340,Starboard Type 6 Torpedoes,Starboard,"3""","6""","9""","12""",2,-,2,"Devastating, One-Shot"
340,AA Battery,"Fore, Aft, Port, Starboard",-,-,-,-,-,-,-,Local (1)
341,Light Guns (7 x 5.5-inch),"Fore, Aft, Port, Starboard","5""","11""","17""","23""",4,-2,1,Weak
341,Port Type 6 Torpedoes,Port,"3""","6""","9""","12""",2,-,2,"Devastating, One-Shot"
341,Port Type 6 Torpedoes,Port,"3""","6""","9""","12""",2,-,2,"Devastating, One-Shot"
341,Starboard Type 6 Torpedoes,Starboard,"3""","6""","9""","12""",2,-,2,"Devastating, One-Shot"
341,Starboard Type 6 Torpedoes,Starboard,"3""","6""","9""","12""",2,-,2,"Devastating, One-Shot"
341,AA Battery,"Fore, Aft, Port, Starboard",-,-,-,-,-,-,-,Local (1)
342,Light Guns (7 x 5.5-inch),"Fore, Aft, Port, Starboard","5""","11""","17""","23""",4,-2,1,Weak
342,Port Type 8 M2 Torpedoes,Port,"4""","8""","12""","16""",2,-,3,"Devastating, One-Shot"
342,Port Type 8 M2 Torpedoes,Port,"4""","8""","12""","16""",2,-,3,"Devastating, One-Shot"
342,Starboard Type 8 M2 Torpedoes,Starboard,"4""","8""","12""","16""",2,-,3,"Devastating, One-Shot"
342,Starboard Type 8 M2 Torpedoes,Starboard,"4""","8""","12""","16""",2,-,3,"Devastating, One-Shot"
342,AA Battery,"Fore, Aft, Port, Starboard",-,-,-,-,-,-,-,Local (1)
343,Light Guns (7 x 5.5-inch),"Fore, Aft, Port, Starboard","5""","11""","17""","23""",4,-2,1,Weak
343,Port Type 8 M2 Torpedoes,Port,"4""","8""","12""","16""",2,-,3,"Devastating, One-Shot"
343,Port Type 8 M2 Torpedoes,Port,"4""","8""","12""","16""",2,-,3,"Devastating, One-Shot"
343,Starboard Type 8 M2 Torpedoes,Starboard,"4""","8""","12""","16""",2,-,3,"Devastating, One-Shot"
343,Starboard Type 8 M2 Torpedoes,Starboard,"4""","8""","12""","16""",2,-,3,"Devastating, One-Shot"
343,AA Battery,"Fore, Aft, Port, Starboard",-,-,-,-,-,-,-,Local (1)
344,Light Guns (5 x 5.5-inch),"Fore, Aft, Port, Starboard","5""","11""","17""","23""",3,-2,1,Weak
344,Light Guns (2 x 5-inch),"Aft, Port, Starboard","4""","8""","12""","16""",1,-2,1,"DP, Weak"
344,Port Type 93 Torpedoes,Port,"8""","17""","25""","34""",2,-,3,"Devastating, One-Shot, Wakeless"
344,Port Type 93 Torpedoes,Port,"8""","17""","25""","34""",2,-,3,"Devastating, One-Shot, Wakeless"
344,Starboard Type 93 Torpedoes,Starboard,"8""","17""","25""","34""",2,-,3,"Devastating, One-Shot, Wakeless"
344,Starboard Type 93 Torpedoes,Starboard,"8""","17""","25""","34""",2,-,3,"Devastating, One-Shot, Wakeless"
344,AA Battery,"Fore, Aft, Port, Starboard",-,-,-,-,-,-,-,Local (3)
345,Light Guns (7 x 5.5-inch),"Fore, Aft, Port, Starboard","5""","11""","17""","23""",4,-2,1,Weak
345,Port Type 93 Torpedoes,Port,"8""","17""","25""","34""",2,-,3,"Devastating, One-Shot, Wakeless"
345,Port Type 93 Torpedoes,Port,"8""","17""","25""","34""",2,-,3,"Devastating, One-Shot, Wakeless"
345,Starboard Type 93 Torpedoes,Starboard,"8""","17""","25""","34""",2,-,3,"Devastating, One-Shot, Wakeless"
345,Starboard Type 93 Torpedoes,Starboard,"8""","17""","25""","34""",2,-,3,"Devastating, One-Shot, Wakeless"
345,AA Battery,"Fore, Aft, Port, Starboard",-,-,-,-,-,-,-,Local (1)
346,Light Guns (4 x 5.5-inch),"Fore, Port, Starboard","4""","9""","14""","19""",2,-2,1,Weak
346,Port Type 93 Torpedoes,Port,"8""","17""","25""","34""",4,-,3,"Devastating, One-Shot, Wakeless"
346,Port Type 93 Torpedoes,Port,"8""","17""","25""","34""",4,-,3,"Devastating, One-Shot, Wakeless"
346,Starboard Type 93 Torpedoes,Starboard,"8""","17""","25""","34""",4,-,3,"Devastating, One-Shot, Wakeless"
346,Starboard Type 93 Torpedoes,Starboard,"8""","17""","25""","34""",4,-,3,"Devastating, One-Shot, Wakeless"
346,AA Battery,"Fore, Aft, Port, Starboard",-,-,-,-,-,-,-,Local (1)
347,Light Guns (4 x 5.5-inch),"Fore, Port, Starboard","4""","9""","14""","19""",2,-2,1,Weak
347,AA Battery,"Fore, Aft, Port, Starboard",-,-,-,-,-,-,-,Local (1)
348,Light Guns (4 x 5.5-inch),"Fore, Port, Starboard","4""","9""","14""","19""",2,-2,1,Weak
348,AA Battery,"Fore, Aft, Port, Starboard",-,-,-,-,-,-,-,Local (4)
349,Light Guns (4 x 5.5-inch),"Fore, Port, Starboard","4""","9""","14""","19""",2,-2,1,Weak
349,AA Battery,"Fore, Aft, Port, Starboard",-,-,-,-,-,-,-,Local (1)
350,A Turret (2 x 8 in),"Fore, Port, Starboard","8""","16""","24""","32""",2,-,1,-
350,B Turret (2 x 8 in),"Fore, Port, Starboard","8""","16""","24""","32""",2,-,1,-
350,Q Turret (2 x 8 in),"Port, Starboard","8""","16""","24""","32""",2,-,1,-
350,X Turret (2 x 8 in),"Aft, Port, Starboard","8""","16""","24""","32""",2,-,1,-
350,Y Turret (2 x 8 in),"Aft, Port, Starboard","8""","16""","24""","32""",2,-,1,-
350,Light Guns (8 x 5 in),"Fore, Aft, Port, Starboard","4""","8""","12""","16""",6,-2,1,"DP, Restricted, Weak"
350,Port Type 93 Torpedoes,Port,"8""","17""","25""","34""",3,-,3,"Devastating, Slow-Loading, Wakeless"
350,Port Type 93 Torpedoes,Port,"8""","17""","25""","34""",3,-,3,"Devastating, Slow-Loading, Wakeless"
350,Starboard Type 93 Torpedoes,Starboard,"8""","17""","25""","34""",3,-,3,"Devastating, Slow-Loading, Wakeless"
350,Starboard Type 93 Torpedoes,Starboard,"8""","17""","25""","34""",3,-,3,"Devastating, Slow-Loading, Wakeless"
350,AA Battery,"Fore, Aft, Port, Starboard",-,-,-,-,-,-,-,Local (1)
351,A Turret (2 x 8 in),"Fore, Port, Starboard","8""","16""","24""","32""",2,-,1,-
351,B Turret (2 x 8 in),"Fore, Port, Starboard","8""","16""","24""","32""",2,-,1,-
351,Q Turret (2 x 8 in),"Port, Starboard","8""","16""","24""","32""",2,-,1,-
351,Light Guns (8 x 5 in),"Fore, Aft, Port, Starboard","4""","8""","12""","16""",6,-2,1,"DP, Restricted, Weak"
351,Port Type 93 Torpedoes,Port,"8""","17""","25""","34""",3,-,3,"Devastating, Slow-Loading, Wakeless"
351,Port Type 93 Torpedoes,Port,"8""","17""","25""","34""",3,-,3,"Devastating, Slow-Loading, Wakeless"
351,Starboard Type 93 Torpedoes,Starboard,"8""","17""","25""","34""",3,-,3,"Devastating, Slow-Loading, Wakeless"
351,Starboard Type 93 Torpedoes,Starboard,"8""","17""","25""","34""",3,-,3,"Devastating, Slow-Loading, Wakeless"
351,AA Battery,"Fore, Aft, Port, Starboard",-,-,-,-,-,-,-,Local (2)
352,A Turret (2 x 8 in),"Fore, Port, Starboard","8""","16""","24""","32""",2,-,1,-
352,B Turret (2 x 8 in),"Fore, Port, Starboard","8""","16""","24""","32""",2,-,1,-
352,Q Turret (2 x 8 in),"Port, Starboard","8""","16""","24""","32""",2,-,1,-
352,Light Guns (8 x 5 in),"Fore, Aft, Port, Starboard","4""","8""","12""","16""",6,-2,1,"DP, Restricted, Weak"
352,Port Type 93 Torpedoes,Port,"8""","17""","25""","34""",3,-,3,"Devastating, Slow-Loading, Wakeless"
352,Port Type 93 Torpedoes,Port,"8""","17""","25""","34""",3,-,3,"Devastating, Slow-Loading, Wakeless"
352,Starboard Type 93 Torpedoes,Starboard,"8""","17""","25""","34""",3,-,3,"Devastating, Slow-Loading, Wakeless"
352,Starboard Type 93 Torpedoes,Starboard,"8""","17""","25""","34""",3,-,3,"Devastating, Slow-Loading, Wakeless"
352,AA Battery,"Fore, Aft, Port, Starboard",-,-,-,-,-,-,-,Local (4)
353,A Turret (2 x 8 in),"Fore, Port, Starboard","8""","16""","24""","32""",2,-,1,-
353,B Turret (2 x 8 in),"Fore, Port, Starboard","8""","16""","24""","32""",2,-,1,-
353,Q Turret (2 x 8 in),"Port, Starboard","8""","16""","24""","32""",2,-,1,-
353,X Turret (2 x 8 in),"Aft, Port, Starboard","8""","16""","24""","32""",2,-,1,-
353,Y Turret (2 x 8 in),"Aft, Port, Starboard","8""","16""","24""","32""",2,-,1,-
353,Light Guns (8 x 5 in),"Fore, Aft, Port, Starboard","4""","8""","12""","16""",6,-2,1,"DP, Restricted, Weak"
353,Port Type 93 Torpedoes,Port,"8""","17""","25""","34""",3,-,3,"Devastating, Slow-Loading, Wakeless"
353,Port Type 93 Torpedoes,Port,"8""","17""","25""","34""",3,-,3,"Devastating, Slow-Loading, Wakeless"
353,Starboard Type 93 Torpedoes,Starboard,"8""","17""","25""","34""",3,-,3,"Devastating, Slow-Loading, Wakeless"
353,Starboard Type 93 Torpedoes,Starboard,"8""","17""","25""","34""",3,-,3,"Devastating, Slow-Loading, Wakeless"
353,AA Battery,"Fore, Aft, Port, Starboard",-,-,-,-,-,-,-,Local (3)
354,A Turret (3 x 6.1-inch),"Fore, Port, Starboard","7""","15""","22""","30""",2,-1,1,Fast Track
354,B Turret (3 x 6.1-inch),"Fore, Port, Starboard","7""","15""","22""","30""",2,-1,1,Fast Track
354,Q Turret (3 x 6.1-inch),"Port, Starboard","7""","15""","22""","30""",2,-1,1,Fast Track
354,X Turret (3 x 6.1-inch),"Aft, Port, Starboard","7""","15""","22""","30""",2,-1,1,Fast Track
354,Y Turret (3 x 6.1-inch),"Aft, Port, Starboard","7""","15""","22""","30""",2,-1,1,Fast Track
354,Light Guns (8 x 5 in),"Fore, Aft, Port, Starboard","4""","8""","12""","16""",6,-2,1,"DP, Restricted, Weak"
354,Port Type 90 Torpedoes,Port,"3""","6""","9""","12""",3,-,3,"Devastating, One-Shot"
354,Port Type 90 Torpedoes,Port,"3""","6""","9""","12""",3,-,3,"Devastating, One-Shot"
354,Starboard Type 90 Torpedoes,Starboard,"3""","6""","9""","12""",3,-,3,"Devastating, One-Shot"
354,Starboard Type 90 Torpedoes,Starboard,"3""","6""","9""","12""",3,-,3,"Devastating, One-Shot"
354,AA Battery,"Fore, Aft, Port, Starboard",-,-,-,-,-,-,-,Local (1)
355,A Turret (2 x 8 in),"Fore, Port, Starboard","8""","16""","24""","32""",2,-,1,-
355,B Turret (2 x 8 in),"Fore, Port, Starboard","8""","16""","24""","32""",2,-,1,-
355,Q Turret (2 x 8 in),"Port, Starboard","8""","16""","24""","32""",2,-,1,-
355,X Turret (2 x 8 in),"Aft, Port, Starboard","8""","16""","24""","32""",2,-,1,-
355,Y Turret (2 x 8 in),"Aft, Port, Starboard","8""","16""","24""","32""",2,-,1,-
355,Light Guns (8 x 5 in),"Fore, Aft, Port, Starboard","4""","8""","12""","16""",6,-2,1,"DP, Restricted, Weak"
355,Port Type 93 Torpedoes,Port,"8""","17""","25""","34""",4,-,3,"Devastating, One-Shot, Wakeless"
355,Port Type 93 Torpedoes,Port,"8""","17""","25""","34""",4,-,3,"Devastating, Slow-Loading, Wakeless"
355,Starboard Type 93 Torpedoes,Starboard,"8""","17""","25""","34""",4,-,3,"Devastating, One-Shot, Wakeless"
355,Starboard Type 93 Torpedoes,Starboard,"8""","17""","25""","34""",4,-,3,"Devastating, Slow-Loading, Wakeless"
355,AA Battery,"Fore, Aft, Port, Starboard",-,-,-,-,-,-,-,Local (1)
356,A Turret (2 x 8 in),"Fore, Port, Starboard","8""","16""","24""","32""",2,-,1,-
356,B Turret (2 x 8 in),"Fore, Port, Starboard","8""","16""","24""","32""",2,-,1,-
356,Q Turret (2 x 8 in),"Port, Starboard","8""","16""","24""","32""",2,-,1,-
356,X Turret (2 x 8 in),"Aft, Port, Starboard","8""","16""","24""","32""",2,-,1,-
356,Y Turret (2 x 8 in),"Aft, Port, Starboard","8""","16""","24""","32""",2,-,1,-
356,Light Guns (8 x 5 in),"Fore, Aft, Port, Starboard","4""","8""","12""","16""",6,-2,1,"DP, Restricted, Weak"
356,AA Battery,"Fore, Aft, Port, Starboard",-,-,-,-,-,-,-,Local (3)
357,Light Guns (7 x 5.5-inch),"Fore, Aft, Port, Starboard","4""","9""","14""","19""",4,-2,1,Weak
357,Port Type 8 M2 Torpedoes,Port,"4""","8""","12""","16""",2,-,3,"Devastating, One-Shot"
357,Port Type 8 M2 Torpedoes,Port,"4""","8""","12""","16""",2,-,3,"Devastating, One-Shot"
357,Starboard Type 8 M2 Torpedoes,Starboard,"4""","8""","12""","16""",2,-,3,"Devastating, One-Shot"
357,Starboard Type 8 M2 Torpedoes,Starboard,"4""","8""","12""","16""",2,-,3,"Devastating, One-Shot"
357,AA Battery,"Fore, Aft, Port, Starboard",-,-,-,-,-,-,-,Local (1)
358,Light Guns (5 x 5.5-inch),"Fore, Aft, Port, Starboard","5""","11""","17""","23""",3,-2,1,Weak
358,Light Guns (2 x 5-inch),"Aft, Port, Starboard","4""","8""","12""","16""",1,-2,1,"DP, Weak"
358,Port Type 93 Torpedoes,Port,"8""","17""","25""","34""",4,-,3,"Devastating, Slow-Loading, Wakeless"
358,Starboard Type 93 Torpedoes,Starboard,"8""","17""","25""","34""",4,-,3,"Devastating, Slow-Loading, Wakeless"
358,AA Battery,"Fore, Aft, Port, Starboard",-,-,-,-,-,-,-,Local (2)
359,Light Guns (7 x 5.5-inch),"Fore, Aft, Port, Starboard","4""","9""","14""","19""",4,-2,1,Weak
359,Port Type 93 Torpedoes,Port,"8""","17""","25""","34""",4,-,3,"Devastating, Slow-Loading, Wakeless"
359,Starboard Type 93 Torpedoes,Starboard,"8""","17""","25""","34""",4,-,3,"Devastating, Slow-Loading, Wakeless"
359,AA Battery,"Fore, Aft, Port, Starboard",-,-,-,-,-,-,-,Local (1)
360,Light Guns (5 x 5.5-inch),"Fore, Aft, Port, Starboard","5""","11""","17""","23""",3,-2,1,Weak
360,Light Guns (2 x 5-inch),"Aft, Port, Starboard","4""","8""","12""","16""",1,-2,1,"DP, Weak"
360,Port Type 93 Torpedoes,Port,"8""","17""","25""","34""",4,-,3,"Devastating, Slow-Loading, Wakeless"
360,Starboard Type 93 Torpedoes,Starboard,"8""","17""","25""","34""",4,-,3,"Devastating, Slow-Loading, Wakeless"
360,AA Battery,"Fore, Aft, Port, Starboard",-,-,-,-,-,-,-,Local (2)
361,Light Guns (5 x 5.5-inch),"Fore, Aft, Port, Starboard","5""","11""","17""","23""",3,-2,1,Weak
361,Light Guns (2 x 5-inch),"Aft, Port, Starboard","4""","8""","12""","16""",1,-2,1,"DP, Weak"
361,Port Type 93 Torpedoes,Port,"8""","17""","25""","34""",4,-,3,"Devastating, Slow-Loading, Wakeless"
361,Starboard Type 93 Torpedoes,Starboard,"8""","17""","25""","34""",4,-,3,"Devastating, Slow-Loading, Wakeless"
361,AA Battery,"Fore, Aft, Port, Starboard",-,-,-,-,-,-,-,Local (3)
362,Light Guns (5 x 5.5-inch),"Fore, Aft, Port, Starboard","5""","11""","17""","23""",3,-2,1,Weak
362,Light Guns (2 x 5-inch),"Aft, Port, Starboard","4""","8""","12""","16""",1,-2,1,"DP, Weak"
362,Port Type 8 M2 Torpedoes,Port,"4""","8""","12""","16""",2,-,3,"Devastating, One-Shot"
362,Port Type 8 M2 Torpedoes,Port,"4""","8""","12""","16""",2,-,3,"Devastating, One-Shot"
362,Starboard Type 8 M2 Torpedoes,Starboard,"4""","8""","12""","16""",2,-,3,"Devastating, One-Shot"
362,Starboard Type 8 M2 Torpedoes,Starboard,"4""","8""","12""","16""",2,-,3,"Devastating, One-Shot"
362,AA Battery,"Fore, Aft, Port, Starboard",-,-,-,-,-,-,-,Local (1)
363,Light Guns (5 x 5.5-inch),"Fore, Aft, Port, Starboard","5""","11""","17""","23""",3,-2,1,Weak
363,Light Guns (2 x 5-inch),"Aft, Port, Starboard","4""","8""","12""","16""",1,-2,1,"DP, Weak"
363,Port Type 8 M2 Torpedoes,Port,"4""","8""","12""","16""",2,-,3,"Devastating, One-Shot"
363,Port Type 8 M2 Torpedoes,Port,"4""","8""","12""","16""",2,-,3,"Devastating, One-Shot"
363,Starboard Type 8 M2 Torpedoes,Starboard,"4""","8""","12""","16""",2,-,3,"Devastating, One-Shot"
363,Starboard Type 8 M2 Torpedoes,Starboard,"4""","8""","12""","16""",2,-,3,"Devastating, One-Shot"
363,Depth Charges,"Fore, Aft, Port, Starboard","1""","1""","1""","1""",1,-,2,Slow-Loading
363,AA Battery,"Fore, Aft, Port, Starboard",-,-,-,-,-,-,-,Local (1)
364,Light Guns (7 x 5.5-inch),"Fore, Aft, Port, Starboard","4""","9""","14""","19""",4,-2,1,Weak
364,Port Type 8 M2 Torpedoes,Port,"4""","8""","12""","16""",2,-,3,"Devastating, One-Shot"
364,Port Type 8 M2 Torpedoes,Port,"4""","8""","12""","16""",2,-,3,"Devastating, One-Shot"
364,Starboard Type 8 M2 Torpedoes,Starboard,"4""","8""","12""","16""",2,-,3,"Devastating, One-Shot"
364,Starboard Type 8 M2 Torpedoes,Starboard,"4""","8""","12""","16""",2,-,3,"Devastating, One-Shot"
364,AA Battery,"Fore, Aft, Port, Starboard",-,-,-,-,-,-,-,Local (1)
365,Light Guns (6 x 5-inch),"Fore, Aft, Port, Starboard","4""","8""","12""","16""",3,-2,1,"DP, Weak"
365,Port Type 93 Torpedoes,Port,"8""","17""","25""","34""",4,-,3,"Devastating, Slow-Loading, Wakeless"
365,Starboard Type 93 Torpedoes,Starboard,"8""","17""","25""","34""",4,-,3,"Devastating, Slow-Loading, Wakeless"
365,AA Battery,"Fore, Aft, Port, Starboard",-,-,-,-,-,-,-,Local (3)
366,A Turret (3 x 6.1-inch),"Fore, Port, Starboard","7""","15""","22""","30""",2,-1,1,Fast Track
366,B Turret (3 x 6.1-inch),"Fore, Port, Starboard","7""","15""","22""","30""",2,-1,1,Fast Track
366,Light Guns (8 x 3.9-inch),"Fore, Aft, Port, Starboard","5""","10""","15""","21""",4,-2,1,"DP, Restricted, Weak"
366,AA Battery,"Fore, Aft, Port, Starboard",-,-,-,-,-,-,-,Local (1)
367,A Turret (3 x 6.1-inch),"Fore, Port, Starboard","7""","15""","22""","30""",2,-1,1,Fast Track
367,B Turret (3 x 6.1-inch),"Fore, Port, Starboard","7""","15""","22""","30""",2,-1,1,Fast Track
367,Light Guns (8 x 3.9-inch),"Fore, Aft, Port, Starboard","5""","10""","15""","21""",4,-2,1,"DP, Restricted, Weak"
367,AA Battery,"Fore, Aft, Port, Starboard",-,-,-,-,-,-,-,Local (3)
368,Light Guns (7 x 5.5-inch),"Fore, Aft, Port, Starboard","5""","10""","15""","20""",4,-2,1,Weak
368,Port Type 8 M2 Torpedoes,Port,"4""","8""","12""","16""",2,-,3,"Devastating, One-Shot"
368,Port Type 8 M2 Torpedoes,Port,"4""","8""","12""","16""",2,-,3,"Devastating, One-Shot"
368,Starboard Type 8 M2 Torpedoes,Starboard,"4""","8""","12""","16""",2,-,3,"Devastating, One-Shot"
368,Starboard Type 8 M2 Torpedoes,Starboard,"4""","8""","12""","16""",2,-,3,"Devastating, One-Shot"
368,AA Battery,"Fore, Aft, Port, Starboard",-,-,-,-,-,-,-,Local (1)
369,Light Guns (7 x 5.5-inch),"Fore, Aft, Port, Starboard","5""","10""","15""","20""",4,-2,1,Weak
369,Port Type 93 Torpedoes,Port,"8""","17""","25""","34""",4,-,3,"Devastating, Slow-Loading, Wakeless"
369,Starboard Type 93 Torpedoes,Starboard,"8""","17""","25""","34""",4,-,3,"Devastating, Slow-Loading, Wakeless"
369,AA Battery,"Fore, Aft, Port, Starboard",-,-,-,-,-,-,-,Local (1)
370,Light Guns (2 x 5-inch),"Fore, Aft, Port, Starboard","4""","8""","12""","16""",1,-2,1,"DP, Weak"
370,Port Type 93 Torpedoes,Port,"8""","17""","25""","34""",4,-,3,"Devastating, Slow-Loading, Wakeless"
370,Starboard Type 93 Torpedoes,Starboard,"8""","17""","25""","34""",4,-,3,"Devastating, Slow-Loading, Wakeless"
370,AA Battery,"Fore, Aft, Port, Starboard",-,-,-,-,-,-,-,Local (1)
371,A Turret (2 x 8-inch),"Fore, Port, Starboard","8""","16""","24""","32""",2,-,1,-
371,B Turret (2 x 8-inch),"Fore, Port, Starboard","8""","16""","24""","32""",2,-,1,-
371,Q Turret (2 x 8-inch),"Port, Starboard","8""","16""","24""","32""",2,-,1,-
371,X Turret (2 x 8-inch),"Aft, Port, Starboard","8""","16""","24""","32""",2,-,1,-
371,Y Turret (2 x 8-inch),"Aft, Port, Starboard","8""","16""","24""","32""",2,-,1,-
371,Light Guns (4 x 4.7-inch),"Fore, Aft, Port, Starboard","4""","9""","13""","18""",2,-2,1,"DP, Restricted, Weak"
371,Port Type 93 Torpedoes,Port,"8""","17""","25""","34""",4,-,3,"Devastating, Slow-Loading, Wakeless"
371,Port Type 93 Torpedoes,Port,"8""","17""","25""","34""",4,-,3,"Devastating, One-Shot, Wakeless"
371,Starboard Type 93 Torpedoes,Starboard,"8""","17""","25""","34""",4,-,3,"Devastating, Slow-Loading, Wakeless"
371,Starboard Type 93 Torpedoes,Starboard,"8""","17""","25""","34""",4,-,3,"Devastating, Slow-Loading, Wakeless"
371,AA Battery,"Fore, Aft, Port, Starboard",-,-,-,-,-,-,-,Local (1)
372,A Turret (2 x 8-inch),"Fore, Port, Starboard","8""","16""","24""","32""",2,-,1,-
372,B Turret (2 x 8-inch),"Fore, Port, Starboard","8""","16""","24""","32""",2,-,1,-
372,Q Turret (2 x 8-inch),"Port, Starboard","8""","16""","24""","32""",2,-,1,-
372,X Turret (2 x 8-inch),"Aft, Port, Starboard","8""","16""","24""","32""",2,-,1,-
372,Y Turret (2 x 8-inch),"Aft, Port, Starboard","8""","16""","24""","32""",2,-,1,-
372,Light Guns (8 x 5-inch),"Fore, Aft, Port, Starboard","4""","8""","12""","16""",6,-2,1,"DP, Restricted, Weak"
372,Port Type 93 Torpedoes,Port,"8""","17""","25""","34""",4,-,3,"Devastating, Slow-Loading, Wakeless"
372,Port Type 93 Torpedoes,Port,"8""","17""","25""","34""",4,-,3,"Devastating, One-Shot, Wakeless"
372,Starboard Type 93 Torpedoes,Starboard,"8""","17""","25""","34""",4,-,3,"Devastating, Slow-Loading, Wakeless"
372,Starboard Type 93 Torpedoes,Starboard,"8""","17""","25""","34""",4,-,3,"Devastating, Slow-Loading, Wakeless"
372,AA Battery,"Fore, Aft, Port, Starboard",-,-,-,-,-,-,-,Local (1)
373,A Turret (2 x 8-inch),"Fore, Port, Starboard","8""","16""","24""","32""",2,-,1,-
373,B Turret (2 x 8-inch),"Fore, Port, Starboard","8""","16""","24""","32""",2,-,1,-
373,Q Turret (2 x 8-inch),"Port, Starboard","8""","16""","24""","32""",2,-,1,-
373,X Turret (2 x 8-inch),"Aft, Port, Starboard","8""","16""","24""","32""",2,-,1,-
373,Y Turret (2 x 8-inch),"Aft, Port, Starboard","8""","16""","24""","32""",2,-,1,-
373,Light Guns (8 x 5-inch),"Fore, Aft, Port, Starboard","4""","8""","12""","16""",6,-2,1,"DP, Restricted, Weak"
373,Port Type 93 Torpedoes,Port,"8""","17""","25""","34""",4,-,3,"Devastating, Slow-Loading, Wakeless"
373,Port Type 93 Torpedoes,Port,"8""","17""","25""","34""",4,-,3,"Devastating, One-Shot, Wakeless"
373,Starboard Type 93 Torpedoes,Starboard,"8""","17""","25""","34""",4,-,3,"Devastating, Slow-Loading, Wakeless"
373,Starboard Type 93 Torpedoes,Starboard,"8""","17""","25""","34""",4,-,3,"Devastating, Slow-Loading, Wakeless"
373,AA Battery,"Fore, Aft, Port, Starboard",-,-,-,-,-,-,-,Local (4)
374,A Turret (2 x 8-inch),"Fore, Port, Starboard","8""","16""","24""","32""",2,-,1,-
374,B Turret (2 x 8-inch),"Fore, Port, Starboard","8""","16""","24""","32""",2,-,1,-
374,Q Turret (2 x 8-inch),"Port, Starboard","8""","16""","24""","32""",2,-,1,-
374,X Turret (2 x 8-inch),"Aft, Port, Starboard","8""","16""","24""","32""",2,-,1,-
374,Y Turret (2 x 8-inch),"Aft, Port, Starboard","8""","16""","24""","32""",2,-,1,-
374,Light Guns (4 x 4.7-inch),"Fore, Aft, Port, Starboard","4""","9""","13""","18""",2,-2,1,"DP, Restricted, Weak"
374,Port Type 90 Torpedoes,Port,"3""","6""","9""","12""",2,-,3,"Devastating, Slow-Loading"
374,Port Type 90 Torpedoes,Port,"3""","6""","9""","12""",2,-,3,"Devastating, Slow-Loading"
374,Starboard Type 90 Torpedoes,Starboard,"3""","6""","9""","12""",2,-,3,"Devastating, Slow-Loading"
374,Starboard Type 90 Torpedoes,Starboard,"3""","6""","9""","12""",2,-,3,"Devastating, Slow-Loading"
374,AA Battery,"Fore, Aft, Port, Starboard",-,-,-,-,-,-,-,Local (1)
375,A Turret (2 x 8-inch),"Fore, Port, Starboard","8""","16""","24""","32""",2,-,1,-
375,B Turret (2 x 8-inch),"Fore, Port, Starboard","8""","16""","24""","32""",2,-,1,-
375,Q Turret (2 x 8-inch),"Port, Starboard","8""","16""","24""","32""",2,-,1,-
375,X Turret (2 x 8-inch),"Aft, Port, Starboard","8""","16""","24""","32""",2,-,1,-
375,Y Turret (2 x 8-inch),"Aft, Port, Starboard","8""","16""","24""","32""",2,-,1,-
375,Light Guns (4 x 4.7-inch),"Fore, Aft, Port, Starboard","4""","9""","13""","18""",2,-2,1,"DP, Restricted, Weak"
375,Port Type 93 Torpedoes,Port,"8""","16""","25""","34""",4,-,3,"Devastating, Slow-Loading, Wakeless"
375,Port Type 93 Torpedoes,Port,"8""","16""","25""","34""",4,-,3,"Devastating, One-Shot, Wakeless"
375,Starboard Type 93 Torpedoes,Starboard,"8""","16""","25""","34""",4,-,3,"Devastating, Slow-Loading, Wakeless"
375,Starboard Type 93 Torpedoes,Starboard,"8""","16""","25""","34""",4,-,3,"Devastating, Slow-Loading, Wakeless"
375,AA Battery,"Fore, Aft, Port, Starboard",-,-,-,-,-,-,-,Local (1)
376,A Turret (2 x 8-inch),"Fore, Port, Starboard","8""","16""","24""","32""",2,-,1,-
376,B Turret (2 x 8-inch),"Fore, Port, Starboard","8""","16""","24""","32""",2,-,1,-
376,Q Turret (2 x 8-inch),"Port, Starboard","8""","16""","24""","32""",2,-,1,-
376,X Turret (2 x 8-inch),"Aft, Port, Starboard","8""","16""","24""","32""",2,-,1,-
376,Y Turret (2 x 8-inch),"Aft, Port, Starboard","8""","16""","24""","32""",2,-,1,-
376,Light Guns (4 x 4.7-inch),"Fore, Aft, Port, Starboard","4""","9""","13""","18""",2,-2,1,"DP, Restricted, Weak"
376,Port Type 93 Torpedoes,Port,"8""","16""","25""","34""",4,-,3,"Devastating, Slow-Loading, Wakeless"
376,Port Type 93 Torpedoes,Port,"8""","16""","25""","34""",4,-,3,"Devastating, One-Shot, Wakeless"
376,Starboard Type 93 Torpedoes,Starboard,"8""","16""","25""","34""",4,-,3,"Devastating, Slow-Loading, Wakeless"
376,Starboard Type 93 Torpedoes,Starboard,"8""","16""","25""","34""",4,-,3,"Devastating, Slow-Loading, Wakeless"
376,AA Battery,"Fore, Aft, Port, Starboard",-,-,-,-,-,-,-,Local (2)
377,A Turret (2 x 8-inch),"Fore, Port, Starboard","8""","16""","24""","32""",2,-,1,-
377,B Turret (2 x 8-inch),"Fore, Port, Starboard","8""","16""","24""","32""",2,-,1,-
377,Q Turret (2 x 8-inch),"Port, Starboard","8""","16""","24""","32""",2,-,1,-
377,X Turret (2 x 8-inch),"Aft, Port, Starboard","8""","16""","24""","32""",2,-,1,-
377,Y Turret (2 x 8-inch),"Aft, Port, Starboard","8""","16""","24""","32""",2,-,1,-
377,Light Guns (4 x 4.7-inch),"Fore, Aft, Port, Starboard","4""","9""","13""","18""",2,-2,1,"DP, Restricted, Weak"
377,Port Type 90 Torpedoes,Port,"3""","6""","9""","12""",2,-,3,"Devastating, Slow-Loading"
377,Port Type 90 Torpedoes,Port,"3""","6""","9""","12""",2,-,3,"Devastating, Slow-Loading"
377,Starboard Type 90 Torpedoes,Starboard,"3""","6""","9""","12""",2,-,3,"Devastating, Slow-Loading"
377,Starboard Type 90 Torpedoes,Starboard,"3""","6""","9""","12""",2,-,3,"Devastating, Slow-Loading"
377,AA Battery,"Fore, Aft, Port, Starboard",-,-,-,-,-,-,-,Local (1)
378,A Turret (2 x 8-inch),"Fore, Port, Starboard","8""","16""","24""","32""",2,-,1,-
378,B Turret (2 x 8-inch),"Fore, Port, Starboard","8""","16""","24""","32""",2,-,1,-
378,Q Turret (2 x 8-inch),"Port, Starboard","8""","16""","24""","32""",2,-,1,-
378,X Turret (2 x 8-inch),"Aft, Port, Starboard","8""","16""","24""","32""",2,-,1,-
378,Y Turret (2 x 8-inch),"Aft, Port, Starboard","8""","16""","24""","32""",2,-,1,-
378,Light Guns (4 x 4.7-inch),"Fore, Aft, Port, Starboard","4""","9""","13""","18""",2,-2,1,"DP, Restricted, Weak"
378,Port Type 90 Torpedoes,Port,"3""","6""","9""","12""",2,-,3,"Devastating, Slow-Loading"
378,Port Type 90 Torpedoes,Port,"3""","6""","9""","12""",2,-,3,"Devastating, Slow-Loading"
378,Starboard Type 90 Torpedoes,Starboard,"3""","6""","9""","12""",2,-,3,"Devastating, Slow-Loading"
378,Starboard Type 90 Torpedoes,Starboard,"3""","6""","9""","12""",2,-,3,"Devastating, Slow-Loading"
378,AA Battery,"Fore, Aft, Port, Starboard",-,-,-,-,-,-,-,Local (0)
379,A Turret (2 x 8-inch),"Fore, Port, Starboard","8""","16""","24""","32""",2,-,1,-
379,B Turret (2 x 8-inch),"Fore, Port, Starboard","8""","16""","24""","32""",2,-,1,-
379,Q Turret (2 x 8-inch),"Port, Starboard","8""","16""","24""","32""",2,-,1,-
379,X Turret (2 x 8-inch),"Aft, Port, Starboard","8""","16""","24""","32""",2,-,1,-
379,Y Turret (2 x 8-inch),"Aft, Port, Starboard","8""","16""","24""","32""",2,-,1,-
379,Light Guns (4 x 4.7-inch),"Fore, Aft, Port, Starboard","4""","9""","13""","18""",2,-2,1,"DP, Restricted, Weak"
379,Port Type 93 Torpedoes,Port,"8""","16""","25""","34""",4,-,3,"Devastating, Slow-Loading, Wakeless"
379,Port Type 93 Torpedoes,Port,"8""","16""","25""","34""",4,-,3,"Devastating, One-Shot, Wakeless"
379,Starboard Type 93 Torpedoes,Starboard,"8""","16""","25""","34""",4,-,3,"Devastating, Slow-Loading, Wakeless"
379,Starboard Type 93 Torpedoes,Starboard,"8""","16""","25""","34""",4,-,3,"Devastating, Slow-Loading, Wakeless"
379,AA Battery,"Fore, Aft, Port, Starboard",-,-,-,-,-,-,-,Local (1)
380,A Turret (2 x 8-inch),"Fore, Port, Starboard","8""","16""","24""","32""",2,-,1,-
380,B Turret (2 x 8-inch),"Fore, Port, Starboard","8""","16""","24""","32""",2,-,1,-
380,X Turret (2 x 8-inch),"Aft, Port, Starboard","8""","16""","24""","32""",2,-,1,-
380,Y Turret (2 x 8-inch),"Aft, Port, Starboard","8""","16""","24""","32""",2,-,1,-
380,Light Guns (12 x 5-inch),"Fore, Aft, Port, Starboard","4""","8""","12""","16""",8,-2,1,"DP, Restricted, Weak"
380,Port Type 93 Torpedoes,Port,"8""","17""","25""","34""",4,-,3,"Devastating, One-Shot, Wakeless"
380,Port Type 93 Torpedoes,Port,"8""","17""","25""","34""",4,-,3,"Devastating, One-Shot, Wakeless"
380,Starboard Type 93 Torpedoes,Starboard,"8""","17""","25""","34""",4,-,3,"Devastating, One-Shot, Wakeless"
380,Starboard Type 93 Torpedoes,Starboard,"8""","17""","25""","34""",4,-,3,"Devastating, One-Shot, Wakeless"
380,AA Battery,"Fore, Aft, Port, Starboard",-,-,-,-,-,-,-,Local (5)
381,Light Guns (4 x 5.5-inch),"Fore, Aft, Port, Starboard","5""","10""","15""","21""",2,-2,1,Weak
381,Port/Starboard Type 6 Torpedoes,"Port, Starboard","3""","6""","9""","12""",3,-,2,"Devastating, One-Shot"
381,Port/Starboard Type 6 Torpedoes,"Port, Starboard","3""","6""","9""","12""",3,-,2,"Devastating, One-Shot"
381,AA Battery,"Fore, Aft, Port, Starboard",-,-,-,-,-,-,-,Local (1)
382,A Turret (2 x 8-inch),"Fore, Port, Starboard","8""","16""","24""","32""",2,-,1,-
382,B Turret (2 x 8-inch),"Fore, Port, Starboard","8""","16""","24""","32""",2,-,1,-
382,Q Turret (2 x 8-inch),"Port, Starboard","8""","16""","24""","32""",2,-,1,-
382,R Turret (2 x 8-inch),"Port, Starboard","8""","16""","24""","32""",2,-,1,-
382,Light Guns (8 x 5-inch),"Fore, Aft, Port, Starboard","4""","8""","12""","16""",6,-,1,"DP, Restricted, Weak"
382,Port Type 93 Torpedoes,Port,"8""","17""","25""","34""",3,-,3,"Devastating, Slow-Loading, Wakeless"
382,Port Type 93 Torpedoes,Port,"8""","17""","25""","34""",3,-,3,"Devastating, Slow-Loading, Wakeless"
382,Starboard Type 93 Torpedoes,Starboard,"8""","17""","25""","34""",3,-,3,"Devastating, Slow-Loading, Wakeless"
382,Starboard Type 93 Torpedoes,Starboard,"8""","17""","25""","34""",3,-,3,"Devastating, Slow-Loading, Wakeless"
382,AA Battery,"Fore, Aft, Port, Starboard",-,-,-,-,-,-,-,Local (1)
383,A Turret (2 x 8-inch),"Fore, Port, Starboard","8""","16""","24""","32""",2,-,1,-
383,B Turret (2 x 8-inch),"Fore, Port, Starboard","8""","16""","24""","32""",2,-,1,-
383,Q Turret (2 x 8-inch),"Port, Starboard","8""","16""","24""","32""",2,-,1,-
383,R Turret (2 x 8-inch),"Port, Starboard","8""","16""","24""","32""",2,-,1,-
383,Light Guns (8 x 5-inch),"Fore, Aft, Port, Starboard","4""","8""","12""","16""",6,-,1,"DP, Restricted, Weak"
383,Port Type 93 Torpedoes,Port,"8""","17""","25""","34""",3,-,3,"Devastating, Slow-Loading, Wakeless"
383,Port Type 93 Torpedoes,Port,"8""","17""","25""","34""",3,-,3,"Devastating, Slow-Loading, Wakeless"
383,Starboard Type 93 Torpedoes,Starboard,"8""","17""","25""","34""",3,-,3,"Devastating, Slow-Loading, Wakeless"
383,Starboard Type 93 Torpedoes,Starboard,"8""","17""","25""","34""",3,-,3,"Devastating, Slow-Loading, Wakeless"
383,AA Battery,"Fore, Aft, Port, Starboard",-,-,-,-,-,-,-,Local (3)
384,A Turret (2 x 8-inch),"Fore, Port, Starboard","8""","16""","24""","32""",2,-,1,-
384,B Turret (2 x 8-inch),"Fore, Port, Starboard","8""","16""","24""","32""",2,-,1,-
384,Q Turret (2 x 8-inch),"Port, Starboard","8""","16""","24""","32""",2,-,1,-
384,R Turret (2 x 8-inch),"Port, Starboard","8""","16""","24""","32""",2,-,1,-
384,Light Guns (8 x 5-inch),"Fore, Aft, Port, Starboard","4""","8""","12""","16""",6,-,1,"DP, Restricted, Weak"
384,Port Type 93 Torpedoes,Port,"8""","17""","25""","34""",3,-,3,"Devastating, Slow-Loading, Wakeless"
384,Port Type 93 Torpedoes,Port,"8""","17""","25""","34""",3,-,3,"Devastating, Slow-Loading, Wakeless"
384,Starboard Type 93 Torpedoes,Starboard,"8""","17""","25""","34""",3,-,3,"Devastating, Slow-Loading, Wakeless"
384,Starboard Type 93 Torpedoes,Starboard,"8""","17""","25""","34""",3,-,3,"Devastating, Slow-Loading, Wakeless"
384,AA Battery,"Fore, Aft, Port, Starboard",-,-,-,-,-,-,-,Local (4)
385,Light Guns (6 x 5.5-inch),"Fore, Aft, Port, Starboard","5""","10""","15""","21""",4,-2,1,Weak
385,Port/Starboard Type 8 Torpedoes,"Port, Starboard","4""","8""","12""","16""",2,-,3,"Devastating, Slow-Loading"
385,Port/Starboard Type 8 Torpedoes,"Port, Starboard","4""","8""","12""","16""",2,-,3,"Devastating, Slow-Loading"
385,AA Battery,"Fore, Aft, Port, Starboard",-,-,-,-,-,-,-,Local (1)
386,Light Guns (4 x 5.5-inch),"Fore, Aft, Port, Starboard","5""","11""","17""","23""",2,-2,1,Weak
386,Light Guns (1 x 4.7-inch),"Fore, Port, Starboard","4""","9""","13""","18""",1,-2,1,"DP, Slow-Loading, Weak"
386,Port/Starboard Type 8 Torpedoes,"Port, Starboard","4""","8""","12""","16""",2,-,3,"Devastating, Slow-Loading"
386,Port/Starboard Type 8 Torpedoes,"Port, Starboard","4""","8""","12""","16""",2,-,3,"Devastating, Slow-Loading"
386,AA Battery,"Fore, Aft, Port, Starboard",-,-,-,-,-,-,-,Local (2)
387,Light Guns (6 x 5-inch),"Fore, Aft, Port, Starboard","5""","10""","15""","20""",3,-2,1,"DP, Weak"
387,Port/Starboard Type 90 Torpedoes,"Port, Starboard","3""","6""","9""","12""",3,-,3,"Devastating, One-Shot"
387,Port/Starboard Type 90 Torpedoes,"Port, Starboard","3""","6""","9""","12""",3,-,3,"Devastating, One-Shot"
387,Port/Starboard Type 90 Torpedoes,"Port, Starboard","3""","6""","9""","12""",3,-,3,"Devastating, One-Shot"
387,AA Battery,"Fore, Aft, Port, Starboard",-,-,-,-,-,-,-,Local (1)
388,Light Guns (6 x 5-inch),"Fore, Aft, Port, Starboard","5""","10""","15""","20""",3,-2,1,"DP, Weak"
388,Port/Starboard Type 90 Torpedoes,"Port, Starboard","8""","17""","25""","34""",3,-,3,"Devastating, One-Shot, Wakeless"
388,Port/Starboard Type 90 Torpedoes,"Port, Starboard","8""","17""","25""","34""",3,-,3,"Devastating, One-Shot, Wakeless"
388,Port/Starboard Type 90 Torpedoes,"Port, Starboard","8""","17""","25""","34""",3,-,3,"Devastating, One-Shot, Wakeless"
388,AA Battery,"Fore, Aft, Port, Starboard",-,-,-,-,-,-,-,Local (1)
389,Light Guns (4 x 5-inch),"Fore, Aft, Port, Starboard","5""","10""","15""","20""",2,-2,1,"DP, Weak"
389,Port/Starboard Type 90 Torpedoes,"Port, Starboard","8""","17""","25""","34""",3,-,3,"Devastating, One-Shot, Wakeless"
389,Port/Starboard Type 90 Torpedoes,"Port, Starboard","8""","17""","25""","34""",3,-,3,"Devastating, One-Shot, Wakeless"
389,Port/Starboard Type 90 Torpedoes,"Port, Starboard","8""","17""","25""","34""",3,-,3,"Devastating, One-Shot, Wakeless"
389,AA Battery,"Fore, Aft, Port, Starboard",-,-,-,-,-,-,-,Local (2)
390,Light Guns (4 x 5-inch),"Fore, Aft, Port, Starboard","5""","10""","15""","20""",2,-2,1,"DP, Weak"
390,Port/Starboard Type 90 Torpedoes,"Port, Starboard","8""","17""","25""","34""",3,-,3,"Devastating, One-Shot, Wakeless"
390,Port/Starboard Type 90 Torpedoes,"Port, Starboard","8""","17""","25""","34""",3,-,3,"Devastating, One-Shot, Wakeless"
390,Port/Starboard Type 90 Torpedoes,"Port, Starboard","8""","17""","25""","34""",3,-,3,"Devastating, One-Shot, Wakeless"
390,AA Battery,"Fore, Aft, Port, Starboard",-,-,-,-,-,-,-,Local (2)
391,Light Guns (8 x 3.9-inch),"Fore, Aft, Port, Starboard","5""","10""","15""","21""",4,-2,1,"DP, Weak"
391,Port/Starboard Type 93 Torpedoes,"Port, Starboard","8""","17""","25""","34""",4,-,3,"Devastating, Slow-Loading, Wakeless"
391,AA Battery,"Fore, Aft, Port, Starboard",-,-,-,-,-,-,-,Local (1)
392,Light Guns (8 x 3.9-inch),"Fore, Aft, Port, Starboard","5""","10""","15""","21""",4,-2,1,"DP, Weak"
392,Port/Starboard Type 93 Torpedoes,"Port, Starboard","8""","17""","25""","34""",4,-,3,"Devastating, Slow-Loading, Wakeless"
392,AA Battery,"Fore, Aft, Port, Starboard",-,-,-,-,-,-,-,Local (2)
393,Light Guns (8 x 3.9-inch),"Fore, Aft, Port, Starboard","5""","10""","15""","21""",4,-2,1,"DP, Weak"
393,Port/Starboard Type 93 Torpedoes,"Port, Starboard","8""","17""","25""","34""",4,-,3,"Devastating, Slow-Loading, Wakeless"
393,AA Battery,"Fore, Aft, Port, Starboard",-,-,-,-,-,-,-,Local (2)
394,Light Guns (8 x 3.9-inch),"Fore, Aft, Port, Starboard","5""","10""","15""","21""",4,-2,1,"DP, Weak"
394,Port/Starboard Type 93 Torpedoes,"Port, Starboard","8""","17""","25""","34""",4,-,3,"Devastating, Slow-Loading, Wakeless"
394,AA Battery,"Fore, Aft, Port, Starboard",-,-,-,-,-,-,-,Local (2)
395,Light Guns (8 x 3.9-inch),"Fore, Aft, Port, Starboard","5""","10""","15""","21""",4,-2,1,"DP, Weak"
395,Port/Starboard Type 93 Torpedoes,"Port, Starboard","8""","17""","25""","34""",4,-,3,"Devastating, Slow-Loading, Wakeless"
395,AA Battery,"Fore, Aft, Port, Starboard",-,-,-,-,-,-,-,Local (2)
396,Light Guns (6 x 5-inch),"Fore, Aft, Port, Starboard","5""","10""","15""","20""",3,-2,1,Weak
396,Port/Starboard Type 93 Torpedoes,"Port, Starboard","8""","17""","25""","34""",4,-,3,"Devastating, Slow-Loading, Wakeless"
396,Port/Starboard Type 93 Torpedoes,"Port, Starboard","8""","17""","25""","34""",4,-,3,"Devastating, Slow-Loading, Wakeless"
396,AA Battery,"Fore, Aft, Port, Starboard",-,-,-,-,-,-,-,Local (1)
397,Light Guns (6 x 5-inch),"Fore, Aft, Port, Starboard","5""","10""","15""","20""",3,-2,1,Weak
397,Port/Starboard Type 93 Torpedoes,"Port, Starboard","8""","17""","25""","34""",4,-,3,"Devastating, Slow-Loading, Wakeless"
397,Port/Starboard Type 93 Torpedoes,"Port, Starboard","8""","17""","25""","34""",4,-,3,"Devastating, Slow-Loading, Wakeless"
397,AA Battery,"Fore, Aft, Port, Starboard",-,-,-,-,-,-,-,Local (1)
398,Light Guns (4 x 5-inch),"Fore, Aft, Port, Starboard","5""","10""","15""","20""",2,-2,1,Weak
398,Port/Starboard Type 93 Torpedoes,"Port, Starboard","8""","17""","25""","34""",4,-,3,"Devastating, Slow-Loading, Wakeless"
398,Port/Starboard Type 93 Torpedoes,"Port, Starboard","8""","17""","25""","34""",4,-,3,"Devastating, Slow-Loading, Wakeless"
398,AA Battery,"Fore, Aft, Port, Starboard",-,-,-,-,-,-,-,Local (2)
399,Light Guns (4 x 5-inch),"Fore, Aft, Port, Starboard","5""","10""","15""","20""",2,-2,1,Weak
399,Port/Starboard Type 93 Torpedoes,"Port, Starboard","8""","17""","25""","34""",4,-,3,"Devastating, Slow-Loading, Wakeless"
399,Port/Starboard Type 93 Torpedoes,"Port, Starboard","8""","17""","25""","34""",4,-,3,"Devastating, One-Shot, Wakeless"
399,AA Battery,"Fore, Aft, Port, Starboard",-,-,-,-,-,-,-,Local (2)
400,Light Guns (4 x 5-inch),"Fore, Aft, Port, Starboard","5""","10""","15""","20""",3,-2,1,Weak
400,Port/Starboard Type 93 Torpedoes,"Port, Starboard","8""","17""","25""","34""",4,-,3,"Devastating, Slow-Loading, Wakeless"
400,Port/Starboard Type 93 Torpedoes,"Port, Starboard","8""","17""","25""","34""",4,-,3,"Devastating, One-Shot, Wakeless"
400,AA Battery,"Fore, Aft, Port, Starboard",-,-,-,-,-,-,-,Local (2)
401,Light Guns (6 x 5-inch),"Fore, Aft, Port, Starboard","5""","10""","15""","20""",3,-2,1,Weak
401,Port/Starboard Type 90 Torpedoes,"Port, Starboard","3""","6""","9""","12""",3,-,3,"Devastating, One-Shot"
401,Port/Starboard Type 90 Torpedoes,"Port, Starboard","3""","6""","9""","12""",3,-,3,"Devastating, One-Shot"
401,Port/Starboard Type 90 Torpedoes,"Port, Starboard","3""","6""","9""","12""",3,-,3,"Devastating, One-Shot"
401,AA Battery,"Fore, Aft, Port, Starboard",-,-,-,-,-,-,-,Local (1)
402,Light Guns (6 x 5-inch),"Fore, Aft, Port, Starboard","5""","10""","15""","20""",3,-2,1,"DP, Weak"
402,Port/Starboard Type 90 Torpedoes,"Port, Starboard","3""","6""","9""","12""",3,-,3,"Devastating, One-Shot"
402,Port/Starboard Type 90 Torpedoes,"Port, Starboard","3""","6""","9""","12""",3,-,3,"Devastating, One-Shot"
402,Port/Starboard Type 90 Torpedoes,"Port, Starboard","3""","6""","9""","12""",3,-,3,"Devastating, One-Shot"
402,AA Battery,"Fore, Aft, Port, Starboard",-,-,-,-,-,-,-,Local (1)
403,Light Guns (6 x 5-inch),"Fore, Aft, Port, Starboard","5""","10""","15""","20""",3,-2,1,"DP, Weak"
403,Port/Starboard Type 93 Torpedoes,"Port, Starboard","8""","17""","25""","34""",3,-,3,"Devastating, One-Shot"
403,Port/Starboard Type 93 Torpedoes,"Port, Starboard","8""","17""","25""","34""",3,-,3,"Devastating, One-Shot"
403,Port/Starboard Type 93 Torpedoes,"Port, Starboard","8""","17""","25""","34""",3,-,3,"Devastating, One-Shot"
403,AA Battery,"Fore, Aft, Port, Starboard",-,-,-,-,-,-,-,Local (1)
404,Light Guns (4 x 5-inch),"Fore, Aft, Port, Starboard","5""","10""","15""","20""",2,-2,1,"DP, Weak"
404,Port/Starboard Type 93 Torpedoes,"Port, Starboard","8""","17""","25""","34""",3,-,3,"Devastating, One-Shot"
404,Port/Starboard Type 93 Torpedoes,"Port, Starboard","8""","17""","25""","34""",3,-,3,"Devastating, One-Shot"
404,Port/Starboard Type 93 Torpedoes,"Port, Starboard","8""","17""","25""","34""",3,-,3,"Devastating, One-Shot"
404,AA Battery,"Fore, Aft, Port, Starboard",-,-,-,-,-,-,-,Local (2)
405,Light Guns (6 x 5-inch),"Fore, Aft, Port, Starboard","5""","10""","15""","20""",3,-2,1,Weak
405,Port/Starboard Type 93 Torpedoes,"Port, Starboard","8""","17""","25""","34""",3,-,3,"Devastating, One-Shot"
405,Port/Starboard Type 93 Torpedoes,"Port, Starboard","8""","17""","25""","34""",3,-,3,"Devastating, One-Shot"
405,Port/Starboard Type 93 Torpedoes,"Port, Starboard","8""","17""","25""","34""",3,-,3,"Devastating, One-Shot"
405,AA Battery,"Fore, Aft, Port, Starboard",-,-,-,-,-,-,-,Local (1)
406,Light Guns (4 x 5-inch),"Fore, Aft, Port, Starboard","5""","10""","15""","20""",2,-2,1,Weak
406,Port/Starboard Type 93 Torpedoes,"Port, Starboard","8""","17""","25""","34""",3,-,3,"Devastating, One-Shot"
406,Port/Starboard Type 93 Torpedoes,"Port, Starboard","8""","17""","25""","34""",3,-,3,"Devastating, One-Shot"
406,Port/Starboard Type 93 Torpedoes,"Port, Starboard","8""","17""","25""","34""",3,-,3,"Devastating, One-Shot"
406,AA Battery,"Fore, Aft, Port, Starboard",-,-,-,-,-,-,-,Local (2)
407,Light Guns (6 x 5-inch),"Fore, Aft, Port, Starboard","5""","10""","15""","20""",3,-2,1,"DP, Weak"
407,Port/Starboard Type 93 Torpedoes,"Port, Starboard","8""","17""","25""","34""",3,-,3,"Devastating, One-Shot"
407,Port/Starboard Type 93 Torpedoes,"Port, Starboard","8""","17""","25""","34""",3,-,3,"Devastating, One-Shot"
407,Port/Starboard Type 93 Torpedoes,"Port, Starboard","8""","17""","25""","34""",3,-,3,"Devastating, One-Shot"
407,AA Battery,"Fore, Aft, Port, Starboard",-,-,-,-,-,-,-,Local (1)
408,Light Guns (5 x 5-inch),"Fore, Aft, Port, Starboard","5""","10""","15""","20""",3,-2,1,Weak
408,Port/Starboard Type 93 Torpedoes,"Port, Starboard","8""","17""","25""","34""",3,-,3,"Devastating, Slow-Loading, Wakeless"
408,Port/Starboard Type 93 Torpedoes,"Port, Starboard","8""","17""","25""","34""",3,-,3,"Devastating, Slow-Loading, Wakeless"
408,AA Battery,"Fore, Aft, Port, Starboard",-,-,-,-,-,-,-,Local (1)
409,Light Guns (4 x 5-inch),"Fore, Aft, Port, Starboard","5""","10""","15""","20""",2,-2,1,Weak
409,Port/Starboard Type 93 Torpedoes,"Port, Starboard","8""","17""","25""","34""",3,-,3,"Devastating, Slow-Loading, Wakeless"
409,Port/Starboard Type 93 Torpedoes,"Port, Starboard","8""","17""","25""","34""",3,-,3,"Devastating, One-Shot, Wakeless"
409,AA Battery,"Fore, Aft, Port, Starboard",-,-,-,-,-,-,-,Local (2)
410,Light Guns (6 x 5-inch),"Fore, Aft, Port, Starboard","5""","10""","15""","20""",3,-2,1,Weak
410,Port/Starboard Type 93 Torpedoes,"Port, Starboard","8""","17""","25""","34""",4,-,3,"Devastating, Slow-Loading, Wakeless"
410,Port/Starboard Type 93 Torpedoes,"Port, Starboard","8""","17""","25""","34""",4,-,3,"Devastating, Slow-Loading, Wakeless"
410,AA Battery,"Fore, Aft, Port, Starboard",-,-,-,-,-,-,-,Local (1)
411,Light Guns (6 x 5-inch),"Fore, Aft, Port, Starboard","5""","10""","15""","20""",3,-2,1,Weak
411,Port/Starboard Type 93 Torpedoes,"Port, Starboard","8""","17""","25""","34""",4,-,3,"Devastating, Slow-Loading, Wakeless"
411,Port/Starboard Type 93 Torpedoes,"Port, Starboard","8""","17""","25""","34""",4,-,3,"Devastating, Slow-Loading, Wakeless"
411,AA Battery,"Fore, Aft, Port, Starboard",-,-,-,-,-,-,-,Local (1)
412,Light Guns (4 x 5-inch),"Aft, Port, Starboard","5""","10""","15""","20""",2,-2,1,Weak
412,Port/Starboard Type 93 Torpedoes,"Port, Starboard","8""","17""","25""","34""",4,-,3,"Devastating, Slow-Loading, Wakeless"
412,AA Battery,"Fore, Aft, Port, Starboard",-,-,-,-,-,-,-,Local (2)
413,Light Guns (4 x 5-inch),"Fore, Aft, Port, Starboard","5""","10""","15""","20""",2,-2,1,Weak
413,Port/Starboard Type 93 Torpedoes,"Port, Starboard","8""","17""","25""","34""",4,-,3,"Devastating, Slow-Loading, Wakeless"
413,Port/Starboard Type 93 Torpedoes,"Port, Starboard","8""","17""","25""","34""",4,-,3,"Devastating, Slow-Loading, Wakeless"
413,AA Battery,"Fore, Aft, Port, Starboard",-,-,-,-,-,-,-,Local (2)
414,Light Guns (4 x 5-inch),"Fore, Aft, Port, Starboard","5""","10""","15""","20""",2,-2,1,Weak
414,Port/Starboard Type 93 Torpedoes,"Port, Starboard","8""","17""","25""","34""",4,-,3,"Devastating, Slow-Loading, Wakeless"
414,Port/Starboard Type 93 Torpedoes,"Port, Starboard","8""","17""","25""","34""",4,-,3,"Devastating, Slow-Loading, Wakeless"
414,AA Battery,"Fore, Aft, Port, Starboard",-,-,-,-,-,-,-,Local (2)
415,Light Guns (4 x 5-inch),"Fore, Aft, Port, Starboard","5""","10""","15""","20""",2,-2,1,Weak
415,Port/Starboard Type 93 Torpedoes,"Port, Starboard","8""","17""","25""","34""",4,-,3,"Devastating, Slow-Loading, Wakeless"
415,Port/Starboard Type 93 Torpedoes,"Port, Starboard","8""","17""","25""","34""",4,-,3,"Devastating, Slow-Loading, Wakeless"
415,AA Battery,"Fore, Aft, Port, Starboard",-,-,-,-,-,-,-,Local (3)
416,Light Guns (4 x 4.7-inch),"Fore, Aft, Port, Starboard","4""","9""","13""","18""",2,-2,1,-
416,Port/Starboard Type 6 Torpedoes,"Port, Starboard","3""","6""","9""","12""",2,-,2,"Devastating, One-Shot"
416,Port/Starboard Type 6 Torpedoes,"Port, Starboard","3""","6""","9""","12""",2,-,2,"Devastating, One-Shot"
416,Port/Starboard Type 6 Torpedoes,"Port, Starboard","3""","6""","9""","12""",2,-,2,"Devastating, One-Shot"
416,AA Battery,"Fore, Aft, Port, Starboard",-,-,-,-,-,-,-,Local (1)
417,Light Guns (4 x 4.7-inch),"Fore, Aft, Port, Starboard","4""","9""","13""","18""",2,-2,1,-
417,Port/Starboard Type 6 Torpedoes,"Port, Starboard","3""","6""","9""","12""",2,-,2,"Devastating, One-Shot"
417,Port/Starboard Type 6 Torpedoes,"Port, Starboard","3""","6""","9""","12""",2,-,2,"Devastating, One-Shot"
417,Port/Starboard Type 6 Torpedoes,"Port, Starboard","3""","6""","9""","12""",2,-,2,"Devastating, One-Shot"
417,AA Battery,"Fore, Aft, Port, Starboard",-,-,-,-,-,-,-,Local (1)
418,Light Guns (3 x 4.7-inch),"Fore, Aft, Port, Starboard","4""","9""","13""","18""",1,-2,1,-
418,Port/Starboard Type 6 Torpedoes,"Port, Starboard","3""","6""","9""","12""",2,-,2,"Devastating, One-Shot"
418,Port/Starboard Type 6 Torpedoes,"Port, Starboard","3""","6""","9""","12""",2,-,2,"Devastating, One-Shot"
418,AA Battery,"Fore, Aft, Port, Starboard",-,-,-,-,-,-,-,Local (1)
419,Light Guns (3 x 4.7-inch),"Fore, Aft, Port, Starboard","4""","9""","13""","18""",1,-2,1,-
419,Port/Starboard Type 6 Torpedoes,"Port, Starboard","3""","6""","9""","12""",2,-,2,"Devastating, One-Shot"
419,Port/Starboard Type 6 Torpedoes,"Port, Starboard","3""","6""","9""","12""",2,-,2,"Devastating, One-Shot"
419,AA Battery,"Fore, Aft, Port, Starboard",-,-,-,-,-,-,-,Local (1)
420,Light Guns (3 x 4.7-inch),"Fore, Aft, Port, Starboard","4""","9""","13""","18""",1,-2,1,-
420,Port/Starboard Type 6 Torpedoes,"Port, Starboard","3""","6""","9""","12""",2,-,2,"Devastating, One-Shot"
420,Port/Starboard Type 6 Torpedoes,"Port, Starboard","3""","6""","9""","12""",2,-,2,"Devastating, One-Shot"
420,AA Battery,"Fore, Aft, Port, Starboard",-,-,-,-,-,-,-,Local (1)
421,Light Guns (3 x 4.7-inch),"Fore, Aft, Port, Starboard","4""","9""","13""","18""",1,-2,1,-
421,Port/Starboard Type 6 Torpedoes,"Port, Starboard","3""","6""","9""","12""",2,-,2,"Devastating, One-Shot"
421,Port/Starboard Type 6 Torpedoes,"Port, Starboard","3""","6""","9""","12""",2,-,2,"Devastating, One-Shot"
421,AA Battery,"Fore, Aft, Port, Starboard",-,-,-,-,-,-,-,Local (1)
422,Light Guns (3 x 5-inch),"Fore, Aft, Port, Starboard","4""","8""","12""","16""",2,-2,1,"DP, Weak"
422,Port/Starboard Type 93 Torpedoes,"Port, Starboard","8""","17""","25""","34""",4,-,3,"Devastating, One-Shot, Wakeless"
422,AA Battery,"Fore, Aft, Port, Starboard",-,-,-,-,-,-,-,Local (1)
423,Light Guns (3 x 5-inch),"Fore, Aft, Port, Starboard","4""","8""","12""","16""",2,-2,1,"DP, Weak"
423,Port/Starboard Type 93 Torpedoes,"Port, Starboard","8""","17""","25""","34""",4,-,3,"Devastating, One-Shot, Wakeless"
423,AA Battery,"Fore, Aft, Port, Starboard",-,-,-,-,-,-,-,Local (1)
424,Light Guns (3 x 4.7-inch),"Fore, Aft, Port, Starboard","4""","8""","12""","16""",1,-2,1,Weak
424,Port/Starboard Type 6 Torpedoes,"Port, Starboard","3""","6""","9""","12""",2,-,2,"Devastating, One-Shot"
424,Port/Starboard Type 6 Torpedoes,"Port, Starboard","3""","6""","9""","12""",2,-,2,"Devastating, One-Shot"
424,AA Battery,"Fore, Aft, Port, Starboard",-,-,-,-,-,-,-,Local (1)
425,Light Guns (3 x 4.7-inch),"Fore, Aft, Port, Starboard","4""","8""","12""","16""",1,-2,1,Weak
425,AA Battery,"Fore, Aft, Port, Starboard",-,-,-,-,-,-,-,Local (1)
426,Light Guns (3 x 4.7-inch),"Fore, Aft, Port, Starboard","4""","8""","12""","16""",1,-2,1,Weak
426,AA Battery,"Fore, Aft, Port, Starboard",-,-,-,-,-,-,-,Local (1)
427,Light Guns (3 x 4.7-inch),"Fore, Aft, Port, Starboard","4""","8""","12""","16""",1,-2,1,Weak
427,AA Battery,"Fore, Aft, Port, Starboard",-,-,-,-,-,-,-,Local (2)
428,Light Guns (1 x 4.7-inch),"Fore, Aft, Port, Starboard","4""","8""","12""","16""",1,-2,1,"Weak, Slow-Loading"
428,Port/Starboard Type 6 Torpedoes,"Port, Starboard","3""","6""","9""","12""",2,-,2,"Devastating, One-Shot"
428,AA Battery,"Fore, Aft, Port, Starboard",-,-,-,-,-,-,-,Local (1)
429,Light Guns (3 x 4.7-inch),"Fore, Aft, Port, Starboard","4""","8""","12""","16""",1,-2,1,Weak
429,Port/Starboard Type 6 Torpedoes,"Port, Starboard","3""","6""","9""","12""",2,-,2,"Devastating, One-Shot"
429,Port/Starboard Type 6 Torpedoes,"Port, Starboard","3""","6""","9""","12""",2,-,2,"Devastating, One-Shot"
429,AA Battery,"Fore, Aft, Port, Starboard",-,-,-,-,-,-,-,Local (1)
430,Light Guns (4 x 4.7-inch),"Fore, Aft, Port, Starboard","4""","9""","13""","18""",2,-2,1,Weak
430,Port/Starboard Type 90 Torpedoes,"Port, Starboard","3""","6""","9""","12""",3,-,3,"Devastating, One-Shot"
430,Port/Starboard Type 90 Torpedoes,"Port, Starboard","3""","6""","9""","12""",3,-,3,"Devastating, One-Shot"
430,AA Battery,"Fore, Aft, Port, Starboard",-,-,-,-,-,-,-,Local (1)
431,Light Guns (2 x 4.7-inch),"Fore, Aft, Port, Starboard","4""","9""","13""","18""",1,-2,1,Weak
431,Port/Starboard Type 90 Torpedoes,"Port, Starboard","3""","6""","9""","12""",3,-,3,"Devastating, One-Shot"
431,AA Battery,"Fore, Aft, Port, Starboard",-,-,-,-,-,-,-,Local (2)
432,Light Guns (2 x 4.7-inch),"Fore, Aft, Port, Starboard","4""","9""","13""","18""",1,-2,1,Weak
432,Port/Starboard Type 90 Torpedoes,"Port, Starboard","3""","6""","9""","12""",3,-,3,"Devastating, One-Shot"
432,AA Battery,"Fore, Aft, Port, Starboard",-,-,-,-,-,-,-,Local (2)
433,Light Guns (3 x 4.7-inch),"Fore, Aft, Port, Starboard","4""","9""","13""","18""",1,-2,1,Weak
433,Port/Starboard Type 90 Torpedoes,"Port, Starboard","3""","6""","9""","12""",3,-,3,"Devastating, One-Shot"
433,AA Battery,"Fore, Aft, Port, Starboard",-,-,-,-,-,-,-,Local (2)
434,Light Guns (3 x 4.7-inch),"Fore, Aft, Port, Starboard","4""","9""","13""","18""",1,-2,1,Weak
434,Port/Starboard Type 90 Torpedoes,"Port, Starboard","3""","6""","9""","12""",3,-,3,"Devastating, One-Shot"
434,Port/Starboard Type 90 Torpedoes,"Port, Starboard","3""","6""","9""","12""",3,-,3,"Devastating, One-Shot"
434,AA Battery,"Fore, Aft, Port, Starboard",-,-,-,-,-,-,-,Local (2)
435,Light Guns (3 x 4.7-inch),"Fore, Aft, Port, Starboard","4""","9""","13""","18""",1,-2,1,Weak
435,Port/Starboard Type 90 Torpedoes,"Port, Starboard","3""","6""","9""","12""",3,-,3,"Devastating, One-Shot"
435,Port/Starboard Type 90 Torpedoes,"Port, Starboard","3""","6""","9""","12""",3,-,3,"Devastating, One-Shot"
435,AA Battery,"Fore, Aft, Port, Starboard",-,-,-,-,-,-,-,Local (2)
436,Light Guns (3 x 4.7-inch),"Fore, Aft, Port, Starboard","4""","9""","13""","18""",1,-2,1,Weak
436,Port/Starboard Type 90 Torpedoes,"Port, Starboard","3""","6""","9""","12""",3,-,3,"Devastating, One-Shot"
436,Port/Starboard Type 90 Torpedoes,"Port, Starboard","3""","6""","9""","12""",3,-,3,"Devastating, One-Shot"
436,AA Battery,"Fore, Aft, Port, Starboard",-,-,-,-,-,-,-,Local (2)
437,Light Guns (6 x 5-inch),"Fore, Aft, Port, Starboard","5""","10""","15""","20""",3,-2,1,"DP, Weak"
437,Port/Starboard Type 93 Torpedoes,"Port, Starboard","8""","17""","25""","34""",5,-,3,"Devastating, One-Shot, Wakeless"
437,Port/Starboard Type 93 Torpedoes,"Port, Starboard","8""","17""","25""","34""",5,-,3,"Devastating, One-Shot, Wakeless"
437,Port/Starboard Type 93 Torpedoes,"Port, Starboard","8""","17""","25""","34""",5,-,3,"Devastating, One-Shot, Wakeless"
437,AA Battery,"Fore, Aft, Port, Starboard",-,-,-,-,-,-,-,Local (1)
438,Light Guns (6 x 5-inch),"Fore, Aft, Port, Starboard","5""","10""","15""","20""",3,-2,1,"DP, Weak"
438,Port/Starboard Type 93 Torpedoes,"Port, Starboard","8""","17""","25""","34""",5,-,3,"Devastating, One-Shot, Wakeless"
438,Port/Starboard Type 93 Torpedoes,"Port, Starboard","8""","17""","25""","34""",5,-,3,"Devastating, One-Shot, Wakeless"
438,Port/Starboard Type 93 Torpedoes,"Port, Starboard","8""","17""","25""","34""",5,-,3,"Devastating, One-Shot, Wakeless"
438,AA Battery,"Fore, Aft, Port, Starboard",-,-,-,-,-,-,-,Local (2)
439,Light Guns (5 x 5-inch),"Fore, Aft, Port, Starboard","5""","10""","15""","20""",3,-2,1,Weak
439,Port/Starboard Type 93 Torpedoes,"Port, Starboard","8""","17""","25""","34""",4,-,3,"Devastating, Slow-Loading, Wakeless"
439,Port/Starboard Type 93 Torpedoes,"Port, Starboard","8""","17""","25""","34""",4,-,3,"Devastating, Slow-Loading, Wakeless"
439,AA Battery,"Fore, Aft, Port, Starboard",-,-,-,-,-,-,-,Local (1)
440,Light Guns (5 x 5-inch),"Fore, Aft, Port, Starboard","5""","10""","15""","20""",3,-2,1,"DP, Weak"
440,Port/Starboard Type 93 Torpedoes,"Port, Starboard","8""","17""","25""","34""",4,-,3,"Devastating, Slow-Loading, Wakeless"
440,Port/Starboard Type 93 Torpedoes,"Port, Starboard","8""","17""","25""","34""",4,-,3,"Devastating, Slow-Loading, Wakeless"
440,AA Battery,"Fore, Aft, Port, Starboard",-,-,-,-,-,-,-,Local (1)
441,Light Guns (4 x 5-inch),"Fore, Aft, Port, Starboard","5""","10""","15""","20""",2,-2,1,Weak
441,Port/Starboard Type 93 Torpedoes,"Port, Starboard","8""","17""","25""","34""",4,-,3,"Devastating, Slow-Loading, Wakeless"
441,Port/Starboard Type 93 Torpedoes,"Port, Starboard","8""","17""","25""","34""",4,-,3,"Devastating, One-Shot, Wakeless"
441,AA Battery,"Fore, Aft, Port, Starboard",-,-,-,-,-,-,-,Local (2)
442,Light Guns (4 x 5-inch),"Fore, Aft, Port, Starboard","5""","10""","15""","20""",2,-2,1,Weak
442,Port/Starboard Type 93 Torpedoes,"Port, Starboard","8""","17""","25""","34""",4,-,3,"Devastating, Slow-Loading, Wakeless"
442,Port/Starboard Type 93 Torpedoes,"Port, Starboard","8""","17""","25""","34""",4,-,3,"Devastating, One-Shot, Wakeless"
442,AA Battery,"Fore, Aft, Port, Starboard",-,-,-,-,-,-,-,Local (2)
443,Light Guns (6 x 5-inch),"Fore, Aft, Port, Starboard","5""","10""","15""","20""",3,-2,1,"DP, Weak"
443,Port/Starboard Type 93 Torpedoes,"Port, Starboard","8""","17""","25""","34""",4,-,3,"Devastating, Slow-Loading, Wakeless"
443,Port/Starboard Type 93 Torpedoes,"Port, Starboard","8""","17""","25""","34""",4,-,3,"Devastating, Slow-Loading, Wakeless"
443,AA Battery,"Fore, Aft, Port, Starboard",-,-,-,-,-,-,-,Local (1)
444,Light Guns (6 x 5-inch),"Fore, Aft, Port, Starboard","5""","10""","15""","20""",3,-2,1,"DP, Weak"
444,Port/Starboard Type 93 Torpedoes,"Port, Starboard","8""","17""","25""","34""",4,-,3,"Devastating, Slow-Loading, Wakeless"
444,Port/Starboard Type 93 Torpedoes,"Port, Starboard","8""","17""","25""","34""",4,-,3,"Devastating, Slow-Loading, Wakeless"
444,AA Battery,"Fore, Aft, Port, Starboard",-,-,-,-,-,-,-,Local (1)
445,Light Guns (6 x 5-inch),"Fore, Aft, Port, Starboard","5""","10""","15""","20""",3,-2,1,"DP, Weak"
445,Port/Starboard Type 93 Torpedoes,"Port, Starboard","8""","17""","25""","34""",4,-,3,"Devastating, Slow-Loading, Wakeless"
445,Port/Starboard Type 93 Torpedoes,"Port, Starboard","8""","17""","25""","34""",4,-,3,"Devastating, Slow-Loading, Wakeless"
445,AA Battery,"Fore, Aft, Port, Starboard",-,-,-,-,-,-,-,Local (1)
446,Light Guns (6 x 5-inch),"Fore, Aft, Port, Starboard","5""","10""","15""","20""",3,-2,1,"DP, Weak"
446,Port/Starboard Type 93 Torpedoes,"Port, Starboard","8""","17""","25""","34""",4,-,3,"Devastating, Slow-Loading, Wakeless"
446,Port/Starboard Type 93 Torpedoes,"Port, Starboard","8""","17""","25""","34""",4,-,3,"Devastating, Slow-Loading, Wakeless"
446,AA Battery,"Fore, Aft, Port, Starboard",-,-,-,-,-,-,-,Local (2)
447,Light Guns (6 x 5-inch),"Fore, Aft, Port, Starboard","5""","10""","15""","20""",3,-2,1,"DP, Weak"
447,Port/Starboard Type 93 Torpedoes,"Port, Starboard","8""","17""","25""","34""",4,-,3,"Devastating, Slow-Loading, Wakeless"
447,Port/Starboard Type 93 Torpedoes,"Port, Starboard","8""","17""","25""","34""",4,-,3,"Devastating, Slow-Loading, Wakeless"
447,AA Battery,"Fore, Aft, Port, Starboard",-,-,-,-,-,-,-,Local (2)
448,Light Guns (3 x 4-inch),"Fore, Aft, Port, Starboard","3""","6""","9""","12""",1,-2,1,Weak
448,AA Battery,"Fore, Aft, Port, Starboard",-,-,-,-,-,-,-,Local (1)
449,Light Guns (1 x 5-inch),"Aft, Port, Starboard","2""","4""","6""","8""",1,-2,1,Weak
449,AA Battery,"Fore, Aft, Port, Starboard",-,-,-,-,-,-,-,Local (1)
450,Light Guns (1 x 5-inch),"Aft, Port, Starboard","4""","9""","13""","18""",1,-2,1,Weak
450,AA Battery,"Fore, Aft, Port, Starboard","1""","3""","4""","6""",1,-,-,Local (1)
451,Light Guns (1 x 5-inch),"Aft, Port, Starboard","4""","9""","13""","18""",1,-2,1,Weak
451,AA Battery,"Fore, Aft, Port, Starboard","1""","3""","4""","6""",2,-,-,Local (1)
452,Light Guns (8 x 6-inch),"Fore, Aft, Port, Starboard","3""","6""","9""","13""",6,-2,1,"Restricted, Weak"
452,AA Battery,"Fore, Aft, Port, Starboard",-,-,-,-,-,-,-,Local (1)
453,Light Guns (1 x 5-inch),"Aft, Port, Starboard","4""","9""","13""","18""",1,-2,1,"DP, Slow-Loading, Weak"
453,AA Battery,"Fore, Aft, Port, Starboard","1""","3""","4""","6""",1,-,-,Local (1)
454,Light Guns (1 x 4-inch),"Aft, Port, Starboard","3""","6""","9""","12""",1,-2,1,"Weak, Slow-Loading"
454,AA Battery,"Fore, Aft, Port, Starboard",-,-,-,-,-,-,-,Local (1)
455,Light Guns (1 x 5-inch),"Aft, Port, Starboard","4""","8""","12""","16""",1,-2,1,"Weak, Slow-Loading"
455,AA Battery,"Fore, Aft, Port, Starboard",-,-,-,-,-,-,-,Local (1)
456,Light Guns (1 x 5-inch),"Aft, Port, Starboard","4""","9""","13""","18""",1,-2,1,"DP, Slow-Loading, Weak"
456,AA Battery,"Fore, Aft, Port, Starboard","1""","3""","4""","6""",1,-,-,Local (1)
457,Light Guns (1 x 5-inch),"Aft, Port, Starboard","4""","9""","13""","18""",1,-2,1,"DP, Slow-Loading, Weak"
457,AA Battery,"Fore, Aft, Port, Starboard","1""","3""","4""","6""",3,-,-,Local (1)
458,Light Guns (4 x 4.7-inch),"Fore, Aft, Port, Starboard","4""","8""","12""","16""",2,-2,1,"Restricted, Weak"
458,AA Battery,"Fore, Aft, Port, Starboard",-,-,-,-,-,-,-,Local (1)
459,Light Guns (1 x 4-inch),"Aft, Port, Starboard","3""","6""","9""","12""",1,-2,1,"Weak, Slow-Loading"
459,AA Battery,"Fore, Aft, Port, Starboard",-,-,-,-,-,-,-,Local (0)
460,Light Guns (1 x 4-inch),"Aft, Port, Starboard","3""","6""","9""","12""",1,-2,1,"Weak, Slow-Loading"
460,AA Battery,"Fore, Aft, Port, Starboard",-,-,-,-,-,-,-,Local (1)
461,Light Guns (1 x 5-inch),"Aft, Port, Starboard","4""","9""","13""","18""",1,-2,1,"DP, Slow-Loading, Weak"
461,AA Battery,"Fore, Aft, Port, Starboard","1""","3""","4""","6""",1,-,-,Local (1)
462,A Turret (3 x 5.9-inch),"Fore, Port, Starboard","6""","13""","19""","26""",2,-1,1,Fast Track
462,X Turret (2 x 5.9-inch),"Aft, Port, Starboard","6""","13""","19""","26""",1,-1,1,"Fast Track, Twin-Linked"
462,Y Turret (2 x 5.9-inch),"Aft, Port, Starboard","6""","13""","19""","26""",1,-1,1,"Fast Track, Twin-Linked"
462,AA Battery,"Fore, Aft, Port, Starboard","1""","2""","3""","5""",2,-,-,Local (1)
463,Light Guns (10 x 5.9-inch),"Fore, Aft, Port, Starboard","6""","12""","18""","24""",5,-1,1,-
463,AA Battery,"Fore, Aft, Port, Starboard","1""","2""","3""","5""",1,-,-,Local (1)
464,Light Guns (10 x 5.9-inch),"Fore, Aft, Port, Starboard","6""","12""","18""","24""",5,-1,1,-
464,AA Battery,"Fore, Aft, Port, Starboard","1""","2""","3""","5""",1,-,-,Local (1)
465,Light Guns (10 x 5.9-inch),"Fore, Aft, Port, Starboard","6""","12""","18""","24""",5,-1,1,-
465,AA Battery,"Fore, Aft, Port, Starboard","1""","2""","3""","5""",1,-,-,Local (1)
466,Light Guns (4 x 4.7-inch),"Fore, Aft, Port, Starboard","5""","10""","15""","20""",2,-1,1,Weak
466,Port / Starboard IV53 Torpedoes,"Port, Starboard","2""","5""","7""","10""",3,-,3,"Devastating, One-Shot"
466,Port / Starboard IV53 Torpedoes,"Port, Starboard","2""","5""","7""","10""",3,-,3,"Devastating, One-Shot"
466,AA Battery,"Fore, Aft, Port, Starboard","1""","2""","3""","5""",1,-,-,Local (1)
467,Light Guns (4 x 4.7-inch),"Fore, Aft, Port, Starboard","5""","10""","15""","20""",2,-1,1,Weak
467,Port / Starboard IV53 Torpedoes,"Port, Starboard","2""","5""","7""","10""",3,-,3,"Devastating, One-Shot"
467,Port / Starboard IV53 Torpedoes,"Port, Starboard","2""","5""","7""","10""",3,-,3,"Devastating, One-Shot"
467,AA Battery,"Fore, Aft, Port, Starboard","1""","2""","3""","5""",1,-,-,Local (1)
468,Light Guns (4 x 4.7-inch),"Fore, Aft, Port, Starboard","5""","10""","15""","20""",2,-1,1,Weak
468,Port / Starboard IV53 Torpedoes,"Port, Starboard","2""","5""","7""","10""",3,-,3,"Devastating, One-Shot"
468,Port / Starboard IV53 Torpedoes,"Port, Starboard","2""","5""","7""","10""",3,-,3,"Devastating, One-Shot"
468,AA Battery,"Fore, Aft, Port, Starboard","1""","2""","3""","5""",1,-,-,Local (1)
469,Light Guns (4 x 4.7-inch),"Fore, Aft, Port, Starboard","5""","10""","15""","20""",2,-1,1,Weak
469,Port / Starboard IV53 Torpedoes,"Port, Starboard","2""","5""","7""","10""",3,-,3,"Devastating, One-Shot"
469,Port / Starboard IV53 Torpedoes,"Port, Starboard","2""","5""","7""","10""",3,-,3,"Devastating, One-Shot"
469,AA Battery,"Fore, Aft, Port, Starboard","1""","2""","3""","5""",1,-,-,Local (1)
470,Light Guns (4 x 4.7-inch),"Fore, Aft, Port, Starboard","5""","10""","15""","20""",2,-1,1,Weak
470,Port / Starboard IV53 Torpedoes,"Port, Starboard","2""","5""","7""","10""",3,-,3,"Devastating, One-Shot"
470,Port / Starboard IV53 Torpedoes,"Port, Starboard","2""","5""","7""","10""",3,-,3,"Devastating, One-Shot"
470,AA Battery,"Fore, Aft, Port, Starboard","1""","2""","3""","5""",1,-,-,Local (1)
471,Light Guns (4 x 4.7-inch),"Fore, Aft, Port, Starboard","5""","10""","15""","20""",2,-1,1,Weak
471,Port / Starboard IV53 Torpedoes,"Port, Starboard","2""","5""","7""","10""",3,-,3,"Devastating, One-Shot"
471,Port / Starboard IV53 Torpedoes,"Port, Starboard","2""","5""","7""","10""",3,-,3,"Devastating, One-Shot"
471,AA Battery,"Fore, Aft, Port, Starboard","1""","2""","3""","5""",1,-,-,Local (1)
472,Light Guns (4 x 4.7-inch),"Fore, Aft, Port, Starboard","5""","10""","15""","20""",2,-1,1,Weak
472,Port / Starboard IV53 Torpedoes,"Port, Starboard","2""","5""","7""","10""",3,-,3,"Devastating, One-Shot"
472,Port / Starboard IV53 Torpedoes,"Port, Starboard","2""","5""","7""","10""",3,-,3,"Devastating, One-Shot"
472,AA Battery,"Fore, Aft, Port, Starboard","1""","2""","3""","5""",1,-,-,Local (1)
473,Light Guns (4 x 4.7-inch),"Fore, Aft, Port, Starboard","5""","10""","15""","20""",2,-1,1,Weak
473,Port / Starboard IV53 Torpedoes,"Port, Starboard","2""","5""","7""","10""",3,-,3,"Devastating, One-Shot"
473,Port / Starboard IV53 Torpedoes,"Port, Starboard","2""","5""","7""","10""",3,-,3,"Devastating, One-Shot"
473,AA Battery,"Fore, Aft, Port, Starboard","1""","2""","3""","5""",1,-,-,Local (1)
474,Light Guns (4 x 4.7-inch),"Fore, Aft, Port, Starboard","5""","10""","15""","20""",2,-1,1,Weak
474,Port / Starboard IV53 Torpedoes,"Port, Starboard","2""","5""","7""","10""",3,-,3,"Devastating, One-Shot"
474,Port / Starboard IV53 Torpedoes,"Port, Starboard","2""","5""","7""","10""",3,-,3,"Devastating, One-Shot"
474,AA Battery,"Fore, Aft, Port, Starboard","1""","2""","3""","5""",1,-,-,Local (1)
475,Light Guns (4 x 4.7-inch),"Fore, Aft, Port, Starboard","5""","10""","15""","20""",2,-1,1,Weak
475,Port / Starboard IV53 Torpedoes,"Port, Starboard","2""","5""","7""","10""",3,-,3,"Devastating, One-Shot"
475,Port / Starboard IV53 Torpedoes,"Port, Starboard","2""","5""","7""","10""",3,-,3,"Devastating, One-Shot"
475,AA Battery,"Fore, Aft, Port, Starboard","1""","2""","3""","5""",1,-,-,Local (1)
476,Light Guns (4 x 4.7-inch),"Fore, Aft, Port, Starboard","5""","10""","15""","20""",2,-1,1,Weak
476,Port / Starboard IV53 Torpedoes,"Port, Starboard","2""","5""","7""","10""",3,-,3,"Devastating, One-Shot"
476,Port / Starboard IV53 Torpedoes,"Port, Starboard","2""","5""","7""","10""",3,-,3,"Devastating, One-Shot"
476,AA Battery,"Fore, Aft, Port, Starboard","1""","2""","3""","5""",1,-,-,Local (1)
477,Light Guns (4 x 4.7-inch),"Fore, Aft, Port, Starboard","5""","10""","15""","20""",2,-1,1,Weak
477,Port / Starboard IV53 Torpedoes,"Port, Starboard","2""","5""","7""","10""",3,-,3,"Devastating, One-Shot"
477,Port / Starboard IV53 Torpedoes,"Port, Starboard","2""","5""","7""","10""",3,-,3,"Devastating, One-Shot"
477,AA Battery,"Fore, Aft, Port, Starboard","1""","2""","3""","5""",1,-,-,Local (1)
478,Light Guns (4 x 4.7-inch),"Fore, Aft, Port, Starboard","5""","10""","15""","20""",2,-1,1,Weak
478,Port / Starboard IV53 Torpedoes,"Port, Starboard","2""","5""","7""","10""",3,-,3,"Devastating, One-Shot"
478,Port / Starboard IV53 Torpedoes,"Port, Starboard","2""","5""","7""","10""",3,-,3,"Devastating, One-Shot"
478,AA Battery,"Fore, Aft, Port, Starboard","1""","2""","3""","5""",1,-,-,Local (1)
479,Light Guns (4 x 4.7-inch),"Fore, Aft, Port, Starboard","5""","10""","15""","20""",2,-1,1,Weak
479,Port / Starboard IV53 Torpedoes,"Port, Starboard","2""","5""","7""","10""",3,-,3,"Devastating, One-Shot"
479,Port / Starboard IV53 Torpedoes,"Port, Starboard","2""","5""","7""","10""",3,-,3,"Devastating, One-Shot"
479,AA Battery,"Fore, Aft, Port, Starboard","1""","2""","3""","5""",1,-,-,Local (1)
480,Light Guns (4 x 4.7-inch),"Fore, Aft, Port, Starboard","5""","10""","15""","20""",2,-1,1,Weak
480,Port / Starboard IV53 Torpedoes,"Port, Starboard","2""","5""","7""","10""",3,-,3,"Devastating, One-Shot"
480,Port / Starboard IV53 Torpedoes,"Port, Starboard","2""","5""","7""","10""",3,-,3,"Devastating, One-Shot"
480,AA Battery,"Fore, Aft, Port, Starboard","1""","2""","3""","5""",1,-,-,Local (1)
481,Light Guns (6 x 4.7-inch),"Fore, Aft, Port, Starboard","4""","8""","12""","17""",3,-2,1,Weak
481,Port / Starboard MK IX Torpedoes,"Fore, Aft, Port, Starboard","3""","6""","9""","12""",5,-,3,"Devastating, One-Shot"
481,Port / Starboard V53 Torpedoes,"Fore, Aft, Port, Starboard","3""","6""","9""","12""",5,-,3,"Devastating, One-Shot"
482,Light Guns (6 x 4.7-inch),"Fore, Aft, Port, Starboard","4""","8""","12""","17""",3,-2,1,Weak
482,Port / Starboard MK IX Torpedoes,"Fore, Aft, Port, Starboard","3""","6""","9""","12""",5,-,3,"Devastating, One-Shot"
482,Port / Starboard V53 Torpedoes,"Fore, Aft, Port, Starboard","3""","6""","9""","12""",5,-,3,"Devastating, One-Shot"
483,Light Guns (1 x 4-inch),"Fore, Aft, Port, Starboard","3""","7""","10""","14""",1,-2,1,"Weak, Slow-Loading"
484,Light Guns (2 x 4.7-inch),"Fore, Aft, Port, Starboard","4""","8""","12""","16""",1,-2,1,Weak
484,Port / Starboard MK IX Torpedoes,"Fore, Aft, Port, Starboard","3""","6""","9""","12""",4,-,3,"Devastating, One-Shot"
484,AA Battery,"Fore, Aft, Port, Starboard","1""","2""","3""","5""",1,-,-,Local (1)
485,Light Guns (5 x 4.7-inch),"Fore, Aft, Port, Starboard","5""","10""","15""","21""",2,-1,1,Weak
485,Port / Starboard MK IX Torpedoes,"Fore, Aft, Port, Starboard","3""","6""","9""","12""",4,-,3,"Devastating, One-Shot"
485,Port / Starboard MK IX Torpedoes,"Fore, Aft, Port, Starboard","3""","6""","9""","12""",4,-,3,"Devastating, One-Shot"
486,Light Guns (5 x 4.7-inch),"Fore, Aft, Port, Starboard","5""","10""","15""","21""",2,-1,1,Weak
486,Port / Starboard MK IX Torpedoes,"Fore, Aft, Port, Starboard","3""","6""","9""","12""",4,-,3,"Devastating, One-Shot"
486,Port / Starboard MK IX Torpedoes,"Fore, Aft, Port, Starboard","3""","6""","9""","12""",4,-,3,"Devastating, One-Shot"
487,Light Guns (5 x 4.7-inch),"Fore, Aft, Port, Starboard","5""","10""","15""","21""",2,-1,1,Weak
487,Port / Starboard MK IX Torpedoes,"Fore, Aft, Port, Starboard","3""","6""","9""","12""",4,-,3,"Devastating, One-Shot"
487,Port / Starboard MK IX Torpedoes,"Fore, Aft, Port, Starboard","3""","6""","9""","12""",4,-,3,"Devastating, One-Shot"
488,Light Guns (5 x 4.7-inch),"Fore, Aft, Port, Starboard","5""","10""","15""","21""",2,-1,1,Weak
488,Port / Starboard MK IX Torpedoes,"Fore, Aft, Port, Starboard","3""","6""","9""","12""",4,-,3,"Devastating, One-Shot"
488,Port / Starboard MK IX Torpedoes,"Fore, Aft, Port, Starboard","3""","6""","9""","12""",4,-,3,"Devastating, One-Shot"
489,Light Guns (4 x 4.7-inch),"Fore, Aft, Port, Starboard","4""","8""","12""","17""",3,-2,1,Weak
489,Port / Starboard MK IX Torpedoes,"Fore, Aft, Port, Starboard","3""","6""","9""","12""",4,-,3,"Devastating, One-Shot"
489,Port / Starboard MK IX Torpedoes,"Fore, Aft, Port, Starboard","3""","6""","9""","12""",4,-,3,"Devastating, One-Shot"
490,Light Guns (4 x 4.7-inch),"Fore, Aft, Port, Starboard","4""","8""","12""","17""",3,-2,1,Weak
490,Port / Starboard MK IX Torpedoes,"Fore, Aft, Port, Starboard","3""","6""","9""","12""",4,-,3,"Devastating, One-Shot"
490,Port / Starboard MK IX Torpedoes,"Fore, Aft, Port, Starboard","3""","6""","9""","12""",4,-,3,"Devastating, One-Shot"
491,Light Guns (4 x 4.7-inch),"Fore, Aft, Port, Starboard","4""","8""","12""","17""",3,-2,1,Weak
491,Port / Starboard MK IX Torpedoes,"Fore, Aft, Port, Starboard","3""","6""","9""","12""",4,-,3,"Devastating, One-Shot"
491,Port / Starboard MK IX Torpedoes,"Fore, Aft, Port, Starboard","3""","6""","9""","12""",4,-,3,"Devastating, One-Shot"
492,Light Guns (4 x 4.7-inch),"Fore, Aft, Port, Starboard","4""","8""","12""","17""",3,-2,1,Weak
492,Port / Starboard MK IX Torpedoes,"Fore, Aft, Port, Starboard","3""","6""","9""","12""",4,-,3,"Devastating, One-Shot"
492,Port / Starboard MK IX Torpedoes,"Fore, Aft, Port, Starboard","3""","6""","9""","12""",4,-,3,"Devastating, One-Shot"
493,Light Guns (2 x 4-inch),"Fore, Aft, Port, Starboard","5""","10""","15""","20""",1,-2,1,"Weak, DP"
494,AA Battery,"Fore, Aft, Port, Starboard","1""","2""","3""","5""",3,-,-,Local (5)
495,Light Guns (1 x 4-inch),"Fore, Aft, Port, Starboard","4""","8""","12""","17""",1,-2,1,"Weak, Slow-Loading"
495,AA Battery,"Fore, Aft, Port, Starboard","1""","2""","3""","5""",1,-,-,Local (1)
496,Light Guns (1 x 4-inch),"Fore, Aft, Port, Starboard","4""","8""","12""","17""",1,-2,1,"Weak, Slow-Loading"
496,AA Battery,"Fore, Aft, Port, Starboard","1""","2""","3""","5""",1,-,-,Local (1)
497,Light Guns (1 x 5-inch),"Aft, Port, Starboard","2""","4""","6""","8""",1,-2,1,Weak
497,AA Battery,"Fore, Aft, Port, Starboard",-,-,-,-,-,-,-,Local (1)
498,Light Guns (1 x 5-inch),"Aft, Port, Starboard","4""","9""","13""","18""",1,-2,1,Weak
498,AA Battery,"Fore, Aft, Port, Starboard","1""","3""","4""","6""",1,-,-,Local (1)
499,Light Guns (1 x 5-inch),"Aft, Port, Starboard","4""","9""","13""","18""",1,-2,1,Weak
499,AA Battery,"Fore, Aft, Port, Starboard","1""","3""","4""","6""",2,-,-,Local (1)
500,Light Guns (8 x 6-inch),"Fore, Aft, Port, Starboard","3""","6""","9""","13""",6,-2,1,"Restricted, Weak"
500,AA Battery,"Fore, Aft, Port, Starboard",-,-,-,-,-,-,-,Local (1)
501,Light Guns (1 x 5-inch),"Aft, Port, Starboard","4""","9""","13""","18""",1,-2,1,"DP, Slow-Loading, Weak"
501,AA Battery,"Fore, Aft, Port, Starboard","1""","3""","4""","6""",1,-,-,Local (1)
502,Light Guns (1 x 4-inch),"Aft, Port, Starboard","3""","6""","9""","12""",1,-2,1,"Weak, Slow-Loading"
502,AA Battery,"Fore, Aft, Port, Starboard",-,-,-,-,-,-,-,Local (1)
503,Light Guns (1 x 5-inch),"Aft, Port, Starboard","4""","8""","12""","16""",1,-2,1,"Weak, Slow-Loading"
503,AA Battery,"Fore, Aft, Port, Starboard",-,-,-,-,-,-,-,Local (1)
504,Light Guns (1 x 5-inch),"Aft, Port, Starboard","4""","9""","13""","18""",1,-2,1,"DP, Slow-Loading, Weak"
504,AA Battery,"Fore, Aft, Port, Starboard","1""","3""","4""","6""",1,-,-,Local (1)
505,Light Guns (1 x 5-inch),"Aft, Port, Starboard","4""","9""","13""","18""",1,-2,1,"DP, Slow-Loading, Weak"
505,AA Battery,"Fore, Aft, Port, Starboard","1""","3""","4""","6""",3,-,-,Local (1)
506,Light Guns (1 x 4-inch),"Aft, Port, Starboard","3""","7""","10""","14""",1,-2,1,"DP, Slow-Loading, Weak"
506,AA Battery,"Fore, Aft, Port, Starboard","1""","3""","4""","5""",1,-,-,Local (1)
507,Light Guns (1 x 4-inch),"Aft, Port, Starboard","3""","7""","10""","14""",1,-2,1,"DP, Slow-Loading, Weak"
507,AA Battery,"Fore, Aft, Port, Starboard","1""","3""","4""","5""",1,-,-,Local (2)
508,Light Guns (1 x 3-inch),"Fore, Port, Starboard","3""","6""","9""","13""",1,-2,1,"Slow-Loading, Weak"
508,Forward Mk VIII Torpedoes,Fore,"1""","3""","4""","6""",6,-,3,"Devastating, Slow-Loading"
508,AA Battery,"Fore, Aft, Port, Starboard",-,-,-,-,-,-,-,Local (1)
509,Light Guns (1 x 3-inch),"Fore, Port, Starboard","3""","6""","9""","13""",1,-2,1,"Slow-Loading, Weak"
509,Forward Mk VIII Torpedoes,Fore,"1""","3""","4""","6""",6,-,3,"Devastating, Slow-Loading"
509,AA Battery,"Fore, Aft, Port, Starboard",-,-,-,-,-,-,-,Local (1)
510,Light Guns (4 x 4.7-inch),"Fore, Aft, Port, Starboard","4""","8""","12""","16""",2,-2,1,"Restricted, Weak"
510,AA Battery,"Fore, Aft, Port, Starboard",-,-,-,-,-,-,-,Local (1)
511,Light Guns (1 x 3-inch),"Fore, Port, Starboard","3""","6""","9""","13""",1,-2,1,"Slow-Loading, Weak"
511,Forward Mk VIII Torpedoes,Fore,"1""","3""","4""","6""",6,-,3,"Devastating, Slow-Loading"
511,Aft Mk VIII Torpedoes,"Fore, Aft, Port, Starboard","1""","3""","4""","6""",1,-,3,"Devastating, One-Shot"
511,AA Battery,"Fore, Aft, Port, Starboard",-,-,-,-,-,-,-,Local (1)
512,Light Guns (1 x 4-inch),"Aft, Port, Starboard","3""","6""","9""","12""",1,-2,1,"Weak, Slow-Loading"
512,AA Battery,"Fore, Aft, Port, Starboard",-,-,-,-,-,-,-,Local (0)
513,Light Guns (1 x 3-inch),"Fore, Port, Starboard","3""","6""","9""","13""",1,-2,1,"Slow-Loading, Weak"
513,Forward Mk VIII Torpedoes,Fore,"1""","3""","4""","6""",6,-,3,"Devastating, Slow-Loading"
513,AA Battery,"Fore, Aft, Port, Starboard",-,-,-,-,-,-,-,Local (1)
514,Light Guns (1 x 4-inch),"Aft, Port, Starboard","3""","6""","9""","12""",1,-2,1,"Weak, Slow-Loading"
514,AA Battery,"Fore, Aft, Port, Starboard",-,-,-,-,-,-,-,Local (1)
515,Light Guns (1 x 3-inch),"Fore, Port, Starboard","3""","6""","9""","13""",1,-2,1,"Slow-Loading, Weak"
515,Forward Mk VIII Torpedoes,Fore,"1""","3""","4""","6""",6,-,3,"Devastating, Slow-Loading"
515,AA Battery,"Fore, Aft, Port, Starboard",-,-,-,-,-,-,-,Local (1)
516,Light Guns (1 x 5-inch),"Aft, Port, Starboard","4""","9""","13""","18""",1,-2,1,"DP, Slow-Loading, Weak"
516,AA Battery,"Fore, Aft, Port, Starboard","1""","3""","4""","6""",1,-,-,Local (1)
517,Light Guns (1 x 3-inch),"Fore, Port, Starboard","3""","6""","9""","13""",1,-2,1,"Slow-Loading, Weak"
517,Forward Mk VIII Torpedoes,Fore,"1""","3""","4""","6""",6,-,3,"Devastating, Slow-Loading"
517,Aft Mk VIII Torpedoes,"Fore, Aft, Port, Starboard","1""","3""","4""","6""",1,-,3,"Devastating, One-Shot"
517,AA Battery,"Fore, Aft, Port, Starboard",-,-,-,-,-,-,-,Local (1)
518,Light Guns,"Fore, Port, Starboard","3""","6""","9""","13""",1,-2,1,"Slow-Loading, Weak"
518,Forward Mk VIII Torpedoes,Fore,"1""","3""","4""","6""",4,-,3,"Devastating, Slow-Loading"
518,AA Battery,"Fore, Aft, Port, Starboard",-,-,-,-,-,-,-,Local (1)
519,Light Guns,"Fore, Port, Starboard","3""","6""","9""","13""",1,-2,1,"Slow-Loading, Weak"
519,Forward Mk VIII Torpedoes,Fore,"1""","3""","4""","6""",4,-,3,"Devastating, Slow-Loading"
519,AA Battery,"Fore, Aft, Port, Starboard",-,-,-,-,-,-,-,Local (1)
520,Light Guns (1 x 4-inch),"Fore, Port, Starboard","2""","5""","7""","10""",1,-2,1,"Slow-Loading, Weak"
520,Forward Mk VIII* Torpedoes,Fore,"1""","3""","4""","6""",6,-,3,"Devastating, Slow-Loading"
520,AA Battery,"Fore, Aft, Port, Starboard",-,-,-,-,-,-,-,Local (1)
521,Light Guns (1 x 4-inch),"Fore, Port, Starboard","2""","5""","7""","10""",1,-2,1,"Slow-Loading, Weak"
521,Forward Mk VIII* Torpedoes,Fore,"1""","3""","4""","6""",6,-,3,"Devastating, One-Shot"
521,AA Battery,"Fore, Aft, Port, Starboard",-,-,-,-,-,-,-,Local (1)
522,A Turret (2 x 15-inch),"Fore, Port, Starboard","7""","15""","22""","30""",2,2,3,-
522,B Turret (2 x 15-inch),"Fore, Port, Starboard","7""","15""","22""","30""",2,2,3,-
522,X Turret (2 x 15-inch),"Aft, Port, Starboard","7""","15""","22""","30""",2,2,3,-
522,Y Turret (2 x 15-inch),"Aft, Port, Starboard","7""","15""","22""","30""",2,2,3,-
522,Light Guns (12 x 5.5-inch),"Fore, Aft, Port, Starboard","4""","9""","13""","18""",8,-2,1,"Restricted, Weak"
522,Light Guns (8 x 4-inch),"Fore, Aft, Port, Starboard","5""","10""","15""","20""",4,-2,1,"DP, Restricted, Weak"
522,Port Mk IV Torpedoes,Port,"2""","5""","7""","10""",2,-,2,"Devastating, Slow-Loading"
522,Starboard Mk IV Torpedoes,Starboard,"2""","5""","7""","10""",2,-,2,"Devastating, Slow-Loading"
522,AA Battery,"Fore, Aft, Port, Starboard",-,-,-,-,-,-,-,Local (5)
523,A Turret (2 x 15-inch),"Fore, Port, Starboard","7""","15""","22""","30""",2,2,3,-
523,B Turret (2 x 15-inch),"Fore, Port, Starboard","7""","15""","22""","30""",2,2,3,-
523,X Turret (2 x 15-inch),"Aft, Port, Starboard","7""","15""","22""","30""",2,2,3,-
523,Y Turret (2 x 15-inch),"Aft, Port, Starboard","7""","15""","22""","30""",2,2,3,-
523,Light Guns (14 x 4-inch),"Fore, Aft, Port, Starboard","5""","10""","15""","20""",7,-2,1,"DP, Restricted, Weak"
523,Port Mk IV Torpedoes,Port,"2""","5""","7""","10""",2,-,2,"Devastating, Slow-Loading"
523,Starboard Mk IV Torpedoes,Starboard,"2""","5""","7""","10""",2,-,2,"Devastating, Slow-Loading"
523,AA Battery,"Fore, Aft, Port, Starboard",-,-,-,-,-,-,-,Local (5)
524,A Turret (2 x 15-inch),"Fore, Port, Starboard","7""","15""","22""","30""",2,2,3,-
524,B Turret (2 x 15-inch),"Fore, Port, Starboard","7""","15""","22""","30""",2,2,3,-
524,X Turret (2 x 15-inch),"Aft, Port, Starboard","7""","15""","22""","30""",2,2,3,-
524,Y Turret (2 x 15-inch),"Aft, Port, Starboard","7""","15""","22""","30""",2,2,3,-
524,Light Guns (14 x 4-inch),"Fore, Aft, Port, Starboard","5""","10""","15""","20""",7,-2,1,"DP, Restricted, Weak"
524,Port Mk IV Torpedoes,Port,"2""","5""","7""","10""",2,-,2,"Devastating, Slow-Loading"
524,Starboard Mk IV Torpedoes,Starboard,"2""","5""","7""","10""",2,-,2,"Devastating, Slow-Loading"
524,AA Battery,"Fore, Aft, Port, Starboard",-,-,-,-,-,-,-,Local (5)
525,A Turret (2 x 15-inch),"Fore, Port, Starboard","7""","15""","22""","30""",2,2,3,-
525,B Turret (2 x 15-inch),"Fore, Port, Starboard","7""","15""","22""","30""",2,2,3,-
525,X Turret (2 x 15-inch),"Aft, Port, Starboard","7""","15""","22""","30""",2,2,3,-
525,Y Turret (2 x 15-inch),"Aft, Port, Starboard","7""","15""","22""","30""",2,2,3,-
525,Light Guns (16 x 5.25-inch),"Fore, Aft, Port, Starboard","5""","11""","17""","23""",8,-1,1,"DP, Restricted, Weak"
525,AA Battery,"Fore, Aft, Port, Starboard",-,-,-,-,-,-,-,Local (10)
526,A Turret (4 x 14-inch),"Fore, Port, Starboard","9""","19""","29""","39""",4,2,3,-
526,B Turret (2 x 14-inch),"Fore, Port, Starboard","9""","19""","29""","39""",2,2,3,-
526,Y Turret (4 x 14-inch),"Aft, Port, Starboard","9""","19""","29""","39""",4,2,3,-
526,Light Guns (16 x 5.25-inch),"Fore, Aft, Port, Starboard","5""","11""","17""","23""",10,-1,1,"DP, Restricted, Weak"
526,AA Battery,"Fore, Aft, Port, Starboard",-,-,-,-,-,-,-,Local (6)
527,A Turret (4 x 14-inch),"Fore, Port, Starboard","9""","19""","29""","39""",4,2,3,-
527,B Turret (2 x 14-inch),"Fore, Port, Starboard","9""","19""","29""","39""",2,2,3,-
527,Y Turret (4 x 14-inch),"Aft, Port, Starboard","9""","19""","29""","39""",4,2,3,-
527,Light Guns (16 x 5.25-inch),"Fore, Aft, Port, Starboard","5""","11""","17""","23""",10,-1,1,"DP, Restricted, Weak"
527,AA Battery,"Fore, Aft, Port, Starboard",-,-,-,-,-,-,-,Local (10)
528,A Turret (4 x 14-inch),"Fore, Port, Starboard","9""","19""","29""","39""",4,2,3,-
528,B Turret (2 x 14-inch),"Fore, Port, Starboard","9""","19""","29""","39""",2,2,3,-
528,Y Turret (4 x 14-inch),"Aft, Port, Starboard","9""","19""","29""","39""",4,2,3,-
528,Light Guns (16 x 5.25-inch),"Fore, Aft, Port, Starboard","5""","11""","17""","23""",10,-1,1,"DP, Restricted, Weak"
528,AA Battery,"Fore, Aft, Port, Starboard",-,-,-,-,-,-,-,Local (11)
529,A Turret (4 x 14-inch),"Fore, Port, Starboard","9""","19""","29""","39""",4,2,3,-
529,B Turret (2 x 14-inch),"Fore, Port, Starboard","9""","19""","29""","39""",2,2,3,-
529,Y Turret (4 x 14-inch),"Aft, Port, Starboard","9""","19""","29""","39""",4,2,3,-
529,Light Guns (16 x 5.25-inch),"Fore, Aft, Port, Starboard","5""","11""","17""","23""",10,-1,1,"DP, Restricted, Weak"
529,AA Battery,"Fore, Aft, Port, Starboard","1""","2""","3""","5""",2,-,-,Local (15)
530,A Turret (4 x 14-inch),"Fore, Port, Starboard","9""","19""","29""","39""",4,2,3,-
530,B Turret (2 x 14-inch),"Fore, Port, Starboard","9""","19""","29""","39""",2,2,3,-
530,Y Turret (4 x 14-inch),"Aft, Port, Starboard","9""","19""","29""","39""",4,2,3,-
530,Light Guns (16 x 5.25-inch),"Fore, Aft, Port, Starboard","5""","11""","17""","23""",10,-1,1,"DP, Restricted, Weak"
530,AA Battery,"Fore, Aft, Port, Starboard","1""","2""","3""","5""",5,-,-,Local (18)
531,A Turret (4 x 14-inch),"Fore, Port, Starboard","9""","19""","29""","39""",4,2,3,-
531,B Turret (2 x 14-inch),"Fore, Port, Starboard","9""","19""","29""","39""",2,2,3,-
531,Y Turret (4 x 14-inch),"Aft, Port, Starboard","9""","19""","29""","39""",4,2,3,-
531,Light Guns (16 x 5.25-inch),"Fore, Aft, Port, Starboard","5""","11""","17""","23""",10,-1,1,"DP, Restricted, Weak"
531,AA Battery,"Fore, Aft, Port, Starboard",-,-,-,-,-,-,-,Local (12)
532,A Turret (4 x 14-inch),"Fore, Port, Starboard","9""","19""","29""","39""",4,2,3,-
532,B Turret (2 x 14-inch),"Fore, Port, Starboard","9""","19""","29""","39""",2,2,3,-
532,Y Turret (4 x 14-inch),"Aft, Port, Starboard","9""","19""","29""","39""",4,2,3,-
532,Light Guns (16 x 5.25-inch),"Fore, Aft, Port, Starboard","5""","11""","17""","23""",10,-1,1,"DP, Restricted, Weak"
532,AA Battery,"Fore, Aft, Port, Starboard",-,-,-,-,-,-,-,Local (12)
533,A Turret (4 x 14-inch),"Fore, Port, Starboard","9""","19""","29""","39""",4,2,3,-
533,B Turret (2 x 14-inch),"Fore, Port, Starboard","9""","19""","29""","39""",2,2,3,-
533,Y Turret (4 x 14-inch),"Aft, Port, Starboard","9""","19""","29""","39""",4,2,3,-
533,Light Guns (16 x 5.25-inch),"Fore, Aft, Port, Starboard","5""","11""","17""","23""",10,-1,1,"DP, Restricted, Weak"
533,AA Battery,"Fore, Aft, Port, Starboard","1""","2""","3""","5""",2,-,-,Local (20)
534,A Turret (4 x 14-inch),"Fore, Port, Starboard","9""","19""","29""","39""",4,2,3,-
534,B Turret (2 x 14-inch),"Fore, Port, Starboard","9""","19""","29""","39""",2,2,3,-
534,Y Turret (4 x 14-inch),"Aft, Port, Starboard","9""","19""","29""","39""",4,2,3,-
534,Light Guns (16 x 5.25-inch),"Fore, Aft, Port, Starboard","5""","11""","17""","23""",10,-1,1,"DP, Restricted, Weak"
534,AA Battery,"Fore, Aft, Port, Starboard",-,-,-,-,-,-,-,Local (10)
535,A Turret (4 x 14-inch),"Fore, Port, Starboard","9""","19""","29""","39""",4,2,3,-
535,B Turret (2 x 14-inch),"Fore, Port, Starboard","9""","19""","29""","39""",2,2,3,-
535,Y Turret (4 x 14-inch),"Aft, Port, Starboard","9""","19""","29""","39""",4,2,3,-
535,Light Guns (16 x 5.25-inch),"Fore, Aft, Port, Starboard","5""","11""","17""","23""",10,-1,1,"DP, Restricted, Weak"
535,AA Battery,"Fore, Aft, Port, Starboard",-,-,-,-,-,-,-,Local (11)
536,A Turret (4 x 14-inch),"Fore, Port, Starboard","9""","19""","29""","39""",4,2,3,-
536,B Turret (2 x 14-inch),"Fore, Port, Starboard","9""","19""","29""","39""",2,2,3,-
536,Y Turret (4 x 14-inch),"Aft, Port, Starboard","9""","19""","29""","39""",4,2,3,-
536,Light Guns (16 x 5.25-inch),"Fore, Aft, Port, Starboard","5""","11""","17""","23""",10,-1,1,"DP, Restricted, Weak"
536,AA Battery,"Fore, Aft, Port, Starboard",-,-,-,-,-,-,-,Local (11)
537,A Turret (4 x 14-inch),"Fore, Port, Starboard","9""","19""","29""","39""",4,2,3,-
537,B Turret (2 x 14-inch),"Fore, Port, Starboard","9""","19""","29""","39""",2,2,3,-
537,Y Turret (4 x 14-inch),"Aft, Port, Starboard","9""","19""","29""","39""",4,2,3,-
537,Light Guns (16 x 5.25-inch),"Fore, Aft, Port, Starboard","5""","11""","17""","23""",10,-1,1,"DP, Restricted, Weak"
537,AA Battery,"Fore, Aft, Port, Starboard","1""","2""","3""","5""",2,-,-,Local (21)
538,A Turret (4 x 14-inch),"Fore, Port, Starboard","9""","19""","29""","39""",4,2,3,-
538,B Turret (2 x 14-inch),"Fore, Port, Starboard","9""","19""","29""","39""",2,2,3,-
538,Y Turret (4 x 14-inch),"Aft, Port, Starboard","9""","19""","29""","39""",4,2,3,-
538,Light Guns (16 x 5.25-inch),"Fore, Aft, Port, Starboard","5""","11""","17""","23""",10,-1,1,"DP, Restricted, Weak"
538,AA Battery,"Fore, Aft, Port, Starboard","1""","2""","3""","5""",1,-,-,Local (10)
539,A Turret (3 x 16-inch),"Fore, Port, Starboard","10""","20""","30""","41""",3,2,3,Heavy
539,B Turret (3 x 16-inch),"Fore, Port, Starboard","10""","20""","30""","41""",3,2,3,Heavy
539,X Turret (3 x 16-inch),"Aft, Port, Starboard","10""","20""","30""","41""",3,2,3,Heavy
539,Light Guns (16 x 5.25-inch),"Fore, Aft, Port, Starboard","5""","11""","17""","23""",8,-1,1,"DP, Restricted, Weak"
539,AA Battery,"Fore, Aft, Port, Starboard",-,-,-,-,-,-,-,Local (9)
540,A Turret (3 x 18-inch),"Fore, Port, Starboard","11""","22""","33""","44""",3,2,4,Heavy
540,B Turret (3 x 18-inch),"Fore, Port, Starboard","11""","22""","33""","44""",3,2,4,Heavy
540,Q Turret (3 x 18-inch),"Port, Starboard","11""","22""","33""","44""",3,2,4,Heavy
540,Light Guns (16 x 6-inch),"Fore, Aft, Port, Starboard","6""","13""","19""","26""",8,-1,1,"Twin-Linked, Restricted"
540,Light Guns (6 x 4.7-inch),"Fore, Aft, Port, Starboard","4""","8""","12""","16""",4,-2,1,"DP, Restricted, Weak"
540,Port Mk I Torpedoes,Port,"4""","9""","13""","18""",1,-,3,"Devastating, Slow-Loading"
540,Starboard Mk I Torpedoes,Starboard,"4""","9""","13""","18""",1,-,3,"Devastating, Slow-Loading"
540,AA Battery,"Fore, Aft, Port, Starboard",-,-,-,-,-,-,-,Local (8)
541,A Turret (3 x 16-inch),"Fore, Port, Starboard","9""","19""","29""","39""",3,2,3,-
541,B Turret (3 x 16-inch),"Fore, Port, Starboard","9""","19""","29""","39""",3,2,3,-
541,Q Turret (3 x 16-inch),"Port, Starboard","9""","19""","29""","39""",3,2,3,-
541,Light Guns (12 x 6-inch),"Fore, Aft, Port, Starboard","6""","13""","19""","26""",6,-1,1,"Twin-Linked, Restricted"
541,Light Guns (6 x 4.7-inch),"Fore, Aft, Port, Starboard","4""","8""","12""","16""",3,-2,1,"DP, Restricted, Weak"
541,Forward Mk I Torpedoes,Fore,"4""","9""","13""","18""",2,-,3,"Devastating, Slow-Loading"
541,AA Battery,"Fore, Aft, Port, Starboard",-,-,-,-,-,-,-,Local (3)
542,A Turret (3 x 16-inch),"Fore, Port, Starboard","9""","19""","29""","39""",3,2,3,-
542,B Turret (3 x 16-inch),"Fore, Port, Starboard","9""","19""","29""","39""",3,2,3,-
542,Q Turret (3 x 16-inch),"Port, Starboard","9""","19""","29""","39""",3,2,3,-
542,Light Guns (12 x 6-inch),"Fore, Aft, Port, Starboard","6""","13""","19""","26""",6,-1,1,"Twin-Linked, Restricted"
542,Light Guns (6 x 4.7-inch),"Fore, Aft, Port, Starboard","4""","8""","12""","16""",3,-2,1,"DP, Restricted, Weak"
542,Forward Mk I Torpedoes,Fore,"4""","9""","13""","18""",2,-,3,"Devastating, Slow-Loading"
542,AA Battery,"Fore, Aft, Port, Starboard",-,-,-,-,-,-,-,Local (8)
543,A Turret (3 x 16-inch),"Fore, Port, Starboard","9""","19""","29""","39""",3,2,3,-
543,B Turret (3 x 16-inch),"Fore, Port, Starboard","9""","19""","29""","39""",3,2,3,-
543,Q Turret (3 x 16-inch),"Port, Starboard","9""","19""","29""","39""",3,2,3,-
543,Light Guns (12 x 6-inch),"Fore, Aft, Port, Starboard","6""","13""","19""","26""",6,-1,1,"Twin-Linked, Restricted"
543,Light Guns (6 x 4.7-inch),"Fore, Aft, Port, Starboard","4""","8""","12""","16""",3,-2,1,"DP, Restricted, Weak"
543,Forward Mk I Torpedoes,Fore,"4""","9""","13""","18""",2,-,3,"Devastating, Slow-Loading"
543,AA Battery,"Fore, Aft, Port, Starboard",-,-,-,-,-,-,-,Local (8)
544,A Turret (3 x 16-inch),"Fore, Port, Starboard","9""","19""","29""","39""",3,2,3,-
544,B Turret (3 x 16-inch),"Fore, Port, Starboard","9""","19""","29""","39""",3,2,3,-
544,Q Turret (3 x 16-inch),"Port, Starboard","9""","19""","29""","39""",3,2,3,-
544,Light Guns (12 x 6-inch),"Fore, Aft, Port, Starboard","6""","13""","19""","26""",6,-1,1,"Twin-Linked, Restricted"
544,Light Guns (6 x 4.7-inch),"Fore, Aft, Port, Starboard","4""","8""","12""","16""",3,-2,1,"DP, Restricted, Weak"
544,AA Battery,"Fore, Aft, Port, Starboard",-,-,-,-,-,-,-,Local (10)
545,A Turret (3 x 16-inch),"Fore, Port, Starboard","9""","19""","29""","39""",3,2,3,-
545,B Turret (3 x 16-inch),"Fore, Port, Starboard","9""","19""","29""","39""",3,2,3,-
545,Q Turret (3 x 16-inch),"Port, Starboard","9""","19""","29""","39""",3,2,3,-
545,Light Guns (12 x 6-inch),"Fore, Aft, Port, Starboard","6""","13""","19""","26""",6,-1,1,"Twin-Linked, Restricted"
545,Light Guns (6 x 4.7-inch),"Fore, Aft, Port, Starboard","4""","8""","12""","16""",3,-2,1,"DP, Restricted, Weak"
545,AA Battery,"Fore, Aft, Port, Starboard",-,-,-,-,-,-,-,Local (12)
546,A Turret (3 x 16-inch),"Fore, Port, Starboard","9""","19""","29""","39""",3,2,3,-
546,B Turret (3 x 16-inch),"Fore, Port, Starboard","9""","19""","29""","39""",3,2,3,-
546,Q Turret (3 x 16-inch),"Port, Starboard","9""","19""","29""","39""",3,2,3,-
546,Light Guns (12 x 6-inch),"Fore, Aft, Port, Starboard","6""","13""","19""","26""",6,-1,1,"Twin-Linked, Restricted"
546,Light Guns (6 x 4.7-inch),"Fore, Aft, Port, Starboard","4""","8""","12""","16""",3,-2,1,"DP, Restricted, Weak"
546,AA Battery,"Fore, Aft, Port, Starboard","1""","2""","3""","5""",3,-,-,Local (13)
547,A Turret (3 x 16-inch),"Fore, Port, Starboard","9""","19""","29""","39""",3,2,3,-
547,B Turret (3 x 16-inch),"Fore, Port, Starboard","9""","19""","29""","39""",3,2,3,-
547,Q Turret (3 x 16-inch),"Port, Starboard","9""","19""","29""","39""",3,2,3,-
547,Light Guns (12 x 6-inch),"Fore, Aft, Port, Starboard","6""","13""","19""","26""",6,-1,1,"Twin-Linked, Restricted"
547,Light Guns (6 x 4.7-inch),"Fore, Aft, Port, Starboard","4""","8""","12""","16""",3,-2,1,"DP, Restricted, Weak"
547,Forward Mk I Torpedoes,Fore,"4""","9""","13""","18""",2,-,3,"Devastating, Slow-Loading"
547,AA Battery,"Fore, Aft, Port, Starboard",-,-,-,-,-,-,-,Local (5)
548,A Turret (3 x 16-inch),"Fore, Port, Starboard","9""","19""","29""","39""",3,2,3,-
548,B Turret (3 x 16-inch),"Fore, Port, Starboard","9""","19""","29""","39""",3,2,3,-
548,Q Turret (3 x 16-inch),"Port, Starboard","9""","19""","29""","39""",3,2,3,-
548,Light Guns (12 x 6-inch),"Fore, Aft, Port, Starboard","6""","13""","19""","26""",6,-1,1,"Twin-Linked, Restricted"
548,Light Guns (6 x 4.7-inch),"Fore, Aft, Port, Starboard","4""","8""","12""","16""",3,-2,1,"DP, Restricted, Weak"
548,Forward Mk I Torpedoes,Fore,"4""","9""","13""","18""",2,-,3,"Devastating, Slow-Loading"
548,AA Battery,"Fore, Aft, Port, Starboard",-,-,-,-,-,-,-,Local (10)
549,A Turret (3 x 16-inch),"Fore, Port, Starboard","9""","19""","29""","39""",3,2,3,-
549,B Turret (3 x 16-inch),"Fore, Port, Starboard","9""","19""","29""","39""",3,2,3,-
549,Q Turret (3 x 16-inch),"Port, Starboard","9""","19""","29""","39""",3,2,3,-
549,Light Guns (12 x 6-inch),"Fore, Aft, Port, Starboard","6""","13""","19""","26""",6,-1,1,"Twin-Linked, Restricted"
549,Light Guns (6 x 4.7-inch),"Fore, Aft, Port, Starboard","4""","8""","12""","16""",3,-2,1,"DP, Restricted, Weak"
549,Forward Mk I Torpedoes,Fore,"4""","9""","13""","18""",2,-,3,"Devastating, Slow-Loading"
549,AA Battery,"Fore, Aft, Port, Starboard",-,-,-,-,-,-,-,Local (11)
550,A Turret (3 x 16-inch),"Fore, Port, Starboard","9""","19""","29""","39""",3,2,3,-
550,B Turret (3 x 16-inch),"Fore, Port, Starboard","9""","19""","29""","39""",3,2,3,-
550,Q Turret (3 x 16-inch),"Port, Starboard","9""","19""","29""","39""",3,2,3,-
550,Light Guns (12 x 6-inch),"Fore, Aft, Port, Starboard","6""","13""","19""","26""",6,-1,1,"Twin-Linked, Restricted"
550,Light Guns (6 x 4.7-inch),"Fore, Aft, Port, Starboard","4""","8""","12""","16""",3,-2,1,"DP, Restricted, Weak"
550,Forward Mk I Torpedoes,Fore,"4""","9""","13""","18""",2,-,3,"Devastating, Slow-Loading"
550,AA Battery,"Fore, Aft, Port, Starboard",-,-,-,-,-,-,-,Local (13)
551,A Turret (2 x 15-inch),"Fore, Port, Starboard","6""","12""","18""","24""",2,2,3,-
551,B Turret (2 x 15-inch),"Fore, Port, Starboard","6""","12""","18""","24""",2,2,3,-
551,X Turret (2 x 15-inch),"Aft, Port, Starboard","6""","12""","18""","24""",2,2,3,-
551,Y Turret (2 x 15-inch),"Aft, Port, Starboard","6""","12""","18""","24""",2,2,3,-
551,Light Guns (12 x 6-inch),"Fore, Aft, Port, Starboard","3""","6""","9""","13""",8,-2,1,"Restricted, Weak"
551,Light Guns (8 x 4-inch),"Fore, Aft, Port, Starboard","5""","10""","15""","20""",4,-2,1,"DP, Restricted, Weak"
551,AA Battery,"Fore, Aft, Port, Starboard",-,-,-,-,-,-,-,Local (3)
552,A Turret (2 x 15-inch),"Fore, Port, Starboard","6""","12""","18""","24""",2,2,3,-
552,B Turret (2 x 15-inch),"Fore, Port, Starboard","6""","12""","18""","24""",2,2,3,-
552,X Turret (2 x 15-inch),"Aft, Port, Starboard","6""","12""","18""","24""",2,2,3,-
552,Y Turret (2 x 15-inch),"Aft, Port, Starboard","6""","12""","18""","24""",2,2,3,-
552,Light Guns (12 x 6-inch),"Fore, Aft, Port, Starboard","3""","6""","9""","13""",8,-2,1,"Restricted, Weak"
552,Light Guns (8 x 4-inch),"Fore, Aft, Port, Starboard","5""","10""","15""","20""",4,-2,1,"DP, Restricted, Weak"
552,AA Battery,"Fore, Aft, Port, Starboard",-,-,-,-,-,-,-,Local (3)
553,A Turret (2 x 15-inch),"Fore, Port, Starboard","7""","15""","22""","30""",2,2,3,-
553,B Turret (2 x 15-inch),"Fore, Port, Starboard","7""","15""","22""","30""",2,2,3,-
553,X Turret (2 x 15-inch),"Aft, Port, Starboard","7""","15""","22""","30""",2,2,3,-
553,Y Turret (2 x 15-inch),"Aft, Port, Starboard","7""","15""","22""","30""",2,2,3,-
553,Light Guns (20 x 4.5-inch),"Fore, Aft, Port, Starboard","5""","10""","15""","21""",12,-1,1,"DP, Restricted, Weak"
553,AA Battery,"Fore, Aft, Port, Starboard",-,-,-,-,-,-,-,Local (7)
554,A Turret (2 x 15-inch),"Fore, Port, Starboard","7""","15""","22""","30""",2,2,3,-
554,B Turret (2 x 15-inch),"Fore, Port, Starboard","7""","15""","22""","30""",2,2,3,-
554,X Turret (2 x 15-inch),"Aft, Port, Starboard","7""","15""","22""","30""",2,2,3,-
554,Y Turret (2 x 15-inch),"Aft, Port, Starboard","7""","15""","22""","30""",2,2,3,-
554,Light Guns (20 x 4.5-inch),"Fore, Aft, Port, Starboard","5""","10""","15""","21""",12,-1,1,"DP, Restricted, Weak"
554,AA Battery,"Fore, Aft, Port, Starboard",-,-,-,-,-,-,-,Local (7)
555,A Turret (2 x 15-inch),"Fore, Port, Starboard","7""","15""","22""","30""",2,2,3,-
555,B Turret (2 x 15-inch),"Fore, Port, Starboard","7""","15""","22""","30""",2,2,3,-
555,X Turret (2 x 15-inch),"Aft, Port, Starboard","7""","15""","22""","30""",2,2,3,-
555,Y Turret (2 x 15-inch),"Aft, Port, Starboard","7""","15""","22""","30""",2,2,3,-
555,Light Guns (20 x 4.5-inch),"Fore, Aft, Port, Starboard","5""","10""","15""","21""",12,-1,1,"DP, Restricted, Weak"
555,AA Battery,"Fore, Aft, Port, Starboard",-,-,-,-,-,-,-,Local (9)
556,A Turret (2 x 15-inch),"Fore, Port, Starboard","7""","15""","22""","30""",2,2,3,-
556,B Turret (2 x 15-inch),"Fore, Port, Starboard","7""","15""","22""","30""",2,2,3,-
556,X Turret (2 x 15-inch),"Aft, Port, Starboard","7""","15""","22""","30""",2,2,3,-
556,Y Turret (2 x 15-inch),"Aft, Port, Starboard","7""","15""","22""","30""",2,2,3,-
556,Light Guns (8 x 6-inch),"Fore, Aft, Port, Starboard","3""","6""","9""","13""",6,-2,1,"Restricted, Weak"
556,Light Guns (8 x 4-inch),"Fore, Aft, Port, Starboard","5""","10""","15""","20""",4,-2,1,"DP, Restricted, Weak"
556,AA Battery,"Fore, Aft, Port, Starboard",-,-,-,-,-,-,-,Local (6)
557,A Turret (2 x 15-inch),"Fore, Port, Starboard","7""","15""","22""","30""",2,2,3,-
557,B Turret (2 x 15-inch),"Fore, Port, Starboard","7""","15""","22""","30""",2,2,3,-
557,X Turret (2 x 15-inch),"Aft, Port, Starboard","7""","15""","22""","30""",2,2,3,-
557,Y Turret (2 x 15-inch),"Aft, Port, Starboard","7""","15""","22""","30""",2,2,3,-
557,Light Guns (8 x 6-inch),"Fore, Aft, Port, Starboard","3""","6""","9""","13""",6,-2,1,"Restricted, Weak"
557,Light Guns (8 x 4-inch),"Fore, Aft, Port, Starboard","5""","10""","15""","20""",4,-2,1,"DP, Restricted, Weak"
557,AA Battery,"Fore, Aft, Port, Starboard",-,-,-,-,-,-,-,Local (7)
558,A Turret (2 x 15-inch),"Fore, Port, Starboard","7""","15""","22""","30""",2,2,3,-
558,B Turret (2 x 15-inch),"Fore, Port, Starboard","7""","15""","22""","30""",2,2,3,-
558,X Turret (2 x 15-inch),"Aft, Port, Starboard","7""","15""","22""","30""",2,2,3,-
558,Y Turret (2 x 15-inch),"Aft, Port, Starboard","7""","15""","22""","30""",2,2,3,-
558,Light Guns (8 x 6-inch),"Fore, Aft, Port, Starboard","3""","6""","9""","13""",6,-2,1,"Restricted, Weak"
558,Light Guns (8 x 4-inch),"Fore, Aft, Port, Starboard","5""","10""","15""","20""",4,-2,1,"DP, Restricted, Weak"
558,AA Battery,"Fore, Aft, Port, Starboard",-,-,-,-,-,-,-,Local (8)
559,A Turret (2 x 15-inch),"Fore, Port, Starboard","7""","15""","22""","30""",2,2,3,-
559,B Turret (2 x 15-inch),"Fore, Port, Starboard","7""","15""","22""","30""",2,2,3,-
559,X Turret (Inoperable),"Aft, Port, Starboard","7""","15""","22""","30""",2,2,3,-
559,Y Turret (2 x 15-inch),"Aft, Port, Starboard","7""","15""","22""","30""",2,2,3,-
559,Light Guns (8 x 4-inch),"Fore, Aft, Port, Starboard","5""","10""","15""","20""",4,-2,1,"DP, Restricted, Weak"
559,AA Battery,"Fore, Aft, Port, Starboard",-,-,-,-,-,-,-,Local (9)
560,A Turret (2 x 15-inch),"Fore, Port, Starboard","6""","12""","18""","24""",2,2,3,-
560,B Turret (2 x 15-inch),"Fore, Port, Starboard","6""","12""","18""","24""",2,2,3,-
560,X Turret (2 x 15-inch),"Aft, Port, Starboard","6""","12""","18""","24""",2,2,3,-
560,Y Turret (2 x 15-inch),"Aft, Port, Starboard","6""","12""","18""","24""",2,2,3,-
560,Light Guns (12 x 6-inch),"Fore, Aft, Port, Starboard","3""","6""","9""","13""",8,-2,1,"Restricted, Weak"
560,Light Guns (8 x 4-inch),"Fore, Aft, Port, Starboard","5""","10""","15""","20""",4,-2,1,"DP, Restricted, Weak"
560,AA Battery,"Fore, Aft, Port, Starboard",-,-,-,-,-,-,-,Local (8)
561,A Turret (2 x 15-inch),"Fore, Port, Starboard","6""","12""","18""","24""",2,2,3,-
561,B Turret (2 x 15-inch),"Fore, Port, Starboard","6""","12""","18""","24""",2,2,3,-
561,X Turret (2 x 15-inch),"Aft, Port, Starboard","6""","12""","18""","24""",2,2,3,-
561,Y Turret (2 x 15-inch),"Aft, Port, Starboard","6""","12""","18""","24""",2,2,3,-
561,Light Guns (12 x 6-inch),"Fore, Aft, Port, Starboard","3""","6""","9""","13""",8,-2,1,"Restricted, Weak"
561,Light Guns (8 x 4-inch),"Fore, Aft, Port, Starboard","5""","10""","15""","20""",4,-2,1,"DP, Restricted, Weak"
561,AA Battery,"Fore, Aft, Port, Starboard",-,-,-,-,-,-,-,Local (7)
562,A Turret (2 x 15-inch),"Fore, Port, Starboard","6""","12""","18""","24""",2,2,3,-
562,B Turret (2 x 15-inch),"Fore, Port, Starboard","6""","12""","18""","24""",2,2,3,-
562,X Turret (2 x 15-inch),"Aft, Port, Starboard","6""","12""","18""","24""",2,2,3,-
562,Y Turret (2 x 15-inch),"Aft, Port, Starboard","6""","12""","18""","24""",2,2,3,-
562,Light Guns (12 x 6-inch),"Fore, Aft, Port, Starboard","3""","6""","9""","13""",8,-2,1,"Restricted, Weak"
562,Light Guns (12 x 4-inch),"Fore, Aft, Port, Starboard","5""","10""","15""","20""",6,-2,1,"DP, Restricted, Weak"
562,AA Battery,"Fore, Aft, Port, Starboard",-,-,-,-,-,-,-,Local (7)
563,A Turret (2 x 15-inch),"Fore, Port, Starboard","6""","12""","18""","24""",2,2,3,-
563,B Turret (2 x 15-inch),"Fore, Port, Starboard","6""","12""","18""","24""",2,2,3,-
563,X Turret (2 x 15-inch),"Aft, Port, Starboard","6""","12""","18""","24""",2,2,3,-
563,Y Turret (2 x 15-inch),"Aft, Port, Starboard","6""","12""","18""","24""",2,2,3,-
563,Light Guns (12 x 4-inch),"Fore, Aft, Port, Starboard","5""","10""","15""","20""",6,-2,1,"DP, Restricted, Weak"
563,AA Battery,"Fore, Aft, Port, Starboard",-,-,-,-,-,-,-,Local (9)
564,A Turret (2 x 15-inch),"Fore, Port, Starboard","7""","15""","22""","30""",2,2,3,-
564,B Turret (2 x 15-inch),"Fore, Port, Starboard","7""","15""","22""","30""",2,2,3,-
564,X Turret (2 x 15-inch),"Aft, Port, Starboard","7""","15""","22""","30""",2,2,3,-
564,Y Turret (2 x 15-inch),"Aft, Port, Starboard","7""","15""","22""","30""",2,2,3,-
564,Light Guns (20 x 4.5-inch),"Fore, Aft, Port, Starboard","5""","10""","15""","21""",12,-1,1,"DP, Restricted, Weak"
564,AA Battery,"Fore, Aft, Port, Starboard",-,-,-,-,-,-,-,Local (8)
565,A Turret (2 x 15-inch),"Fore, Port, Starboard","7""","15""","22""","30""",2,2,3,-
565,B Turret (2 x 15-inch),"Fore, Port, Starboard","7""","15""","22""","30""",2,2,3,-
565,X Turret (2 x 15-inch),"Aft, Port, Starboard","7""","15""","22""","30""",2,2,3,-
565,Y Turret (2 x 15-inch),"Aft, Port, Starboard","7""","15""","22""","30""",2,2,3,-
565,Light Guns (20 x 4.5-inch),"Fore, Aft, Port, Starboard","5""","10""","15""","21""",12,-1,1,"DP, Restricted, Weak"
565,AA Battery,"Fore, Aft, Port, Starboard",-,-,-,-,-,-,-,Local (9)
566,A Turret (2 x 15-inch),"Fore, Port, Starboard","8""","16""","24""","32""",2,2,3,-
566,B Turret (2 x 15-inch),"Fore, Port, Starboard","8""","16""","24""","32""",2,2,3,-
566,X Turret (2 x 15-inch),"Aft, Port, Starboard","8""","16""","24""","32""",2,2,3,-
566,Light Guns (20 x 4.5-inch),"Fore, Aft, Port, Starboard","5""","10""","15""","21""",12,-1,1,"DP, Restricted, Weak"
566,Port Mk IX Torpedoes,Port,"3""","6""","9""","12""",2,-,3,"Devastating, One-Shot"
566,Port Mk IX Torpedoes,Port,"3""","6""","9""","12""",2,-,3,"Devastating, One-Shot"
566,Starboard Mk IX Torpedoes,Starboard,"3""","6""","9""","12""",2,-,3,"Devastating, One-Shot"
566,Starboard Mk IX Torpedoes,Starboard,"3""","6""","9""","12""",2,-,3,"Devastating, One-Shot"
566,AA Battery,"Fore, Aft, Port, Starboard",-,-,-,-,-,-,-,Local (3)
567,A Turret (2 x 15-inch),"Fore, Port, Starboard","8""","16""","24""","32""",2,2,3,-
567,B Turret (2 x 15-inch),"Fore, Port, Starboard","8""","16""","24""","32""",2,2,3,-
567,X Turret (2 x 15-inch),"Aft, Port, Starboard","8""","16""","24""","32""",2,2,3,-
567,Light Guns (20 x 4.5-inch),"Fore, Aft, Port, Starboard","5""","10""","15""","21""",12,-1,1,"DP, Restricted, Weak"
567,Port Mk IX Torpedoes,Port,"3""","6""","9""","12""",2,-,3,"Devastating, One-Shot"
567,Port Mk IX Torpedoes,Port,"3""","6""","9""","12""",2,-,3,"Devastating, One-Shot"
567,Starboard Mk IX Torpedoes,Starboard,"3""","6""","9""","12""",2,-,3,"Devastating, One-Shot"
567,Starboard Mk IX Torpedoes,Starboard,"3""","6""","9""","12""",2,-,3,"Devastating, One-Shot"
567,AA Battery,"Fore, Aft, Port, Starboard",-,-,-,-,-,-,-,Local (6)
568,A Turret (2 x 15-inch),"Fore, Port, Starboard","8""","16""","24""","32""",2,2,3,-
568,B Turret (2 x 15-inch),"Fore, Port, Starboard","8""","16""","24""","32""",2,2,3,-
568,X Turret (2 x 15-inch),"Aft, Port, Starboard","8""","16""","24""","32""",2,2,3,-
568,Light Guns (20 x 4.5-inch),"Fore, Aft, Port, Starboard","5""","10""","15""","21""",12,-1,1,"DP, Restricted, Weak"
568,Port Mk IX Torpedoes,Port,"3""","6""","9""","12""",2,-,3,"Devastating, One-Shot"
568,Port Mk IX Torpedoes,Port,"3""","6""","9""","12""",2,-,3,"Devastating, One-Shot"
568,Starboard Mk IX Torpedoes,Starboard,"3""","6""","9""","12""",2,-,3,"Devastating, One-Shot"
568,Starboard Mk IX Torpedoes,Starboard,"3""","6""","9""","12""",2,-,3,"Devastating, One-Shot"
568,AA Battery,"Fore, Aft, Port, Starboard",-,-,-,-,-,-,-,Local (7)
569,A Turret (2 x 15-inch),"Fore, Port, Starboard","8""","16""","24""","32""",2,2,3,-
569,B Turret (2 x 15-inch),"Fore, Port, Starboard","8""","16""","24""","32""",2,2,3,-
569,X Turret (2 x 15-inch),"Aft, Port, Starboard","8""","16""","24""","32""",2,2,3,-
569,Light Guns (20 x 4.5-inch),"Fore, Aft, Port, Starboard","5""","10""","15""","21""",12,-1,1,"DP, Restricted, Weak"
569,Port Mk IX Torpedoes,Port,"3""","6""","9""","12""",2,-,3,"Devastating, One-Shot"
569,Port Mk IX Torpedoes,Port,"3""","6""","9""","12""",2,-,3,"Devastating, One-Shot"
569,Starboard Mk IX Torpedoes,Starboard,"3""","6""","9""","12""",2,-,3,"Devastating, One-Shot"
569,Starboard Mk IX Torpedoes,Starboard,"3""","6""","9""","12""",2,-,3,"Devastating, One-Shot"
569,AA Battery,"Fore, Aft, Port, Starboard",-,-,-,-,-,-,-,Local (9)
570,A Turret (2 x 15-inch),"Fore, Port, Starboard","8""","16""","24""","32""",2,2,3,-
570,B Turret (2 x 15-inch),"Fore, Port, Starboard","8""","16""","24""","32""",2,2,3,-
570,X Turret (2 x 15-inch),"Aft, Port, Starboard","8""","16""","24""","32""",2,2,3,-
570,Light Guns (20 x 4.5-inch),"Fore, Aft, Port, Starboard","5""","10""","15""","21""",12,-1,1,"DP, Restricted, Weak"
570,AA Battery,"Fore, Aft, Port, Starboard",-,-,-,-,-,-,-,Local (9)
571,A Turret (2 x 15-inch),"Fore, Port, Starboard","6""","12""","18""","24""",2,1,3,-
571,B Turret (2 x 15-inch),"Fore, Port, Starboard","6""","12""","18""","24""",2,1,3,-
571,X Turret (2 x 15-inch),"Aft, Port, Starboard","6""","12""","18""","24""",2,1,3,-
571,Light Guns (12 x 4-inch),"Fore, Aft, Port, Starboard","3""","7""","10""","14""",4,-2,1,Weak
571,Light Guns (4 x 4-inch),"Fore, Aft, Port, Starboard","4""","8""","12""","17""",2,-2,1,"DP, Restricted, Weak"
571,Port Mk IX Torpedoes,Port,"3""","6""","9""","12""",2,-,3,"Devastating, One-Shot"
571,Port Mk IX Torpedoes,Port,"3""","6""","9""","12""",2,-,3,"Devastating, One-Shot"
571,Starboard Mk IX Torpedoes,Starboard,"3""","6""","9""","12""",2,-,3,"Devastating, One-Shot"
571,Starboard Mk IX Torpedoes,Starboard,"3""","6""","9""","12""",2,-,3,"Devastating, One-Shot"
571,AA Battery,"Fore, Aft, Port, Starboard",-,-,-,-,-,-,-,Local (3)
572,A Turret (2 x 15-inch),"Fore, Port, Starboard","6""","12""","18""","24""",2,1,3,-
572,B Turret (2 x 15-inch),"Fore, Port, Starboard","6""","12""","18""","24""",2,1,3,-
572,X Turret (2 x 15-inch),"Aft, Port, Starboard","6""","12""","18""","24""",2,1,3,-
572,Light Guns (9 x 4-inch),"Fore, Aft, Port, Starboard","3""","7""","10""","14""",3,-2,1,Weak
572,Light Guns (4 x 4-inch),"Fore, Aft, Port, Starboard","4""","8""","12""","17""",2,-2,1,"DP, Restricted, Weak"
572,Port Mk IX Torpedoes,Port,"3""","6""","9""","12""",2,-,3,"Devastating, One-Shot"
572,Port Mk IX Torpedoes,Port,"3""","6""","9""","12""",2,-,3,"Devastating, One-Shot"
572,Starboard Mk IX Torpedoes,Starboard,"3""","6""","9""","12""",2,-,3,"Devastating, One-Shot"
572,Starboard Mk IX Torpedoes,Starboard,"3""","6""","9""","12""",2,-,3,"Devastating, One-Shot"
572,AA Battery,"Fore, Aft, Port, Starboard",-,-,-,-,-,-,-,Local (5)
573,A Turret (2 x 15-inch),"Fore, Port, Starboard","6""","12""","18""","24""",2,1,3,-
573,B Turret (2 x 15-inch),"Fore, Port, Starboard","6""","12""","18""","24""",2,1,3,-
573,X Turret (2 x 15-inch),"Aft, Port, Starboard","6""","12""","18""","24""",2,1,3,-
573,Light Guns (9 x 4-inch),"Fore, Aft, Port, Starboard","3""","7""","10""","14""",3,-2,1,Weak
573,Light Guns (4 x 4-inch),"Fore, Aft, Port, Starboard","4""","8""","12""","17""",2,-2,1,"DP, Restricted, Weak"
573,Port Mk IX Torpedoes,Port,"3""","6""","9""","12""",2,-,3,"Devastating, One-Shot"
573,Port Mk IX Torpedoes,Port,"3""","6""","9""","12""",2,-,3,"Devastating, One-Shot"
573,Starboard Mk IX Torpedoes,Starboard,"3""","6""","9""","12""",2,-,3,"Devastating, One-Shot"
573,Starboard Mk IX Torpedoes,Starboard,"3""","6""","9""","12""",2,-,3,"Devastating, One-Shot"
573,AA Battery,"Fore, Aft, Port, Starboard",-,-,-,-,-,-,-,Local (6)
574,A Turret (2 x 15-inch),"Fore, Port, Starboard","6""","12""","18""","24""",2,2,3,-
574,B Turret (2 x 15-inch),"Fore, Port, Starboard","6""","12""","18""","24""",2,2,3,-
574,X Turret (2 x 15-inch),"Aft, Port, Starboard","6""","12""","18""","24""",2,2,3,-
574,Y Turret (2 x 15-inch),"Aft, Port, Starboard","6""","12""","18""","24""",2,2,3,-
574,Light Guns (12 x 6-inch),"Fore, Aft, Port, Starboard","3""","6""","9""","13""",8,-2,1,"Restricted, Weak"
574,Light Guns (8 x 4-inch),"Fore, Aft, Port, Starboard","5""","10""","15""","20""",4,-2,1,"DP, Restricted, Weak"
574,AA Battery,"Fore, Aft, Port, Starboard",-,-,-,-,-,-,-,Local (3)
575,A Turret (2 x 15-inch),"Fore, Port, Starboard","6""","12""","18""","24""",2,2,3,-
575,B Turret (2 x 15-inch),"Fore, Port, Starboard","6""","12""","18""","24""",2,2,3,-
575,X Turret (2 x 15-inch),"Aft, Port, Starboard","6""","12""","18""","24""",2,2,3,-
575,Y Turret (2 x 15-inch),"Aft, Port, Starboard","6""","12""","18""","24""",2,2,3,-
575,Light Guns (12 x 6-inch),"Fore, Aft, Port, Starboard","3""","6""","9""","13""",8,-2,1,"Restricted, Weak"
575,Light Guns (8 x 4-inch),"Fore, Aft, Port, Starboard","5""","10""","15""","20""",4,-2,1,"DP, Restricted, Weak"
575,AA Battery,"Fore, Aft, Port, Starboard",-,-,-,-,-,-,-,Local (3)
576,A Turret (2 x 15-inch),"Fore, Port, Starboard","6""","12""","18""","24""",2,2,3,-
576,B Turret (2 x 15-inch),"Fore, Port, Starboard","6""","12""","18""","24""",2,2,3,-
576,X Turret (2 x 15-inch),"Aft, Port, Starboard","6""","12""","18""","24""",2,2,3,-
576,Y Turret (2 x 15-inch),"Aft, Port, Starboard","6""","12""","18""","24""",2,2,3,-
576,Light Guns (12 x 6-inch),"Fore, Aft, Port, Starboard","3""","6""","9""","13""",8,-2,1,"Restricted, Weak"
576,Light Guns (8 x 4-inch),"Fore, Aft, Port, Starboard","5""","10""","15""","20""",4,-2,1,"DP, Restricted, Weak"
576,AA Battery,"Fore, Aft, Port, Starboard",-,-,-,-,-,-,-,Local (3)
577,A Turret (2 x 15-inch),"Fore, Port, Starboard","6""","12""","18""","24""",2,2,3,-
577,B Turret (2 x 15-inch),"Fore, Port, Starboard","6""","12""","18""","24""",2,2,3,-
577,X Turret (2 x 15-inch),"Aft, Port, Starboard","6""","12""","18""","24""",2,2,3,-
577,Y Turret (2 x 15-inch),"Aft, Port, Starboard","6""","12""","18""","24""",2,2,3,-
577,Light Guns (12 x 6-inch),"Fore, Aft, Port, Starboard","3""","6""","9""","13""",8,-2,1,"Restricted, Weak"
577,Light Guns (8 x 4-inch),"Fore, Aft, Port, Starboard","5""","10""","15""","20""",4,-2,1,"DP, Restricted, Weak"
577,AA Battery,"Fore, Aft, Port, Starboard",-,-,-,-,-,-,-,Local (3)
578,A Turret (2 x 15-inch),"Fore, Port, Starboard","6""","12""","18""","24""",2,2,3,-
578,B Turret (2 x 15-inch),"Fore, Port, Starboard","6""","12""","18""","24""",2,2,3,-
578,X Turret (2 x 15-inch),"Aft, Port, Starboard","6""","12""","18""","24""",2,2,3,-
578,Y Turret (2 x 15-inch),"Aft, Port, Starboard","6""","12""","18""","24""",2,2,3,-
578,Light Guns (12 x 6-inch),"Fore, Aft, Port, Starboard","3""","6""","9""","13""",8,-2,1,"Restricted, Weak"
578,Light Guns (8 x 4-inch),"Fore, Aft, Port, Starboard","5""","10""","15""","20""",4,-2,1,"DP, Restricted, Weak"
578,AA Battery,"Fore, Aft, Port, Starboard",-,-,-,-,-,-,-,Local (5)
579,A Turret (2 x 15-inch),"Fore, Port, Starboard","6""","12""","18""","24""",2,2,3,-
579,B Turret (2 x 15-inch),"Fore, Port, Starboard","6""","12""","18""","24""",2,2,3,-
579,X Turret (2 x 15-inch),"Aft, Port, Starboard","6""","12""","18""","24""",2,2,3,-
579,Y Turret (2 x 15-inch),"Aft, Port, Starboard","6""","12""","18""","24""",2,2,3,-
579,Light Guns (8 x 6-inch),"Fore, Aft, Port, Starboard","3""","6""","9""","13""",6,-2,1,"Restricted, Weak"
579,Light Guns (8 x 4-inch),"Fore, Aft, Port, Starboard","5""","10""","15""","20""",4,-2,1,"DP, Restricted, Weak"
579,AA Battery,"Fore, Aft, Port, Starboard",-,-,-,-,-,-,-,Local (6)
580,A Turret (2 x 15-inch),"Fore, Port, Starboard","6""","12""","18""","24""",2,2,3,-
580,B Turret (2 x 15-inch),"Fore, Port, Starboard","6""","12""","18""","24""",2,2,3,-
580,X Turret (2 x 15-inch),"Aft, Port, Starboard","6""","12""","18""","24""",2,2,3,-
580,Y Turret (2 x 15-inch),"Aft, Port, Starboard","6""","12""","18""","24""",2,2,3,-
580,Light Guns (12 x 6-inch),"Fore, Aft, Port, Starboard","3""","6""","9""","13""",8,-2,1,"Restricted, Weak"
580,Light Guns (8 x 4-inch),"Fore, Aft, Port, Starboard","5""","10""","15""","20""",4,-2,1,"DP, Restricted, Weak"
580,AA Battery,"Fore, Aft, Port, Starboard",-,-,-,-,-,-,-,Local (4)
581,A Turret (2 x 15-inch),"Fore, Port, Starboard","7""","14""","22""","30""",2,2,3,-
581,B Turret (2 x 15-inch),"Fore, Port, Starboard","7""","14""","22""","30""",2,2,3,-
581,X Turret (2 x 15-inch),"Aft, Port, Starboard","7""","14""","22""","30""",2,2,3,-
581,Y Turret (2 x 15-inch),"Aft, Port, Starboard","7""","14""","22""","30""",2,2,3,-
581,Light Guns (12 x 6-inch),"Fore, Aft, Port, Starboard","3""","6""","9""","13""",8,-2,1,"Restricted, Weak"
581,Light Guns (8 x 4-inch),"Fore, Aft, Port, Starboard","5""","10""","15""","20""",4,-2,1,"DP, Restricted, Weak"
581,AA Battery,"Fore, Aft, Port, Starboard",-,-,-,-,-,-,-,Local (5)
582,A Turret (2 x 15-inch),"Fore, Port, Starboard","7""","14""","22""","30""",2,2,3,-
582,B Turret (2 x 15-inch),"Fore, Port, Starboard","7""","14""","22""","30""",2,2,3,-
582,X Turret (2 x 15-inch),"Aft, Port, Starboard","7""","14""","22""","30""",2,2,3,-
582,Y Turret (2 x 15-inch),"Aft, Port, Starboard","7""","14""","22""","30""",2,2,3,-
582,Light Guns (10 x 6-inch),"Fore, Aft, Port, Starboard","3""","6""","9""","13""",6,-2,1,"Restricted, Weak"
582,Light Guns (8 x 4-inch),"Fore, Aft, Port, Starboard","5""","10""","15""","20""",4,-2,1,"DP, Restricted, Weak"
582,AA Battery,"Fore, Aft, Port, Starboard",-,-,-,-,-,-,-,Local (5)
583,A Turret (2 x 15-inch),"Fore, Port, Starboard","6""","12""","18""","24""",2,2,3,-
583,B Turret (2 x 15-inch),"Fore, Port, Starboard","6""","12""","18""","24""",2,2,3,-
583,X Turret (2 x 15-inch),"Aft, Port, Starboard","6""","12""","18""","24""",2,2,3,-
583,Y Turret (2 x 15-inch),"Aft, Port, Starboard","6""","12""","18""","24""",2,2,3,-
583,Light Guns (12 x 6-inch),"Fore, Aft, Port, Starboard","3""","6""","9""","13""",8,-2,1,"Restricted, Weak"
583,Light Guns (8 x 4-inch),"Fore, Aft, Port, Starboard","5""","10""","15""","20""",4,-2,1,"DP, Restricted, Weak"
583,AA Battery,"Fore, Aft, Port, Starboard",-,-,-,-,-,-,-,Local (5)
584,A Turret (2 x 15-inch),"Fore, Port, Starboard","6""","12""","18""","24""",2,2,3,-
584,B Turret (2 x 15-inch),"Fore, Port, Starboard","6""","12""","18""","24""",2,2,3,-
584,X Turret (2 x 15-inch),"Aft, Port, Starboard","6""","12""","18""","24""",2,2,3,-
584,Y Turret (2 x 15-inch),"Aft, Port, Starboard","6""","12""","18""","24""",2,2,3,-
584,Light Guns (12 x 6-inch),"Fore, Aft, Port, Starboard","3""","6""","9""","13""",8,-2,1,"Restricted, Weak"
584,Light Guns (8 x 4-inch),"Fore, Aft, Port, Starboard","5""","10""","15""","20""",4,-2,1,"DP, Restricted, Weak"
584,AA Battery,"Fore, Aft, Port, Starboard",-,-,-,-,-,-,-,Local (4)
585,A Turret (2 x 15-inch),"Fore, Port, Starboard","6""","12""","18""","24""",2,2,3,-
585,B Turret (2 x 15-inch),"Fore, Port, Starboard","6""","12""","18""","24""",2,2,3,-
585,X Turret (2 x 15-inch),"Aft, Port, Starboard","6""","12""","18""","24""",2,2,3,-
585,Y Turret (2 x 15-inch),"Aft, Port, Starboard","6""","12""","18""","24""",2,2,3,-
585,Light Guns (12 x 6-inch),"Fore, Aft, Port, Starboard","3""","6""","9""","13""",8,-2,1,"Restricted, Weak"
585,Light Guns (8 x 4-inch),"Fore, Aft, Port, Starboard","5""","10""","15""","20""",4,-2,1,"DP, Restricted, Weak"
585,AA Battery,"Fore, Aft, Port, Starboard",-,-,-,-,-,-,-,Local (5)
586,A Turret (2 x 15-inch),"Fore, Port, Starboard","6""","12""","18""","24""",2,2,3,-
586,B Turret (2 x 15-inch),"Fore, Port, Starboard","6""","12""","18""","24""",2,2,3,-
586,X Turret (2 x 15-inch),"Aft, Port, Starboard","6""","12""","18""","24""",2,2,3,-
586,Y Turret (2 x 15-inch),"Aft, Port, Starboard","6""","12""","18""","24""",2,2,3,-
586,Light Guns (12 x 6-inch),"Fore, Aft, Port, Starboard","3""","6""","9""","13""",8,-2,1,"Restricted, Weak"
586,Light Guns (8 x 4-inch),"Fore, Aft, Port, Starboard","5""","10""","15""","20""",4,-2,1,"DP, Restricted, Weak"
586,AA Battery,"Fore, Aft, Port, Starboard",-,-,-,-,-,-,-,Local (7)
587,A Turret (2 x 15-inch),"Fore, Port, Starboard","8""","16""","24""","32""",2,2,3,-
587,B Turret (2 x 15-inch),"Fore, Port, Starboard","8""","16""","24""","32""",2,2,3,-
587,X Turret (2 x 15-inch),"Aft, Port, Starboard","8""","16""","24""","32""",2,2,3,-
587,Y Turret (2 x 15-inch),"Aft, Port, Starboard","8""","16""","24""","32""",2,2,3,-
587,Light Guns (16 x 5.25-inch),"Fore, Aft, Port, Starboard","5""","11""","17""","23""",12,-1,1,"DP, Restricted, Weak"
587,AA Battery,"Fore, Aft, Port, Starboard","1""","2""","3""","5""",15,-,-,Local (0)
588,Light Guns (2 x 4-inch),"Aft, Port, Starboard","5""","10""","15""","20""",1,-2,1,"DP, Weak"
588,AA Battery,"Fore, Aft, Port, Starboard",-,-,-,-,-,-,-,Local (2)
589,Light Guns (3 x 4-inch),"Fore, Aft, Port, Starboard","3""","7""","11""","15""",1,-2,1,Weak
589,AA Battery,"Fore, Aft, Port, Starboard",-,-,-,-,-,-,-,Local (1)
590,Light Guns (3 x 4-inch),"Fore, Aft, Port, Starboard","4""","8""","12""","17""",1,-2,1,"DP, Weak"
590,AA Battery,"Fore, Aft, Port, Starboard",-,-,-,-,-,-,-,Local (1)
591,Light Guns (3 x 4-inch),"Fore, Aft, Port, Starboard","4""","8""","12""","17""",1,-2,1,"DP, Weak"
591,AA Battery,"Fore, Aft, Port, Starboard","1""","2""","3""","5""",1,-,-,Local (1)
592,AA Battery,"Fore, Aft, Port, Starboard",-,-,-,-,-,-,-,Local (0)
593,Light Guns (2 x 4-inch),"Fore, Aft, Port, Starboard","4""","8""","12""","17""",1,-2,1,"DP, Weak"
593,AA Battery,"Fore, Aft, Port, Starboard",-,-,-,-,-,-,-,Local (1)
594,Light Guns (4 x 4-inch),"Fore, Aft, Port, Starboard","4""","8""","12""","17""",2,-2,1,"DP, Weak, Restricted"
594,AA Battery,"Fore, Aft, Port, Starboard",-,-,-,-,-,-,-,Local (1)
595,Light Guns (16 x 4.5-inch),"Fore, Aft, Port, Starboard","5""","10""","15""","21""",10,-1,1,"DP, Weak, Restricted"
595,AA Battery,"Fore, Aft, Port, Starboard",-,-,-,-,-,-,-,Local (7)
596,Light Guns (16 x 4.5-inch),"Fore, Aft, Port, Starboard","5""","10""","15""","21""",10,-1,1,"DP, Weak, Restricted"
596,AA Battery,"Fore, Aft, Port, Starboard",-,-,-,-,-,-,-,Local (10)
597,Light Guns (2 x 4-inch),"Aft, Port, Starboard","3""","7""","11""","15""",1,-2,1,Weak
597,AA Battery,"Fore, Aft, Port, Starboard","1""","2""","3""","5""",2,-,-,Local (1)
598,Light Guns (3 x 4-inch),"Aft, Port, Starboard","4""","8""","12""","17""",1,-2,1,"DP, Weak"
598,AA Battery,"Fore, Aft, Port, Starboard","1""","2""","3""","5""",2,-,-,Local (1)
599,Light Guns (2 x 4-inch),"Aft, Port, Starboard","3""","7""","11""","15""",1,-2,1,Weak
599,AA Battery,"Fore, Aft, Port, Starboard","1""","2""","3""","5""",2,-,-,Local (3)
600,Light Guns (2 x 4-inch),"Aft, Port, Starboard","3""","7""","11""","15""",1,-2,1,Weak
600,AA Battery,"Fore, Aft, Port, Starboard","1""","2""","3""","5""",2,-,-,Local (3)
601,Light Guns (16 x 4.5-inch),"Fore, Aft, Port, Starboard","5""","10""","15""","21""",10,-1,1,"DP, Restricted, Weak"
601,AA Battery,"Fore, Aft, Port, Starboard","1""","2""","3""","5""",13,-,-,Local (16)
602,Light Guns (1 x 4-inch),"Aft, Port, Starboard","4""","8""","12""","17""",1,-2,1,"DP, Slow-Loading, Weak"
602,AA Battery,"Fore, Aft, Port, Starboard",-,-,-,-,-,-,-,Local (1)
603,Light Guns (3 x 4-inch),"Fore, Aft, Port, Starboard","3""","7""","11""","15""",1,-2,1,Weak
603,AA Battery,"Fore, Aft, Port, Starboard",-,-,-,-,-,-,-,Local (1)
604,Light Guns (3 x 4-inch),"Fore, Aft, Port, Starboard","3""","7""","11""","15""",1,-2,1,Weak
604,AA Battery,"Fore, Aft, Port, Starboard",-,-,-,-,-,-,-,Local (1)
605,Light Guns (3 x 4-inch),"Fore, Aft, Port, Starboard","4""","8""","12""","17""",1,-2,1,"Weak, DP"
605,AA Battery,"Fore, Aft, Port, Starboard",-,-,-,-,-,-,-,Local (1)
606,Light Guns (3 x 4-inch),"Fore, Aft, Port, Starboard","4""","8""","12""","17""",1,-2,1,"Weak, DP"
606,AA Battery,"Fore, Aft, Port, Starboard",-,-,-,-,-,-,-,Local (1)
607,Light Guns (2 x 4-inch),"Aft, Port, Starboard","5""","10""","15""","20""",1,-2,1,"DP, Weak"
607,AA Battery,"Fore, Aft, Port, Starboard",-,-,-,-,-,-,-,Local (4)
608,AA Battery,"Fore, Aft, Port, Starboard",-,-,-,-,-,-,-,Local (7)
609,AA Battery,"Fore, Aft, Port, Starboard","1""","2""","3""","5""",3,-,-,Local (5)
610,AA Battery,"Fore, Aft, Port, Starboard","1""","2""","3""","5""",3,-,-,Local (6)
611,Light Guns (16 x 4.7-inch),"Fore, Aft, Port, Starboard","4""","8""","12""","16""",8,-2,1,"DP, Restricted, Weak"
611,AA Battery,"Fore, Aft, Port, Starboard",-,-,-,-,-,-,-,Local (5)
612,Light Guns (9 x 6-inch),"Fore, Aft, Port, Starboard","5""","10""","17""","23""",4,-1,1,"Restricted, Weak"
612,Light Guns (4 x 4-inch),"Fore, Aft, Port, Starboard","4""","8""","12""","17""",1,-2,1,"DP, Weak"
612,AA Battery,"Fore, Aft, Port, Starboard",-,-,-,-,-,-,-,Local (3)
613,Light Guns (9 x 6-inch),"Fore, Aft, Port, Starboard","5""","10""","17""","23""",4,-1,1,"Restricted, Weak"
613,Light Guns (4 x 4-inch),"Fore, Aft, Port, Starboard","4""","8""","12""","17""",1,-2,1,"DP, Weak"
613,AA Battery,"Fore, Aft, Port, Starboard",-,-,-,-,-,-,-,Local (4)
614,Light Guns (12 x 4-inch),"Fore, Aft, Port, Starboard","5""","10""","15""","20""",6,-2,1,"DP, Restricted, Weak"
614,AA Battery,"Fore, Aft, Port, Starboard",-,-,-,-,-,-,-,Local (5)
615,Light Guns (12 x 4-inch),"Fore, Aft, Port, Starboard","5""","10""","15""","20""",6,-2,1,"DP, Restricted, Weak"
615,AA Battery,"Fore, Aft, Port, Starboard",-,-,-,-,-,-,-,Local (6)
616,Light Guns (12 x 4-inch),"Fore, Aft, Port, Starboard","5""","10""","15""","20""",6,-2,1,"DP, Restricted, Weak"
616,AA Battery,"Fore, Aft, Port, Starboard",-,-,-,-,-,-,-,Local (7)
617,Light Guns (12 x 4-inch),"Fore, Aft, Port, Starboard","5""","10""","15""","20""",6,-2,1,"DP, Restricted, Weak"
617,AA Battery,"Fore, Aft, Port, Starboard",-,-,-,-,-,-,-,Local (8)
618,Light Guns (6 x 5.5-inch),"Fore, Aft, Port, Starboard","4""","8""","12""","16""",4,-2,1,"Restricted, Weak"
618,Light Guns (2 x 4-inch),"Fore, Aft, Port, Starboard","4""","8""","12""","17""",1,-2,1,"DP, Weak"
618,AA Battery,"Fore, Aft, Port, Starboard",-,-,-,-,-,-,-,Local (1)
619,Light Guns (16 x 4.5-inch),"Fore, Aft, Port, Starboard","5""","10""","15""","21""",10,-1,1,"DP, Restricted, Weak"
619,AA Battery,"Fore, Aft, Port, Starboard",-,-,-,-,-,-,-,Local (9)
620,Light Guns (16 x 4.5-inch),"Fore, Aft, Port, Starboard","5""","10""","15""","21""",10,-1,1,"DP, Restricted, Weak"
620,AA Battery,"Fore, Aft, Port, Starboard",-,-,-,-,-,-,-,Local (10)
621,Light Guns (16 x 4.5-inch),"Fore, Aft, Port, Starboard","5""","10""","15""","21""",10,-1,1,"DP, Restricted, Weak"
621,AA Battery,"Fore, Aft, Port, Starboard",-,-,-,-,-,-,-,Local (12)
622,Light Guns (16 x 4.5-inch),"Fore, Aft, Port, Starboard","5""","10""","15""","21""",10,-1,1,"DP, Restricted, Weak"
622,AA Battery,"Fore, Aft, Port, Starboard",-,-,-,-,-,-,-,Local (12)
623,Light Guns (16 x 4.5-inch),"Fore, Aft, Port, Starboard","5""","10""","15""","21""",10,-1,1,"DP, Restricted, Weak"
623,AA Battery,"Fore, Aft, Port, Starboard","1""","2""","3""","5""",1,-,-,Local (12)
624,Light Guns (16 x 4.5-inch),"Fore, Aft, Port, Starboard","5""","10""","15""","21""",10,-1,1,"DP, Restricted, Weak"
624,AA Battery,"Fore, Aft, Port, Starboard",-,-,-,-,-,-,-,Local (10)
625,Light Guns (16 x 4.5-inch),"Fore, Aft, Port, Starboard","5""","10""","15""","21""",10,-1,1,"DP, Restricted, Weak"
625,AA Battery,"Fore, Aft, Port, Starboard",-,-,-,-,-,-,-,Local (10)
626,Light Guns (16 x 4.5-inch),"Fore, Aft, Port, Starboard","5""","10""","15""","21""",10,-1,1,"DP, Restricted, Weak"
626,AA Battery,"Fore, Aft, Port, Starboard",-,-,-,-,-,-,-,Local (12)
627,Light Guns (16 x 4.5-inch),"Fore, Aft, Port, Starboard","5""","10""","15""","21""",10,-1,1,"DP, Restricted, Weak"
627,AA Battery,"Fore, Aft, Port, Starboard","1""","2""","3""","5""",3,-,-,Local (11)
628,Light Guns (16 x 4.5-inch),"Fore, Aft, Port, Starboard","5""","10""","15""","21""",10,-1,1,"DP, Restricted, Weak"
628,AA Battery,"Fore, Aft, Port, Starboard","1""","2""","3""","5""",3,-,-,Local (12)
629,Light Guns (16 x 4.5-inch),"Fore, Aft, Port, Starboard","5""","10""","15""","21""",10,-1,1,"DP, Restricted, Weak"
629,AA Battery,"Fore, Aft, Port, Starboard","1""","2""","3""","5""",3,-,-,Local (12)
630,Light Guns (16 x 4.5-inch),"Fore, Aft, Port, Starboard","5""","10""","15""","21""",10,-1,1,"DP, Restricted, Weak"
630,AA Battery,"Fore, Aft, Port, Starboard","1""","2""","3""","5""",3,-,-,Local (13)
631,Light Guns (16 x 4.5-inch),"Fore, Aft, Port, Starboard","5""","10""","15""","21""",10,-1,1,"DP, Restricted, Weak"
631,AA Battery,"Fore, Aft, Port, Starboard","1""","2""","3""","5""",4,-,-,Local (12)
632,Light Guns (16 x 4.5-inch),"Fore, Aft, Port, Starboard","5""","10""","15""","21""",10,-1,1,"DP, Restricted, Weak"
632,AA Battery,"Fore, Aft, Port, Starboard",-,-,-,-,-,-,-,Local (11)
633,Light Guns (16 x 4.5-inch),"Fore, Aft, Port, Starboard","5""","10""","15""","21""",10,-1,1,"DP, Restricted, Weak"
633,AA Battery,"Fore, Aft, Port, Starboard",-,-,-,-,-,-,-,Local (11)
634,Light Guns (16 x 4.5-inch),"Fore, Aft, Port, Starboard","5""","10""","15""","21""",10,-1,1,"DP, Restricted, Weak"
634,AA Battery,"Fore, Aft, Port, Starboard","1""","2""","3""","5""",1,-,-,Local (13)
635,Light Guns (16 x 4.5-inch),"Fore, Aft, Port, Starboard","5""","10""","15""","21""",10,-1,1,"DP, Restricted, Weak"
635,AA Battery,"Fore, Aft, Port, Starboard","1""","2""","3""","5""",2,-,-,Local (11)
636,Light Guns (16 x 4.5-inch),"Fore, Aft, Port, Starboard","5""","10""","15""","21""",10,-1,1,"DP, Restricted, Weak"
636,AA Battery,"Fore, Aft, Port, Starboard",-,-,-,-,-,-,-,Local (5)
637,Light Guns (16 x 4.5-inch),"Fore, Aft, Port, Starboard","5""","10""","15""","21""",10,-1,1,"DP, Restricted, Weak"
637,AA Battery,"Fore, Aft, Port, Starboard",-,-,-,-,-,-,-,Local (10)
638,Light Guns (16 x 4.5-inch),"Fore, Aft, Port, Starboard","5""","10""","15""","21""",10,-1,1,"DP, Restricted, Weak"
638,AA Battery,"Fore, Aft, Port, Starboard",-,-,-,-,-,-,-,Local (11)
639,Light Guns (16 x 4.5-inch),"Fore, Aft, Port, Starboard","5""","10""","15""","21""",10,-1,1,"DP, Restricted, Weak"
639,AA Battery,"Fore, Aft, Port, Starboard","1""","2""","3""","5""",3,-,-,Local (13)
640,Light Guns (16 x 4.5-inch),"Fore, Aft, Port, Starboard","5""","10""","15""","21""",10,-1,1,"DP, Restricted, Weak"
640,AA Battery,"Fore, Aft, Port, Starboard","1""","2""","3""","5""",5,-,-,Local (11)
641,Light Guns (16 x 4.5-inch),"Fore, Aft, Port, Starboard","5""","10""","15""","21""",10,-1,1,"DP, Restricted, Weak"
641,AA Battery,"Fore, Aft, Port, Starboard","1""","2""","3""","5""",2,-,-,Local (9)
642,Light Guns (1 x 4-inch),"Aft, Port, Starboard","4""","8""","12""","17""",1,-2,1,"Slow-Loading, Weak"
642,AA Battery,"Fore, Aft, Port, Starboard",-,-,-,-,-,-,-,Local (1)
643,Light Guns (4 x 4-inch),"Aft, Port, Starboard","5""","10""","15""","20""",2,-2,1,"DP, Weak"
643,AA Battery,"Fore, Aft, Port, Starboard",-,-,-,-,-,-,-,Local (2)
644,Light Guns (2 x 5-inch),"Fore, Port, Starboard","4""","9""","13""","18""",1,-2,1,"DP, Weak"
644,AA Battery,"Fore, Aft, Port, Starboard","1""","2""","3""","5""",3,-,-,Local (2)
645,Light Guns (2 x 5-inch),"Fore, Port, Starboard","4""","9""","13""","18""",1,-2,1,"DP, Weak"
645,AA Battery,"Fore, Aft, Port, Starboard","1""","2""","3""","5""",4,-,-,Local (2)
646,Light Guns (2 x 5-inch),"Fore, Port, Starboard","4""","9""","13""","18""",1,-2,1,"DP, Weak"
646,AA Battery,"Fore, Aft, Port, Starboard","1""","2""","3""","5""",6,-,-,Local (1)
647,Light Guns (8 x 4-inch),"Fore, Aft, Port, Starboard","5""","10""","15""","20""",4,-2,1,"DP, Restricted, Weak"
647,AA Battery,"Fore, Aft, Port, Starboard",-,-,-,-,-,-,-,Local (4)
648,Light Guns (8 x 4-inch),"Fore, Aft, Port, Starboard","5""","10""","15""","20""",4,-2,1,"DP, Restricted, Weak"
648,AA Battery,"Fore, Aft, Port, Starboard",-,-,-,-,-,-,-,Local (4)
649,Light Guns (2 x 4-inch),"Aft, Port, Starboard","5""","10""","15""","20""",1,-2,1,"DP, Weak"
649,AA Battery,"Fore, Aft, Port, Starboard",-,-,-,-,-,-,-,Local (4)
650,A Turret (2 x 6-inch),"Fore, Port, Starboard","6""","12""","18""","25""",1,-1,1,Twin-Linked
650,B Turret (2 x 6-inch),"Fore, Port, Starboard","6""","12""","18""","25""",1,-1,1,Twin-Linked
650,X Turret (2 x 6-inch),"Aft, Port, Starboard","6""","12""","18""","25""",1,-1,1,Twin-Linked
650,Light Guns (4 x 4-inch),"Fore, Aft, Port, Starboard","4""","8""","12""","17""",2,-2,1,"DP, Restricted, Weak"
650,Port Mk IX Torpedoes,Port,"3""","6""","9""","12""",3,-,3,"Devastating, One-Shot"
650,Starboard Mk IX Torpedoes,Starboard,"3""","6""","9""","12""",3,-,3,"Devastating, One-Shot"
650,AA Battery,"Fore, Aft, Port, Starboard",-,-,-,-,-,-,-,Local (1)
651,A Turret (2 x 6-inch),"Fore, Port, Starboard","6""","12""","18""","25""",1,-1,1,Twin-Linked
651,B Turret (2 x 6-inch),"Fore, Port, Starboard","6""","12""","18""","25""",1,-1,1,Twin-Linked
651,X Turret (2 x 6-inch),"Aft, Port, Starboard","6""","12""","18""","25""",1,-1,1,Twin-Linked
651,Light Guns (8 x 4-inch),"Fore, Aft, Port, Starboard","5""","10""","15""","20""",4,-2,1,"DP, Restricted, Weak"
651,Port Mk IX Torpedoes,Port,"3""","6""","9""","12""",3,-,3,"Devastating, One-Shot"
651,Starboard Mk IX Torpedoes,Starboard,"3""","6""","9""","12""",3,-,3,"Devastating, One-Shot"
651,AA Battery,"Fore, Aft, Port, Starboard",-,-,-,-,-,-,-,Local (1)
652,A Turret (2 x 6-inch),"Fore, Port, Starboard","6""","12""","18""","25""",1,-1,1,Twin-Linked
652,B Turret (2 x 6-inch),"Fore, Port, Starboard","6""","12""","18""","25""",1,-1,1,Twin-Linked
652,X Turret (2 x 6-inch),"Aft, Port, Starboard","6""","12""","18""","25""",1,-1,1,Twin-Linked
652,Light Guns (8 x 4-inch),"Fore, Aft, Port, Starboard","5""","10""","15""","20""",4,-2,1,"DP, Restricted, Weak"
652,Port Mk IX Torpedoes,Port,"3""","6""","9""","12""",3,-,3,"Devastating, One-Shot"
652,Starboard Mk IX Torpedoes,Starboard,"3""","6""","9""","12""",3,-,3,"Devastating, One-Shot"
652,AA Battery,"Fore, Aft, Port, Starboard",-,-,-,-,-,-,-,Local (1)
653,A Turret (2 x 6-inch),"Fore, Port, Starboard","6""","12""","18""","25""",1,-1,1,Twin-Linked
653,B Turret (2 x 6-inch),"Fore, Port, Starboard","6""","12""","18""","25""",1,-1,1,Twin-Linked
653,X Turret (2 x 6-inch),"Aft, Port, Starboard","6""","12""","18""","25""",1,-1,1,Twin-Linked
653,Light Guns (4 x 4-inch),"Fore, Aft, Port, Starboard","4""","8""","12""","17""",2,-2,1,"DP, Restricted, Weak"
653,Port Mk IX Torpedoes,Port,"3""","6""","9""","12""",3,-,3,"Devastating, One-Shot"
653,Starboard Mk IX Torpedoes,Starboard,"3""","6""","9""","12""",3,-,3,"Devastating, One-Shot"
653,AA Battery,"Fore, Aft, Port, Starboard",-,-,-,-,-,-,-,Local (2)
654,A Turret (2 x 6-inch),"Fore, Port, Starboard","6""","12""","18""","25""",1,-1,1,Twin-Linked
654,B Turret (2 x 6-inch),"Fore, Port, Starboard","6""","12""","18""","25""",1,-1,1,Twin-Linked
654,X Turret (2 x 6-inch),"Aft, Port, Starboard","6""","12""","18""","25""",1,-1,1,Twin-Linked
654,Light Guns (8 x 4-inch),"Fore, Aft, Port, Starboard","5""","10""","15""","20""",4,-2,1,"DP, Restricted, Weak"
654,Port Mk IX Torpedoes,Port,"3""","6""","9""","12""",3,-,3,"Devastating, One-Shot"
654,Starboard Mk IX Torpedoes,Starboard,"3""","6""","9""","12""",3,-,3,"Devastating, One-Shot"
654,AA Battery,"Fore, Aft, Port, Starboard",-,-,-,-,-,-,-,Local (2)
655,A Turret (2 x 6-inch),"Fore, Port, Starboard","6""","12""","18""","25""",1,-1,1,Twin-Linked
655,B Turret (2 x 6-inch),"Fore, Port, Starboard","6""","12""","18""","25""",1,-1,1,Twin-Linked
655,X Turret (2 x 6-inch),"Aft, Port, Starboard","6""","12""","18""","25""",1,-1,1,Twin-Linked
655,Light Guns (8 x 4-inch),"Fore, Aft, Port, Starboard","5""","10""","15""","20""",4,-2,1,"DP, Restricted, Weak"
655,Port Mk IX** Torpedoes,Port,"3""","7""","10""","14""",3,-,3,"Devastating, One-Shot"
655,Starboard Mk IX** Torpedoes,Starboard,"3""","7""","10""","14""",3,-,3,"Devastating, One-Shot"
655,AA Battery,"Fore, Aft, Port, Starboard","1""","2""","3""","5""",2,-,-,Local (1)
656,A Turret (2 x 6-inch),"Fore, Port, Starboard","6""","12""","18""","25""",1,-1,1,Twin-Linked
656,B Turret (2 x 6-inch),"Fore, Port, Starboard","6""","12""","18""","25""",1,-1,1,Twin-Linked
656,X Turret (2 x 6-inch),"Aft, Port, Starboard","6""","12""","18""","25""",1,-1,1,Twin-Linked
656,Light Guns (4 x 4-inch),"Fore, Aft, Port, Starboard","4""","8""","12""","17""",2,-2,1,"DP, Restricted, Weak"
656,Port Mk IX Torpedoes,Port,"3""","6""","9""","12""",3,-,3,"Devastating, One-Shot"
656,Starboard Mk IX Torpedoes,Starboard,"3""","6""","9""","12""",3,-,3,"Devastating, One-Shot"
656,AA Battery,"Fore, Aft, Port, Starboard",-,-,-,-,-,-,-,Local (2)
657,A Turret (2 x 6-inch),"Fore, Port, Starboard","6""","12""","18""","25""",1,-1,1,Twin-Linked
657,B Turret (2 x 6-inch),"Fore, Port, Starboard","6""","12""","18""","25""",1,-1,1,Twin-Linked
657,X Turret (2 x 6-inch),"Aft, Port, Starboard","6""","12""","18""","25""",1,-1,1,Twin-Linked
657,Light Guns (8 x 4-inch),"Fore, Aft, Port, Starboard","5""","10""","15""","20""",4,-2,1,"DP, Restricted, Weak"
657,Port Mk IX Torpedoes,Port,"3""","6""","9""","12""",3,-,3,"Devastating, One-Shot"
657,Starboard Mk IX Torpedoes,Starboard,"3""","6""","9""","12""",3,-,3,"Devastating, One-Shot"
657,AA Battery,"Fore, Aft, Port, Starboard",-,-,-,-,-,-,-,Local (2)
658,A Turret (2 x 6-inch),"Fore, Port, Starboard","6""","12""","18""","25""",1,-1,1,Twin-Linked
658,B Turret (2 x 6-inch),"Fore, Port, Starboard","6""","12""","18""","25""",1,-1,1,Twin-Linked
658,X Turret (2 x 6-inch),"Aft, Port, Starboard","6""","12""","18""","25""",1,-1,1,Twin-Linked
658,Light Guns (8 x 4-inch),"Fore, Aft, Port, Starboard","5""","10""","15""","20""",4,-2,1,"DP, Restricted, Weak"
658,Port Mk IX** Torpedoes,Port,"3""","7""","10""","14""",3,-,3,"Devastating, One-Shot"
658,Starboard Mk IX** Torpedoes,Starboard,"3""","7""","10""","14""",3,-,3,"Devastating, One-Shot"
658,AA Battery,"Fore, Aft, Port, Starboard",-,-,-,-,-,-,-,Local (2)
659,A Turret (2 x 6-inch),"Fore, Port, Starboard","6""","12""","18""","25""",1,-1,1,Twin-Linked
659,B Turret (2 x 6-inch),"Fore, Port, Starboard","6""","12""","18""","25""",1,-1,1,Twin-Linked
659,X Turret (2 x 6-inch),"Aft, Port, Starboard","6""","12""","18""","25""",1,-1,1,Twin-Linked
659,Light Guns (4 x 4-inch),"Fore, Aft, Port, Starboard","4""","8""","12""","17""",2,-2,1,"DP, Restricted, Weak"
659,Port Mk IX Torpedoes,Port,"3""","6""","9""","12""",3,-,3,"Devastating, One-Shot"
659,Starboard Mk IX Torpedoes,Starboard,"3""","6""","9""","12""",3,-,3,"Devastating, One-Shot"
659,AA Battery,"Fore, Aft, Port, Starboard",-,-,-,-,-,-,-,Local (2)
660,A Turret (2 x 6-inch),"Fore, Port, Starboard","6""","12""","18""","25""",1,-1,1,Twin-Linked
660,B Turret (2 x 6-inch),"Fore, Port, Starboard","6""","12""","18""","25""",1,-1,1,Twin-Linked
660,X Turret (2 x 6-inch),"Aft, Port, Starboard","6""","12""","18""","25""",1,-1,1,Twin-Linked
660,Light Guns (8 x 4-inch),"Fore, Aft, Port, Starboard","5""","10""","15""","20""",4,-2,1,"DP, Restricted, Weak"
660,Port Mk IX** Torpedoes,Port,"3""","7""","10""","14""",3,-,3,"Devastating, One-Shot"
660,Starboard Mk IX** Torpedoes,Starboard,"3""","7""","10""","14""",3,-,3,"Devastating, One-Shot"
660,AA Battery,"Fore, Aft, Port, Starboard",-,-,-,-,-,-,-,Local (2)
661,A Turret (2 x 6-inch),"Fore, Port, Starboard","6""","12""","18""","25""",1,-1,1,Twin-Linked
661,B Turret (2 x 6-inch),"Fore, Port, Starboard","6""","12""","18""","25""",1,-1,1,Twin-Linked
661,X Turret (2 x 6-inch),"Aft, Port, Starboard","6""","12""","18""","25""",1,-1,1,Twin-Linked
661,Light Guns (8 x 4-inch),"Fore, Aft, Port, Starboard","5""","10""","15""","20""",4,-2,1,"DP, Restricted, Weak"
661,Port Mk IX** Torpedoes,Port,"3""","7""","10""","14""",3,-,3,"Devastating, One-Shot"
661,Starboard Mk IX** Torpedoes,Starboard,"3""","7""","10""","14""",3,-,3,"Devastating, One-Shot"
661,AA Battery,"Fore, Aft, Port, Starboard",-,-,-,-,-,-,-,Local (2)
662,Light Guns (8 x 5.25-inch),"Fore, Aft, Port, Starboard","5""","11""","17""","23""",6,-1,1,"DP, Weak"
662,Port Mk IX Torpedoes,Port,"3""","6""","9""","12""",3,-,3,"Devastating, One-Shot"
662,Starboard Mk IX Torpedoes,Starboard,"3""","6""","9""","12""",3,-,3,"Devastating, One-Shot"
662,AA Battery,"Fore, Aft, Port, Starboard",-,-,-,-,-,-,-,Local (3)
663,Light Guns (8 x 5.25-inch),"Fore, Aft, Port, Starboard","5""","11""","17""","23""",6,-1,1,"DP, Weak"
663,Port Mk IX Torpedoes,Port,"3""","6""","9""","12""",3,-,3,"Devastating, One-Shot"
663,Starboard Mk IX Torpedoes,Starboard,"3""","6""","9""","12""",3,-,3,"Devastating, One-Shot"
663,AA Battery,"Fore, Aft, Port, Starboard",-,-,-,-,-,-,-,Local (4)
664,Light Guns (8 x 5.25-inch),"Fore, Aft, Port, Starboard","5""","11""","17""","23""",6,-1,1,"DP, Weak"
664,Port Mk IX Torpedoes,Port,"3""","6""","9""","12""",3,-,3,"Devastating, One-Shot"
664,Starboard Mk IX Torpedoes,Starboard,"3""","6""","9""","12""",3,-,3,"Devastating, One-Shot"
664,AA Battery,"Fore, Aft, Port, Starboard",-,-,-,-,-,-,-,Local (4)
665,Light Guns (8 x 5.25-inch),"Fore, Aft, Port, Starboard","5""","11""","17""","23""",6,-1,1,"DP, Weak"
665,Port Mk IX Torpedoes,Port,"3""","6""","9""","12""",3,-,3,"Devastating, One-Shot"
665,Starboard Mk IX Torpedoes,Starboard,"3""","6""","9""","12""",3,-,3,"Devastating, One-Shot"
665,AA Battery,"Fore, Aft, Port, Starboard","1""","2""","3""","5""",1,-,-,Local (4)
666,Light Guns (8 x 5.25-inch),"Fore, Aft, Port, Starboard","5""","11""","17""","23""",6,-1,1,"DP, Weak"
666,Port Mk IX Torpedoes,Port,"3""","6""","9""","12""",3,-,3,"Devastating, One-Shot"
666,Starboard Mk IX Torpedoes,Starboard,"3""","6""","9""","12""",3,-,3,"Devastating, One-Shot"
666,AA Battery,"Fore, Aft, Port, Starboard","1""","2""","3""","5""",2,-,-,Local (3)
667,Light Guns (10 x 4-inch),"Fore, Aft, Port, Starboard","4""","8""","12""","17""",5,-2,1,"DP, Weak"
667,AA Battery,"Fore, Aft, Port, Starboard",-,-,-,-,-,-,-,Local (2)
668,Light Guns (6 x 4-inch),"Fore, Aft, Port, Starboard","5""","10""","15""","20""",3,-2,1,"DP, Weak"
668,AA Battery,"Fore, Aft, Port, Starboard","1""","2""","3""","5""",1,-,-,Local (1)
669,Light Guns (6 x 4-inch),"Fore, Aft, Port, Starboard","5""","10""","15""","20""",3,-2,1,"DP, Weak"
669,AA Battery,"Fore, Aft, Port, Starboard","1""","2""","3""","5""",1,-,-,Local (1)
670,Light Guns (6 x 4-inch),"Fore, Aft, Port, Starboard","5""","10""","15""","20""",3,-2,1,"DP, Weak"
670,AA Battery,"Fore, Aft, Port, Starboard","1""","2""","3""","5""",1,-,-,Local (2)
671,Light Guns (6 x 4-inch),"Fore, Aft, Port, Starboard","5""","10""","15""","20""",3,-2,1,"DP, Weak"
671,AA Battery,"Fore, Aft, Port, Starboard","1""","2""","3""","5""",1,-,-,Local (2)
672,Light Guns (8 x 4-inch),"Fore, Aft, Port, Starboard","5""","10""","15""","20""",4,-2,1,"DP, Weak"
672,AA Battery,"Fore, Aft, Port, Starboard",-,-,-,-,-,-,-,Local (1)
673,Light Guns (8 x 4-inch),"Fore, Aft, Port, Starboard","5""","10""","15""","20""",4,-2,1,"DP, Weak"
673,AA Battery,"Fore, Aft, Port, Starboard",-,-,-,-,-,-,-,Local (1)
674,Light Guns (8 x 4-inch),"Fore, Aft, Port, Starboard","5""","10""","15""","20""",4,-2,1,"DP, Weak"
674,AA Battery,"Fore, Aft, Port, Starboard",-,-,-,-,-,-,-,Local (1)
675,Light Guns (8 x 4-inch),"Fore, Aft, Port, Starboard","5""","10""","15""","20""",4,-2,1,"DP, Weak"
675,AA Battery,"Fore, Aft, Port, Starboard",-,-,-,-,-,-,-,Local (2)
676,Light Guns (8 x 4-inch),"Fore, Aft, Port, Starboard","5""","10""","15""","20""",4,-2,1,"DP, Weak"
676,AA Battery,"Fore, Aft, Port, Starboard",-,-,-,-,-,-,-,Local (1)
677,Light Guns (5 x 6-inch),"Fore, Aft, Port, Starboard","4""","9""","14""","19""",3,-2,1,Weak
677,Port MkVII Torpedoes,Port,"4""","8""","12""","16""",2,-,3,"Devastating, One-Shot"
677,Port MkVII Torpedoes,Port,"4""","8""","12""","16""",2,-,3,"Devastating, One-Shot"
677,Starboard MkVII Torpedoes,Starboard,"4""","8""","12""","16""",2,-,3,"Devastating, One-Shot"
677,Starboard MkVII Torpedoes,Starboard,"4""","8""","12""","16""",2,-,3,"Devastating, One-Shot"
677,AA Battery,"Fore, Aft, Port, Starboard","1""","2""","3""","4""",1,-,-,Local (1)
678,Light Guns (5 x 6-inch),"Fore, Aft, Port, Starboard","4""","9""","14""","19""",3,-2,1,Weak
678,Port MkVII Torpedoes,Port,"4""","8""","12""","16""",2,-,3,"Devastating, One-Shot"
678,Port MkVII Torpedoes,Port,"4""","8""","12""","16""",2,-,3,"Devastating, One-Shot"
678,Starboard MkVII Torpedoes,Starboard,"4""","8""","12""","16""",2,-,3,"Devastating, One-Shot"
678,Starboard MkVII Torpedoes,Starboard,"4""","8""","12""","16""",2,-,3,"Devastating, One-Shot"
678,AA Battery,"Fore, Aft, Port, Starboard","1""","2""","3""","4""",1,-,-,Local (1)
679,Light Guns (5 x 6-inch),"Fore, Aft, Port, Starboard","4""","9""","14""","19""",3,-2,1,Weak
679,Port MkVII Torpedoes,Port,"4""","8""","12""","16""",2,-,3,"Devastating, One-Shot"
679,Port MkVII Torpedoes,Port,"4""","8""","12""","16""",2,-,3,"Devastating, One-Shot"
679,Starboard MkVII Torpedoes,Starboard,"4""","8""","12""","16""",2,-,3,"Devastating, One-Shot"
679,Starboard MkVII Torpedoes,Starboard,"4""","8""","12""","16""",2,-,3,"Devastating, One-Shot"
679,AA Battery,"Fore, Aft, Port, Starboard","1""","2""","3""","4""",1,-,-,Local (1)
680,Light Guns (5 x 6-inch),"Fore, Aft, Port, Starboard","4""","9""","14""","19""",3,-2,1,Weak
680,Port MkVII Torpedoes,Port,"4""","8""","12""","16""",2,-,3,"Devastating, One-Shot"
680,Port MkVII Torpedoes,Port,"4""","8""","12""","16""",2,-,3,"Devastating, One-Shot"
680,Starboard MkVII Torpedoes,Starboard,"4""","8""","12""","16""",2,-,3,"Devastating, One-Shot"
680,Starboard MkVII Torpedoes,Starboard,"4""","8""","12""","16""",2,-,3,"Devastating, One-Shot"
680,AA Battery,"Fore, Aft, Port, Starboard","1""","2""","3""","4""",1,-,-,Local (1)
681,Light Guns (6 x 6-inch),"Fore, Aft, Port, Starboard","5""","11""","16""","22""",4,-2,1,Weak
681,Light Guns (3 x 4-inch),"Fore, Aft, Port, Starboard","4""","8""","12""","17""",1,-2,1,"DP, Weak"
681,Port MkVII Torpedoes,Port,"4""","8""","12""","16""",3,-,3,"Devastating, One-Shot"
681,Port MkVII Torpedoes,Port,"4""","8""","12""","16""",3,-,3,"Devastating, One-Shot"
681,Starboard MkVII Torpedoes,Starboard,"4""","8""","12""","16""",3,-,3,"Devastating, One-Shot"
681,Starboard MkVII Torpedoes,Starboard,"4""","8""","12""","16""",3,-,3,"Devastating, One-Shot"
681,AA Battery,"Fore, Aft, Port, Starboard",-,-,-,-,-,-,-,Local (0)
682,Light Guns (5 x 6-inch),"Fore, Aft, Port, Starboard","5""","11""","16""","22""",3,-2,1,Weak
682,Port MkVII Torpedoes,Port,"4""","8""","12""","16""",3,-,3,"Devastating, One-Shot"
682,Port MkVII Torpedoes,Port,"4""","8""","12""","16""",3,-,3,"Devastating, One-Shot"
682,Starboard MkVII Torpedoes,Starboard,"4""","8""","12""","16""",3,-,3,"Devastating, One-Shot"
682,Starboard MkVII Torpedoes,Starboard,"4""","8""","12""","16""",3,-,3,"Devastating, One-Shot"
682,AA Battery,"Fore, Aft, Port, Starboard",-,-,-,-,-,-,-,Local (3)
683,Light Guns (6 x 6-inch),"Fore, Aft, Port, Starboard","5""","11""","16""","22""",4,-2,1,Weak
683,Light Guns (3 x 4-inch),"Fore, Aft, Port, Starboard","4""","8""","12""","17""",1,-2,1,"DP, Weak"
683,Port MkVII Torpedoes,Port,"4""","8""","12""","16""",3,-,3,"Devastating, One-Shot"
683,Port MkVII Torpedoes,Port,"4""","8""","12""","16""",3,-,3,"Devastating, One-Shot"
683,Starboard MkVII Torpedoes,Starboard,"4""","8""","12""","16""",3,-,3,"Devastating, One-Shot"
683,Starboard MkVII Torpedoes,Starboard,"4""","8""","12""","16""",3,-,3,"Devastating, One-Shot"
683,AA Battery,"Fore, Aft, Port, Starboard",-,-,-,-,-,-,-,Local (0)
684,Light Guns (5 x 5-inch),"Fore, Aft, Port, Starboard","4""","9""","13""","18""",3,-2,1,"DP, Weak"
684,AA Battery,"Fore, Aft, Port, Starboard",-,-,-,-,-,-,-,Local (2)
685,Light Guns (5 x 5-inch),"Fore, Aft, Port, Starboard","4""","9""","13""","18""",3,-2,1,"DP, Weak"
685,AA Battery,"Fore, Aft, Port, Starboard",-,-,-,-,-,-,-,Local (3)
686,Light Guns (6 x 6-inch),"Fore, Aft, Port, Starboard","5""","11""","16""","22""",4,-2,1,Weak
686,Light Guns (3 x 4-inch),"Fore, Aft, Port, Starboard","4""","8""","12""","17""",1,-2,1,"DP, Weak"
686,Port MkVII Torpedoes,Port,"4""","8""","12""","16""",3,-,3,"Devastating, One-Shot"
686,Port MkVII Torpedoes,Port,"4""","8""","12""","16""",3,-,3,"Devastating, One-Shot"
686,Starboard MkVII Torpedoes,Starboard,"4""","8""","12""","16""",3,-,3,"Devastating, One-Shot"
686,Starboard MkVII Torpedoes,Starboard,"4""","8""","12""","16""",3,-,3,"Devastating, One-Shot"
686,AA Battery,"Fore, Aft, Port, Starboard",-,-,-,-,-,-,-,Local (0)
687,Light Guns (6 x 6-inch),"Fore, Aft, Port, Starboard","5""","11""","16""","22""",4,-2,1,Weak
687,Light Guns (3 x 4-inch),"Fore, Aft, Port, Starboard","4""","8""","12""","17""",1,-2,1,"DP, Weak"
687,Port MkVII Torpedoes,Port,"4""","8""","12""","16""",3,-,3,"Devastating, One-Shot"
687,Port MkVII Torpedoes,Port,"4""","8""","12""","16""",3,-,3,"Devastating, One-Shot"
687,Starboard MkVII Torpedoes,Starboard,"4""","8""","12""","16""",3,-,3,"Devastating, One-Shot"
687,Starboard MkVII Torpedoes,Starboard,"4""","8""","12""","16""",3,-,3,"Devastating, One-Shot"
687,AA Battery,"Fore, Aft, Port, Starboard",-,-,-,-,-,-,-,Local (0)
688,Light Guns (8 x 5.25-inch),"Fore, Aft, Port, Starboard","5""","11""","17""","23""",4,-1,1,"DP, Weak"
688,Light Guns (1 x 4-inch),"Fore, Aft, Port, Starboard","4""","8""","12""","17""",1,-2,1,"DP, Weak, Slow-Loading"
688,Port Mk IX Torpedoes,Port,"3""","6""","9""","12""",3,-,3,"Devastating, One-Shot"
688,Starboard Mk IX Torpedoes,Starboard,"3""","6""","9""","12""",3,-,3,"Devastating, One-Shot"
688,AA Battery,"Fore, Aft, Port, Starboard",-,-,-,-,-,-,-,Local (2)
689,Light Guns (8 x 5.25-inch),"Fore, Aft, Port, Starboard","5""","11""","17""","23""",4,-1,1,"DP, Weak"
689,Light Guns (1 x 4-inch),"Fore, Aft, Port, Starboard","4""","8""","12""","17""",1,-2,1,"DP, Weak, Slow-Loading"
689,Port Mk IX Torpedoes,Port,"3""","6""","9""","12""",3,-,3,"Devastating, One-Shot"
689,Starboard Mk IX Torpedoes,Starboard,"3""","6""","9""","12""",3,-,3,"Devastating, One-Shot"
689,AA Battery,"Fore, Aft, Port, Starboard",-,-,-,-,-,-,-,Local (2)
690,Light Guns (8 x 5.25-inch),"Fore, Aft, Port, Starboard","5""","11""","17""","23""",4,-1,1,"DP, Weak"
690,Light Guns (1 x 4-inch),"Fore, Aft, Port, Starboard","4""","8""","12""","17""",1,-2,1,"DP, Weak, Slow-Loading"
690,Port Mk IX Torpedoes,Port,"3""","6""","9""","12""",3,-,3,"Devastating, One-Shot"
690,Starboard Mk IX Torpedoes,Starboard,"3""","6""","9""","12""",3,-,3,"Devastating, One-Shot"
690,AA Battery,"Fore, Aft, Port, Starboard",-,-,-,-,-,-,-,Local (2)
691,Light Guns (10 x 5.25-inch),"Fore, Aft, Port, Starboard","5""","11""","17""","23""",5,-1,1,"DP, Weak"
691,Port Mk IX Torpedoes,Port,"3""","6""","9""","12""",3,-,3,"Devastating, One-Shot"
691,Starboard Mk IX Torpedoes,Starboard,"3""","6""","9""","12""",3,-,3,"Devastating, One-Shot"
691,AA Battery,"Fore, Aft, Port, Starboard",-,-,-,-,-,-,-,Local (2)
692,Light Guns (10 x 5.25-inch),"Fore, Aft, Port, Starboard","5""","11""","17""","23""",5,-1,1,"DP, Weak"
692,Port Mk IX** Torpedoes,Port,"3""","7""","10""","14""",3,-,3,"Devastating, One-Shot"
692,Starboard Mk IX** Torpedoes,Starboard,"3""","7""","10""","14""",3,-,3,"Devastating, One-Shot"
692,AA Battery,"Fore, Aft, Port, Starboard",-,-,-,-,-,-,-,Local (2)
693,Light Guns (8 x 5.25-inch),"Fore, Aft, Port, Starboard","5""","11""","17""","23""",4,-1,1,"DP, Weak"
693,Port Mk IX Torpedoes,Port,"3""","6""","9""","12""",3,-,3,"Devastating, One-Shot"
693,Starboard Mk IX Torpedoes,Starboard,"3""","6""","9""","12""",3,-,3,"Devastating, One-Shot"
693,AA Battery,"Fore, Aft, Port, Starboard",-,-,-,-,-,-,-,Local (5)
694,Light Guns (8 x 5.25-inch),"Fore, Aft, Port, Starboard","5""","11""","17""","23""",4,-1,1,"DP, Weak"
694,Port Mk IX** Torpedoes,Port,"3""","7""","10""","14""",3,-,3,"Devastating, One-Shot"
694,Starboard Mk IX** Torpedoes,Starboard,"3""","7""","10""","14""",3,-,3,"Devastating, One-Shot"
694,AA Battery,"Fore, Aft, Port, Starboard","1""","2""","3""","5""",2,-,-,Local (3)
695,Light Guns (10 x 5.25-inch),"Fore, Aft, Port, Starboard","5""","11""","17""","23""",5,-1,1,"DP, Weak"
695,Port Mk IX Torpedoes,Port,"3""","6""","9""","12""",3,-,3,"Devastating, One-Shot"
695,Starboard Mk IX Torpedoes,Starboard,"3""","6""","9""","12""",3,-,3,"Devastating, One-Shot"
695,AA Battery,"Fore, Aft, Port, Starboard",-,-,-,-,-,-,-,Local (2)
696,Light Guns (10 x 5.25-inch),"Fore, Aft, Port, Starboard","5""","11""","17""","23""",5,-1,1,"DP, Weak"
696,Port Mk IX Torpedoes,Port,"3""","6""","9""","12""",3,-,3,"Devastating, One-Shot"
696,Starboard Mk IX Torpedoes,Starboard,"3""","6""","9""","12""",3,-,3,"Devastating, One-Shot"
696,AA Battery,"Fore, Aft, Port, Starboard",-,-,-,-,-,-,-,Local (2)
697,Light Guns (8 x 5.25-inch),"Fore, Aft, Port, Starboard","5""","11""","17""","23""",4,-1,1,"DP, Weak"
697,Port Mk IX** Torpedoes,Port,"3""","7""","10""","14""",3,-,3,"Devastating, One-Shot"
697,Starboard Mk IX** Torpedoes,Starboard,"3""","7""","10""","14""",3,-,3,"Devastating, One-Shot"
697,AA Battery,"Fore, Aft, Port, Starboard",-,-,-,-,-,-,-,Local (4)
698,Light Guns (8 x 5.25-inch),"Fore, Aft, Port, Starboard","5""","11""","17""","23""",4,-1,1,"DP, Weak"
698,Port Mk IX** Torpedoes,Port,"3""","7""","10""","14""",3,-,3,"Devastating, One-Shot"
698,Starboard Mk IX** Torpedoes,Starboard,"3""","7""","10""","14""",3,-,3,"Devastating, One-Shot"
698,AA Battery,"Fore, Aft, Port, Starboard","1""","2""","3""","5""",2,-,-,Local (4)
699,Light Guns (8 x 5.25-inch),"Fore, Aft, Port, Starboard","5""","11""","17""","23""",4,-1,1,"DP, Weak"
699,Port Mk IX** Torpedoes,Port,"3""","7""","10""","14""",3,-,3,"Devastating, One-Shot"
699,Starboard Mk IX** Torpedoes,Starboard,"3""","7""","10""","14""",3,-,3,"Devastating, One-Shot"
699,AA Battery,"Fore, Aft, Port, Starboard","1""","2""","3""","5""",3,-,-,Local (1)
700,Light Guns (10 x 5.25-inch),"Fore, Aft, Port, Starboard","5""","11""","17""","23""",5,-1,1,"DP, Weak"
700,Port Mk IX Torpedoes,Port,"3""","6""","9""","12""",3,-,3,"Devastating, One-Shot"
700,Starboard Mk IX Torpedoes,Starboard,"3""","6""","9""","12""",3,-,3,"Devastating, One-Shot"
700,AA Battery,"Fore, Aft, Port, Starboard",-,-,-,-,-,-,-,Local (3)
701,Light Guns (8 x 5.25-inch),"Fore, Aft, Port, Starboard","5""","11""","17""","23""",4,-1,1,"DP, Weak"
701,Port Mk IX** Torpedoes,Port,"3""","7""","10""","14""",3,-,3,"Devastating, One-Shot"
701,Starboard Mk IX** Torpedoes,Starboard,"3""","7""","10""","14""",3,-,3,"Devastating, One-Shot"
701,AA Battery,"Fore, Aft, Port, Starboard",-,-,-,-,-,-,-,Local (4)
702,Light Guns (10 x 5.25-inch),"Fore, Aft, Port, Starboard","5""","11""","17""","23""",5,-1,1,"DP, Weak"
702,Port Mk IX Torpedoes,Port,"3""","6""","9""","12""",3,-,3,"Devastating, One-Shot"
702,Starboard Mk IX Torpedoes,Starboard,"3""","6""","9""","12""",3,-,3,"Devastating, One-Shot"
702,AA Battery,"Fore, Aft, Port, Starboard","1""","2""","3""","5""",1,-,-,Local (2)
703,Light Guns (10 x 5.25-inch),"Fore, Aft, Port, Starboard","5""","11""","17""","23""",5,-1,1,"DP, Weak"
703,Port Mk IX** Torpedoes,Port,"3""","7""","10""","14""",3,-,3,"Devastating, One-Shot"
703,Starboard Mk IX** Torpedoes,Starboard,"3""","7""","10""","14""",3,-,3,"Devastating, One-Shot"
703,AA Battery,"Fore, Aft, Port, Starboard","1""","2""","3""","5""",1,-,-,Local (2)
704,Light Guns (8 x 4.5-inch),"Fore, Aft, Port, Starboard","5""","11""","15""","21""",4,-1,1,"DP, Weak"
704,Light Guns (1 x 4-inch),"Fore, Aft, Port, Starboard","4""","8""","12""","17""",1,-2,1,"DP, Weak, Slow-Loading"
704,Port Mk IX Torpedoes,Port,"3""","6""","9""","12""",3,-,3,"Devastating, One-Shot"
704,Starboard Mk IX Torpedoes,Starboard,"3""","6""","9""","12""",3,-,3,"Devastating, One-Shot"
704,AA Battery,"Fore, Aft, Port, Starboard",-,-,-,-,-,-,-,Local (2)
705,Light Guns (8 x 4.5-inch),"Fore, Aft, Port, Starboard","5""","11""","15""","21""",4,-1,1,"DP, Weak"
705,Port Mk IX** Torpedoes,Port,"3""","7""","10""","14""",3,-,3,"Devastating, One-Shot"
705,Starboard Mk IX** Torpedoes,Starboard,"3""","7""","10""","14""",3,-,3,"Devastating, One-Shot"
705,AA Battery,"Fore, Aft, Port, Starboard",-,-,-,-,-,-,-,Local (2)
706,Light Guns (8 x 4.5-inch),"Fore, Aft, Port, Starboard","5""","11""","15""","21""",4,-1,1,"DP, Weak"
706,Light Guns (1 x 4-inch),"Fore, Aft, Port, Starboard","4""","8""","12""","17""",1,-2,1,"DP, Weak, Slow-Loading"
706,Port Mk IX Torpedoes,Port,"3""","6""","9""","12""",3,-,3,"Devastating, One-Shot"
706,Starboard Mk IX Torpedoes,Starboard,"3""","6""","9""","12""",3,-,3,"Devastating, One-Shot"
706,AA Battery,"Fore, Aft, Port, Starboard",-,-,-,-,-,-,-,Local (3)
707,A Turret (3 x 6-inch),"Fore, Port, Starboard","6""","12""","18""","25""",2,-1,1,Fast Track
707,B Turret (3 x 6-inch),"Fore, Port, Starboard","6""","12""","18""","25""",2,-1,1,Fast Track
707,X Turret (3 x 6-inch),"Aft, Port, Starboard","6""","12""","18""","25""",2,-1,1,Fast Track
707,Y Turret (3 x 6-inch),"Aft, Port, Starboard","6""","12""","18""","25""",2,-1,1,Fast Track
707,Light Guns (12 x 4-inch),"Fore, Aft, Port, Starboard","5""","10""","15""","20""",6,-2,1,"DP, Restricted, Weak"
707,Port Mk IX Torpedoes,Port,"3""","6""","9""","12""",3,-,3,"Devastating, One-Shot"
707,Starboard Mk IX Torpedoes,Starboard,"3""","6""","9""","12""",3,-,3,"Devastating, One-Shot"
707,AA Battery,"Fore, Aft, Port, Starboard",-,-,-,-,-,-,-,Local (3)
708,A Turret (3 x 6-inch),"Fore, Port, Starboard","6""","12""","18""","25""",2,-1,1,Fast Track
708,B Turret (3 x 6-inch),"Fore, Port, Starboard","6""","12""","18""","25""",2,-1,1,Fast Track
708,X Turret (3 x 6-inch),"Aft, Port, Starboard","6""","12""","18""","25""",2,-1,1,Fast Track
708,Y Turret (3 x 6-inch),"Aft, Port, Starboard","6""","12""","18""","25""",2,-1,1,Fast Track
708,Light Guns (12 x 4-inch),"Fore, Aft, Port, Starboard","5""","10""","15""","20""",6,-2,1,"DP, Restricted, Weak"
708,Port Mk IX Torpedoes,Port,"3""","6""","9""","12""",3,-,3,"Devastating, One-Shot"
708,Starboard Mk IX Torpedoes,Starboard,"3""","6""","9""","12""",3,-,3,"Devastating, One-Shot"
708,AA Battery,"Fore, Aft, Port, Starboard",-,-,-,-,-,-,-,Local (4)
709,A Turret (3 x 6-inch),"Fore, Port, Starboard","6""","12""","18""","25""",2,-1,1,Fast Track
709,B Turret (3 x 6-inch),"Fore, Port, Starboard","6""","12""","18""","25""",2,-1,1,Fast Track
709,X Turret (3 x 6-inch),"Aft, Port, Starboard","6""","12""","18""","25""",2,-1,1,Fast Track
709,Y Turret (3 x 6-inch),"Aft, Port, Starboard","6""","12""","18""","25""",2,-1,1,Fast Track
709,Light Guns (12 x 4-inch),"Fore, Aft, Port, Starboard","5""","10""","15""","20""",6,-2,1,"DP, Restricted, Weak"
709,Port Mk IX Torpedoes,Port,"3""","6""","9""","12""",3,-,3,"Devastating, One-Shot"
709,Starboard Mk IX Torpedoes,Starboard,"3""","6""","9""","12""",3,-,3,"Devastating, One-Shot"
709,AA Battery,"Fore, Aft, Port, Starboard",-,-,-,-,-,-,-,Local (4)
710,A Turret (3 x 6-inch),"Fore, Port, Starboard","6""","12""","18""","25""",2,-1,1,Fast Track
710,B Turret (3 x 6-inch),"Fore, Port, Starboard","6""","12""","18""","25""",2,-1,1,Fast Track
710,X Turret (3 x 6-inch),"Aft, Port, Starboard","6""","12""","18""","25""",2,-1,1,Fast Track
710,Y Turret (3 x 6-inch),"Aft, Port, Starboard","6""","12""","18""","25""",2,-1,1,Fast Track
710,Light Guns (12 x 4-inch),"Fore, Aft, Port, Starboard","5""","10""","15""","20""",6,-2,1,"DP, Restricted, Weak"
710,Port Mk IX Torpedoes,Port,"3""","6""","9""","12""",3,-,3,"Devastating, One-Shot"
710,Starboard Mk IX Torpedoes,Starboard,"3""","6""","9""","12""",3,-,3,"Devastating, One-Shot"
710,AA Battery,"Fore, Aft, Port, Starboard",-,-,-,-,-,-,-,Local (4)
711,A Turret (3 x 6-inch),"Fore, Port, Starboard","6""","12""","18""","25""",2,-1,1,Fast Track
711,B Turret (3 x 6-inch),"Fore, Port, Starboard","6""","12""","18""","25""",2,-1,1,Fast Track
711,X Turret (3 x 6-inch),"Aft, Port, Starboard","6""","12""","18""","25""",2,-1,1,Fast Track
711,Y Turret (3 x 6-inch),"Aft, Port, Starboard","6""","12""","18""","25""",2,-1,1,Fast Track
711,Light Guns (12 x 4-inch),"Fore, Aft, Port, Starboard","5""","10""","15""","20""",6,-2,1,"DP, Restricted, Weak"
711,Port Mk IX Torpedoes,Port,"3""","6""","9""","12""",3,-,3,"Devastating, One-Shot"
711,Starboard Mk IX Torpedoes,Starboard,"3""","6""","9""","12""",3,-,3,"Devastating, One-Shot"
711,AA Battery,"Fore, Aft, Port, Starboard",-,-,-,-,-,-,-,Local (5)
712,A Turret (3 x 6-inch),"Fore, Port, Starboard","6""","12""","18""","25""",2,-1,1,Fast Track
712,B Turret (3 x 6-inch),"Fore, Port, Starboard","6""","12""","18""","25""",2,-1,1,Fast Track
712,X Turret (3 x 6-inch),"Aft, Port, Starboard","6""","12""","18""","25""",2,-1,1,Fast Track
712,Y Turret (3 x 6-inch),"Aft, Port, Starboard","6""","12""","18""","25""",2,-1,1,Fast Track
712,Light Guns (8 x 4-inch),"Fore, Aft, Port, Starboard","5""","10""","15""","20""",4,-2,1,"DP, Restricted, Weak"
712,Port Mk IX Torpedoes,Port,"3""","6""","9""","12""",3,-,3,"Devastating, One-Shot"
712,Starboard Mk IX Torpedoes,Starboard,"3""","6""","9""","12""",3,-,3,"Devastating, One-Shot"
712,AA Battery,"Fore, Aft, Port, Starboard","1""","2""","3""","5""",1,-,-,Local (8)
713,Light Guns (7 x 6-inch),"Fore, Aft, Port, Starboard","4""","9""","14""","19""",4,-2,1,Weak
713,Light Guns (3 x 4-inch),"Fore, Aft, Port, Starboard","4""","8""","12""","17""",1,-2,1,"DP, Weak"
713,Port Mk VII Torpedoes,Port,"4""","8""","12""","16""",4,-,3,"Devastating, One-Shot"
713,Port Mk VII Torpedoes,Port,"4""","8""","12""","16""",4,-,3,"Devastating, One-Shot"
713,Starboard Mk VII Torpedoes,Starboard,"4""","8""","12""","16""",4,-,3,"Devastating, One-Shot"
713,Starboard Mk VII Torpedoes,Starboard,"4""","8""","12""","16""",4,-,3,"Devastating, One-Shot"
713,AA Battery,"Fore, Aft, Port, Starboard",-,-,-,-,-,-,-,Local (1)
714,A Turret (2 x 6-inch),"Fore, Port, Starboard","5""","11""","16""","22""",1,-2,1,"Twin-Linked, Weak, Fast-Track"
714,Light Guns (5 x 6-inch),"Fore, Aft, Port, Starboard","4""","9""","14""","19""",3,-2,1,Weak
714,Light Guns (3 x 4-inch),"Fore, Aft, Port, Starboard","4""","8""","12""","17""",1,-2,1,"DP, Weak"
714,Port Mk VII Torpedoes,Port,"4""","8""","12""","16""",4,-,3,"Devastating, One-Shot"
714,Port Mk VII Torpedoes,Port,"4""","8""","12""","16""",4,-,3,"Devastating, One-Shot"
714,Starboard Mk VII Torpedoes,Starboard,"4""","8""","12""","16""",4,-,3,"Devastating, One-Shot"
714,Starboard Mk VII Torpedoes,Starboard,"4""","8""","12""","16""",4,-,3,"Devastating, One-Shot"
714,AA Battery,"Fore, Aft, Port, Starboard",-,-,-,-,-,-,-,Local (1)
715,A Turret (3 x 6-inch),"Fore, Port, Starboard","6""","12""","18""","25""",2,-1,1,Fast Track
715,B Turret (3 x 6-inch),"Fore, Port, Starboard","6""","12""","18""","25""",2,-1,1,Fast Track
715,X Turret (3 x 6-inch),"Aft, Port, Starboard","6""","12""","18""","25""",2,-1,1,Fast Track
715,Y Turret (3 x 6-inch),"Aft, Port, Starboard","6""","12""","18""","25""",2,-1,1,Fast Track
715,Light Guns (8 x 4-inch),"Fore, Aft, Port, Starboard","5""","10""","15""","20""",4,-2,1,"DP, Restricted, Weak"
715,Port Mk IX Torpedoes,Port,"3""","6""","9""","12""",3,-,3,"Devastating, One-Shot"
715,Starboard Mk IX Torpedoes,Starboard,"3""","6""","9""","12""",3,-,3,"Devastating, One-Shot"
715,AA Battery,"Fore, Aft, Port, Starboard",-,-,-,-,-,-,-,Local (2)
716,A Turret (3 x 6-inch),"Fore, Port, Starboard","6""","12""","18""","25""",2,-1,1,Fast Track
716,B Turret (3 x 6-inch),"Fore, Port, Starboard","6""","12""","18""","25""",2,-1,1,Fast Track
716,X Turret (3 x 6-inch),"Aft, Port, Starboard","6""","12""","18""","25""",2,-1,1,Fast Track
716,Y Turret (3 x 6-inch),"Aft, Port, Starboard","6""","12""","18""","25""",2,-1,1,Fast Track
716,Light Guns (8 x 4-inch),"Fore, Aft, Port, Starboard","5""","10""","15""","20""",4,-2,1,"DP, Restricted, Weak"
716,Port Mk IX Torpedoes,Port,"3""","6""","9""","12""",3,-,3,"Devastating, One-Shot"
716,Starboard Mk IX Torpedoes,Starboard,"3""","6""","9""","12""",3,-,3,"Devastating, One-Shot"
716,AA Battery,"Fore, Aft, Port, Starboard",-,-,-,-,-,-,-,Local (2)
717,A Turret (3 x 6-inch),"Fore, Port, Starboard","6""","12""","18""","25""",2,-1,1,Fast Track
717,B Turret (3 x 6-inch),"Fore, Port, Starboard","6""","12""","18""","25""",2,-1,1,Fast Track
717,X Turret (3 x 6-inch),"Aft, Port, Starboard","6""","12""","18""","25""",2,-1,1,Fast Track
717,Y Turret (3 x 6-inch),"Aft, Port, Starboard","6""","12""","18""","25""",2,-1,1,Fast Track
717,Light Guns (8 x 4-inch),"Fore, Aft, Port, Starboard","5""","10""","15""","20""",4,-2,1,"DP, Restricted, Weak"
717,Port Mk IX Torpedoes,Port,"3""","6""","9""","12""",3,-,3,"Devastating, One-Shot"
717,Starboard Mk IX Torpedoes,Starboard,"3""","6""","9""","12""",3,-,3,"Devastating, One-Shot"
717,AA Battery,"Fore, Aft, Port, Starboard",-,-,-,-,-,-,-,Local (2)
718,A Turret (3 x 6-inch),"Fore, Port, Starboard","6""","12""","18""","25""",2,-1,1,Fast Track
718,B Turret (3 x 6-inch),"Fore, Port, Starboard","6""","12""","18""","25""",2,-1,1,Fast Track
718,X Turret (3 x 6-inch),"Aft, Port, Starboard","6""","12""","18""","25""",2,-1,1,Fast Track
718,Y Turret (3 x 6-inch),"Aft, Port, Starboard","6""","12""","18""","25""",2,-1,1,Fast Track
718,Light Guns (8 x 4-inch),"Fore, Aft, Port, Starboard","5""","10""","15""","20""",4,-2,1,"DP, Restricted, Weak"
718,Port Mk IX Torpedoes,Port,"3""","6""","9""","12""",3,-,3,"Devastating, One-Shot"
718,Starboard Mk IX Torpedoes,Starboard,"3""","6""","9""","12""",3,-,3,"Devastating, One-Shot"
718,AA Battery,"Fore, Aft, Port, Starboard",-,-,-,-,-,-,-,Local (3)
719,A Turret (3 x 6-inch),"Fore, Port, Starboard","6""","12""","18""","25""",2,-1,1,Fast Track
719,B Turret (3 x 6-inch),"Fore, Port, Starboard","6""","12""","18""","25""",2,-1,1,Fast Track
719,X Turret (3 x 6-inch),"Aft, Port, Starboard","6""","12""","18""","25""",2,-1,1,Fast Track
719,Y Turret (3 x 6-inch),"Aft, Port, Starboard","6""","12""","18""","25""",2,-1,1,Fast Track
719,Light Guns (8 x 4-inch),"Fore, Aft, Port, Starboard","5""","10""","15""","20""",4,-2,1,"DP, Restricted, Weak"
719,Port Mk IX Torpedoes,Port,"3""","6""","9""","12""",3,-,3,"Devastating, One-Shot"
719,Starboard Mk IX Torpedoes,Starboard,"3""","6""","9""","12""",3,-,3,"Devastating, One-Shot"
719,AA Battery,"Fore, Aft, Port, Starboard",-,-,-,-,-,-,-,Local (3)
720,A Turret (3 x 6-inch),"Fore, Port, Starboard","6""","12""","18""","25""",2,-1,1,Fast Track
720,B Turret (3 x 6-inch),"Fore, Port, Starboard","6""","12""","18""","25""",2,-1,1,Fast Track
720,Y Turret (3 x 6-inch),"Aft, Port, Starboard","6""","12""","18""","25""",2,-1,1,Fast Track
720,Light Guns (8 x 4-inch),"Fore, Aft, Port, Starboard","5""","10""","15""","20""",4,-2,1,"DP, Restricted, Weak"
720,Port Mk IX** Torpedoes,Port,"3""","7""","10""","14""",3,-,3,"Devastating, One-Shot"
720,Starboard Mk IX** Torpedoes,Starboard,"3""","7""","10""","14""",3,-,3,"Devastating, One-Shot"
720,AA Battery,"Fore, Aft, Port, Starboard","1""","2""","3""","5""",1,-,-,Local (5)
721,A Turret (3 x 6-inch),"Fore, Port, Starboard","6""","12""","18""","25""",2,-1,1,Fast Track
721,B Turret (3 x 6-inch),"Fore, Port, Starboard","6""","12""","18""","25""",2,-1,1,Fast Track
721,X Turret (3 x 6-inch),"Aft, Port, Starboard","6""","12""","18""","25""",2,-1,1,Fast Track
721,Y Turret (3 x 6-inch),"Aft, Port, Starboard","6""","12""","18""","25""",2,-1,1,Fast Track
721,Light Guns (8 x 4-inch),"Fore, Aft, Port, Starboard","5""","10""","15""","20""",4,-2,1,"DP, Restricted, Weak"
721,Port Mk IX Torpedoes,Port,"3""","6""","9""","12""",3,-,3,"Devastating, One-Shot"
721,Starboard Mk IX Torpedoes,Starboard,"3""","6""","9""","12""",3,-,3,"Devastating, One-Shot"
721,AA Battery,"Fore, Aft, Port, Starboard",-,-,-,-,-,-,-,Local (3)
722,A Turret (3 x 6-inch),"Fore, Port, Starboard","6""","12""","18""","25""",2,-1,1,Fast Track
722,B Turret (3 x 6-inch),"Fore, Port, Starboard","6""","12""","18""","25""",2,-1,1,Fast Track
722,X Turret (3 x 6-inch),"Aft, Port, Starboard","6""","12""","18""","25""",2,-1,1,Fast Track
722,Y Turret (3 x 6-inch),"Aft, Port, Starboard","6""","12""","18""","25""",2,-1,1,Fast Track
722,Light Guns (8 x 4-inch),"Fore, Aft, Port, Starboard","5""","10""","15""","20""",4,-2,1,"DP, Restricted, Weak"
722,Port Mk IX Torpedoes,Port,"3""","6""","9""","12""",3,-,3,"Devastating, One-Shot"
722,Starboard Mk IX Torpedoes,Starboard,"3""","6""","9""","12""",3,-,3,"Devastating, One-Shot"
722,AA Battery,"Fore, Aft, Port, Starboard",-,-,-,-,-,-,-,Local (3)
723,A Turret (3 x 6-inch),"Fore, Port, Starboard","6""","12""","18""","25""",2,-1,1,Fast Track
723,B Turret (3 x 6-inch),"Fore, Port, Starboard","6""","12""","18""","25""",2,-1,1,Fast Track
723,X Turret (3 x 6-inch),"Aft, Port, Starboard","6""","12""","18""","25""",2,-1,1,Fast Track
723,Y Turret (3 x 6-inch),"Aft, Port, Starboard","6""","12""","18""","25""",2,-1,1,Fast Track
723,Light Guns (8 x 4-inch),"Fore, Aft, Port, Starboard","5""","10""","15""","20""",4,-2,1,"DP, Restricted, Weak"
723,Port Mk IX Torpedoes,Port,"3""","6""","9""","12""",3,-,3,"Devastating, One-Shot"
723,Starboard Mk IX Torpedoes,Starboard,"3""","6""","9""","12""",3,-,3,"Devastating, One-Shot"
723,AA Battery,"Fore, Aft, Port, Starboard",-,-,-,-,-,-,-,Local (3)
724,A Turret (3 x 6-inch),"Fore, Port, Starboard","6""","12""","18""","25""",2,-1,1,Fast Track
724,B Turret (3 x 6-inch),"Fore, Port, Starboard","6""","12""","18""","25""",2,-1,1,Fast Track
724,Y Turret (3 x 6-inch),"Aft, Port, Starboard","6""","12""","18""","25""",2,-1,1,Fast Track
724,Light Guns (8 x 4-inch),"Fore, Aft, Port, Starboard","5""","10""","15""","20""",4,-2,1,"DP, Restricted, Weak"
724,Port Mk IX** Torpedoes,Port,"3""","7""","10""","14""",3,-,3,"Devastating, One-Shot"
724,Starboard Mk IX** Torpedoes,Starboard,"3""","7""","10""","14""",3,-,3,"Devastating, One-Shot"
724,AA Battery,"Fore, Aft, Port, Starboard",-,-,-,-,-,-,-,Local (6)
725,A Turret (3 x 6-inch),"Fore, Port, Starboard","6""","12""","18""","25""",2,-1,1,Fast Track
725,B Turret (3 x 6-inch),"Fore, Port, Starboard","6""","12""","18""","25""",2,-1,1,Fast Track
725,X Turret (3 x 6-inch),"Aft, Port, Starboard","6""","12""","18""","25""",2,-1,1,Fast Track
725,Y Turret (3 x 6-inch),"Aft, Port, Starboard","6""","12""","18""","25""",2,-1,1,Fast Track
725,Light Guns (8 x 4-inch),"Fore, Aft, Port, Starboard","5""","10""","15""","20""",4,-2,1,"DP, Restricted, Weak"
725,Port Mk IX** Torpedoes,Port,"3""","7""","10""","14""",3,-,3,"Devastating, One-Shot"
725,Starboard Mk IX** Torpedoes,Starboard,"3""","7""","10""","14""",3,-,3,"Devastating, One-Shot"
725,AA Battery,"Fore, Aft, Port, Starboard",-,-,-,-,-,-,-,Local (3)
726,A Turret (3 x 6-inch),"Fore, Port, Starboard","6""","12""","18""","25""",2,-1,1,Fast Track
726,B Turret (3 x 6-inch),"Fore, Port, Starboard","6""","12""","18""","25""",2,-1,1,Fast Track
726,X Turret (3 x 6-inch),"Aft, Port, Starboard","6""","12""","18""","25""",2,-1,1,Fast Track
726,Y Turret (3 x 6-inch),"Aft, Port, Starboard","6""","12""","18""","25""",2,-1,1,Fast Track
726,Light Guns (8 x 4-inch),"Fore, Aft, Port, Starboard","5""","10""","15""","20""",4,-2,1,"DP, Restricted, Weak"
726,Port Mk IX** Torpedoes,Port,"3""","7""","10""","14""",3,-,3,"Devastating, One-Shot"
726,Starboard Mk IX** Torpedoes,Starboard,"3""","7""","10""","14""",3,-,3,"Devastating, One-Shot"
726,AA Battery,"Fore, Aft, Port, Starboard",-,-,-,-,-,-,-,Local (3)
727,A Turret (3 x 6-inch),"Fore, Port, Starboard","6""","12""","18""","25""",2,-1,1,Fast Track
727,B Turret (3 x 6-inch),"Fore, Port, Starboard","6""","12""","18""","25""",2,-1,1,Fast Track
727,Y Turret (3 x 6-inch),"Aft, Port, Starboard","6""","12""","18""","25""",2,-1,1,Fast Track
727,Light Guns (8 x 4-inch),"Fore, Aft, Port, Starboard","5""","10""","15""","20""",4,-2,1,"DP, Restricted, Weak"
727,Port Mk IX** Torpedoes,Port,"3""","7""","10""","14""",3,-,3,"Devastating, One-Shot"
727,Starboard Mk IX** Torpedoes,Starboard,"3""","7""","10""","14""",3,-,3,"Devastating, One-Shot"
727,AA Battery,"Fore, Aft, Port, Starboard","1""","2""","3""","5""",1,-,-,Local (3)
728,A Turret (3 x 6-inch),"Fore, Port, Starboard","6""","12""","18""","25""",2,-1,1,Fast Track
728,B Turret (3 x 6-inch),"Fore, Port, Starboard","6""","12""","18""","25""",2,-1,1,Fast Track
728,X Turret (3 x 6-inch),"Aft, Port, Starboard","6""","12""","18""","25""",2,-1,1,Fast Track
728,Y Turret (3 x 6-inch),"Aft, Port, Starboard","6""","12""","18""","25""",2,-1,1,Fast Track
728,Light Guns (8 x 4-inch),"Fore, Aft, Port, Starboard","5""","10""","15""","20""",4,-2,1,"DP, Restricted, Weak"
728,Port Mk IX Torpedoes,Port,"3""","6""","9""","12""",3,-,3,"Devastating, One-Shot"
728,Starboard Mk IX Torpedoes,Starboard,"3""","6""","9""","12""",3,-,3,"Devastating, One-Shot"
728,AA Battery,"Fore, Aft, Port, Starboard",-,-,-,-,-,-,-,Local (3)
729,A Turret (3 x 6-inch),"Fore, Port, Starboard","6""","12""","18""","25""",2,-1,1,Fast Track
729,B Turret (3 x 6-inch),"Fore, Port, Starboard","6""","12""","18""","25""",2,-1,1,Fast Track
729,X Turret (3 x 6-inch),"Aft, Port, Starboard","6""","12""","18""","25""",2,-1,1,Fast Track
729,Y Turret (3 x 6-inch),"Aft, Port, Starboard","6""","12""","18""","25""",2,-1,1,Fast Track
729,Light Guns (8 x 4-inch),"Fore, Aft, Port, Starboard","5""","10""","15""","20""",4,-2,1,"DP, Restricted, Weak"
729,Port Mk IX Torpedoes,Port,"3""","6""","9""","12""",3,-,3,"Devastating, One-Shot"
729,Starboard Mk IX Torpedoes,Starboard,"3""","6""","9""","12""",3,-,3,"Devastating, One-Shot"
729,AA Battery,"Fore, Aft, Port, Starboard",-,-,-,-,-,-,-,Local (3)
730,A Turret (3 x 6-inch),"Fore, Port, Starboard","6""","12""","18""","25""",2,-1,1,Fast Track
730,B Turret (3 x 6-inch),"Fore, Port, Starboard","6""","12""","18""","25""",2,-1,1,Fast Track
730,X Turret (3 x 6-inch),"Aft, Port, Starboard","6""","12""","18""","25""",2,-1,1,Fast Track
730,Y Turret (3 x 6-inch),"Aft, Port, Starboard","6""","12""","18""","25""",2,-1,1,Fast Track
730,Light Guns (8 x 4-inch),"Fore, Aft, Port, Starboard","5""","10""","15""","20""",4,-2,1,"DP, Restricted, Weak"
730,Port Mk IX Torpedoes,Port,"3""","6""","9""","12""",3,-,3,"Devastating, One-Shot"
730,Starboard Mk IX Torpedoes,Starboard,"3""","6""","9""","12""",3,-,3,"Devastating, One-Shot"
730,AA Battery,"Fore, Aft, Port, Starboard","1""","2""","3""","5""",1,-,-,Local (3)
731,A Turret (3 x 6-inch),"Fore, Port, Starboard","6""","12""","18""","25""",2,-1,1,Fast Track
731,B Turret (3 x 6-inch),"Fore, Port, Starboard","6""","12""","18""","25""",2,-1,1,Fast Track
731,X Turret (3 x 6-inch),"Aft, Port, Starboard","6""","12""","18""","25""",2,-1,1,Fast Track
731,Y Turret (3 x 6-inch),"Aft, Port, Starboard","6""","12""","18""","25""",2,-1,1,Fast Track
731,Light Guns (8 x 4-inch),"Fore, Aft, Port, Starboard","5""","10""","15""","20""",4,-2,1,"DP, Restricted, Weak"
731,Port Mk IX** Torpedoes,Port,"3""","7""","10""","14""",3,-,3,"Devastating, One-Shot"
731,Starboard Mk IX** Torpedoes,Starboard,"3""","7""","10""","14""",3,-,3,"Devastating, One-Shot"
731,AA Battery,"Fore, Aft, Port, Starboard","1""","2""","3""","5""",1,-,-,Local (3)
732,A Turret (3 x 6-inch),"Fore, Port, Starboard","6""","12""","18""","25""",2,-1,1,Fast Track
732,B Turret (3 x 6-inch),"Fore, Port, Starboard","6""","12""","18""","25""",2,-1,1,Fast Track
732,Y Turret (3 x 6-inch),"Aft, Port, Starboard","6""","12""","18""","25""",2,-1,1,Fast Track
732,Light Guns (8 x 4-inch),"Fore, Aft, Port, Starboard","5""","10""","15""","20""",4,-2,1,"DP, Restricted, Weak"
732,Port Mk IX** Torpedoes,Port,"3""","7""","10""","14""",3,-,3,"Devastating, One-Shot"
732,Starboard Mk IX** Torpedoes,Starboard,"3""","7""","10""","14""",3,-,3,"Devastating, One-Shot"
732,AA Battery,"Fore, Aft, Port, Starboard",-,-,-,-,-,-,-,Local (3)
733,A Turret (3 x 6-inch),"Fore, Port, Starboard","6""","12""","18""","25""",2,-1,1,Fast Track
733,B Turret (3 x 6-inch),"Fore, Port, Starboard","6""","12""","18""","25""",2,-1,1,Fast Track
733,Y Turret (3 x 6-inch),"Aft, Port, Starboard","6""","12""","18""","25""",2,-1,1,Fast Track
733,Light Guns (8 x 4-inch),"Fore, Aft, Port, Starboard","5""","10""","15""","20""",4,-2,1,"DP, Restricted, Weak"
733,Port Mk IX** Torpedoes,Port,"3""","7""","10""","14""",3,-,3,"Devastating, One-Shot"
733,Starboard Mk IX** Torpedoes,Starboard,"3""","7""","10""","14""",3,-,3,"Devastating, One-Shot"
733,AA Battery,"Fore, Aft, Port, Starboard",-,-,-,-,-,-,-,Local (4)
734,A Turret (3 x 6-inch),"Fore, Port, Starboard","6""","12""","18""","25""",2,-1,1,Fast Track
734,B Turret (3 x 6-inch),"Fore, Port, Starboard","6""","12""","18""","25""",2,-1,1,Fast Track
734,Y Turret (3 x 6-inch),"Aft, Port, Starboard","6""","12""","18""","25""",2,-1,1,Fast Track
734,Light Guns (8 x 4-inch),"Fore, Aft, Port, Starboard","5""","10""","15""","20""",4,-2,1,"DP, Restricted, Weak"
734,Port Mk IX** Torpedoes,Port,"3""","7""","10""","14""",3,-,3,"Devastating, One-Shot"
734,Starboard Mk IX** Torpedoes,Starboard,"3""","7""","10""","14""",3,-,3,"Devastating, One-Shot"
734,AA Battery,"Fore, Aft, Port, Starboard","1""","2""","3""","5""",1,-,-,Local (3)
735,A Turret (3 x 6-inch),"Fore, Port, Starboard","6""","12""","18""","25""",2,-1,1,Fast Track
735,B Turret (3 x 6-inch),"Fore, Port, Starboard","6""","12""","18""","25""",2,-1,1,Fast Track
735,Y Turret (3 x 6-inch),"Aft, Port, Starboard","6""","12""","18""","25""",2,-1,1,Fast Track
735,Light Guns (8 x 4-inch),"Fore, Aft, Port, Starboard","5""","10""","15""","20""",4,-2,1,"DP, Restricted, Weak"
735,Port Mk IX** Torpedoes,Port,"3""","7""","10""","14""",3,-,3,"Devastating, One-Shot"
735,Starboard Mk IX** Torpedoes,Starboard,"3""","7""","10""","14""",3,-,3,"Devastating, One-Shot"
735,AA Battery,"Fore, Aft, Port, Starboard","1""","2""","3""","5""",2,-,-,Local (4)
736,A Turret (3 x 6-inch),"Fore, Port, Starboard","6""","12""","18""","25""",2,-1,1,Fast Track
736,B Turret (3 x 6-inch),"Fore, Port, Starboard","6""","12""","18""","25""",2,-1,1,Fast Track
736,Y Turret (3 x 6-inch),"Aft, Port, Starboard","6""","12""","18""","25""",2,-1,1,Fast Track
736,Light Guns (8 x 4-inch),"Fore, Aft, Port, Starboard","5""","10""","15""","20""",4,-2,1,"DP, Restricted, Weak"
736,Port Mk IX** Torpedoes,Port,"3""","7""","10""","14""",3,-,3,"Devastating, One-Shot"
736,Starboard Mk IX** Torpedoes,Starboard,"3""","7""","10""","14""",3,-,3,"Devastating, One-Shot"
736,AA Battery,"Fore, Aft, Port, Starboard",-,-,-,-,-,-,-,Local (4)
737,A Turret (3 x 6-inch),"Fore, Port, Starboard","6""","12""","18""","25""",2,-1,1,Fast Track
737,B Turret (3 x 6-inch),"Fore, Port, Starboard","6""","12""","18""","25""",2,-1,1,Fast Track
737,Y Turret (3 x 6-inch),"Aft, Port, Starboard","6""","12""","18""","25""",2,-1,1,Fast Track
737,Light Guns (8 x 4-inch),"Fore, Aft, Port, Starboard","5""","10""","15""","20""",4,-2,1,"DP, Restricted, Weak"
737,Port Mk IX** Torpedoes,Port,"3""","7""","10""","14""",3,-,3,"Devastating, One-Shot"
737,Starboard Mk IX** Torpedoes,Starboard,"3""","7""","10""","14""",3,-,3,"Devastating, One-Shot"
737,AA Battery,"Fore, Aft, Port, Starboard",-,-,-,-,-,-,-,Local (3)
738,A Turret (3 x 6-inch),"Fore, Port, Starboard","6""","12""","18""","25""",2,-1,1,Fast Track
738,B Turret (3 x 6-inch),"Fore, Port, Starboard","6""","12""","18""","25""",2,-1,1,Fast Track
738,X Turret (3 x 6-inch),"Aft, Port, Starboard","6""","12""","18""","25""",2,-1,1,Fast Track
738,Y Turret (3 x 6-inch),"Aft, Port, Starboard","6""","12""","18""","25""",2,-1,1,Fast Track
738,Light Guns (8 x 4-inch),"Fore, Aft, Port, Starboard","5""","10""","15""","20""",4,-2,1,"DP, Restricted, Weak"
738,Port Mk IX Torpedoes,Port,"3""","6""","9""","12""",3,-,3,"Devastating, One-Shot"
738,Starboard Mk IX Torpedoes,Starboard,"3""","6""","9""","12""",3,-,3,"Devastating, One-Shot"
738,AA Battery,"Fore, Aft, Port, Starboard",-,-,-,-,-,-,-,Local (2)
739,A Turret (3 x 6-inch),"Fore, Port, Starboard","6""","12""","18""","25""",2,-1,1,Fast Track
739,B Turret (3 x 6-inch),"Fore, Port, Starboard","6""","12""","18""","25""",2,-1,1,Fast Track
739,X Turret (3 x 6-inch),"Aft, Port, Starboard","6""","12""","18""","25""",2,-1,1,Fast Track
739,Y Turret (3 x 6-inch),"Aft, Port, Starboard","6""","12""","18""","25""",2,-1,1,Fast Track
739,Light Guns (8 x 4-inch),"Fore, Aft, Port, Starboard","5""","10""","15""","20""",4,-2,1,"DP, Restricted, Weak"
739,Port Mk IX Torpedoes,Port,"3""","6""","9""","12""",3,-,3,"Devastating, One-Shot"
739,Starboard Mk IX Torpedoes,Starboard,"3""","6""","9""","12""",3,-,3,"Devastating, One-Shot"
739,AA Battery,"Fore, Aft, Port, Starboard",-,-,-,-,-,-,-,Local (2)
740,A Turret (3 x 6-inch),"Fore, Port, Starboard","6""","12""","18""","25""",2,-1,1,Fast Track
740,B Turret (3 x 6-inch),"Fore, Port, Starboard","6""","12""","18""","25""",2,-1,1,Fast Track
740,X Turret (3 x 6-inch),"Aft, Port, Starboard","6""","12""","18""","25""",2,-1,1,Fast Track
740,Y Turret (3 x 6-inch),"Aft, Port, Starboard","6""","12""","18""","25""",2,-1,1,Fast Track
740,Light Guns (8 x 4-inch),"Fore, Aft, Port, Starboard","5""","10""","15""","20""",4,-2,1,"DP, Restricted, Weak"
740,Port Mk IX Torpedoes,Port,"3""","6""","9""","12""",3,-,3,"Devastating, One-Shot"
740,Starboard Mk IX Torpedoes,Starboard,"3""","6""","9""","12""",3,-,3,"Devastating, One-Shot"
740,AA Battery,"Fore, Aft, Port, Starboard","1""","2""","3""","5""",1,-,-,Local (2)
741,A Turret (3 x 6-inch),"Fore, Port, Starboard","6""","12""","18""","25""",2,-1,1,Fast Track
741,B Turret (3 x 6-inch),"Fore, Port, Starboard","6""","12""","18""","25""",2,-1,1,Fast Track
741,X Turret (3 x 6-inch),"Aft, Port, Starboard","6""","12""","18""","25""",2,-1,1,Fast Track
741,Y Turret (3 x 6-inch),"Aft, Port, Starboard","6""","12""","18""","25""",2,-1,1,Fast Track
741,Light Guns (8 x 4-inch),"Fore, Aft, Port, Starboard","5""","10""","15""","20""",4,-2,1,"DP, Restricted, Weak"
741,Port Mk IX Torpedoes,Port,"3""","6""","9""","12""",3,-,3,"Devastating, One-Shot"
741,Starboard Mk IX Torpedoes,Starboard,"3""","6""","9""","12""",3,-,3,"Devastating, One-Shot"
741,AA Battery,"Fore, Aft, Port, Starboard",-,-,-,-,-,-,-,Local (2)
742,A Turret (3 x 6-inch),"Fore, Port, Starboard","6""","12""","18""","25""",2,-1,1,Fast Track
742,B Turret (3 x 6-inch),"Fore, Port, Starboard","6""","12""","18""","25""",2,-1,1,Fast Track
742,Y Turret (3 x 6-inch),"Aft, Port, Starboard","6""","12""","18""","25""",2,-1,1,Fast Track
742,Light Guns (8 x 4-inch),"Fore, Aft, Port, Starboard","5""","10""","15""","20""",4,-2,1,"DP, Restricted, Weak"
742,Port Mk IX Torpedoes,Port,"3""","6""","9""","12""",3,-,3,"Devastating, One-Shot"
742,Starboard Mk IX Torpedoes,Starboard,"3""","6""","9""","12""",3,-,3,"Devastating, One-Shot"
742,AA Battery,"Fore, Aft, Port, Starboard",-,-,-,-,-,-,-,Local (7)
743,Light Guns (7 x 7.5-inch),"Fore, Aft, Port, Starboard","5""","10""","15""","21""",7,-1,1,-
743,Light Guns (4 x 4-inch),"Fore, Aft, Port, Starboard","4""","8""","12""","17""",2,-2,1,"DP, Restricted, Weak"
743,Port Mk IV Torpedoes,Port,"3""","5""","7""","10""",2,-,3,"Devastating, One-Shot"
743,Port Mk IV Torpedoes,Port,"3""","5""","7""","10""",2,-,3,"Devastating, One-Shot"
743,Starboard Mk IV Torpedoes,Starboard,"3""","5""","7""","10""",2,-,3,"Devastating, One-Shot"
743,Starboard Mk IV Torpedoes,Starboard,"3""","5""","7""","10""",2,-,3,"Devastating, One-Shot"
743,AA Battery,"Fore, Aft, Port, Starboard",-,-,-,-,-,-,-,Local (1)
744,Light Guns (7 x 7.5-inch),"Fore, Aft, Port, Starboard","5""","10""","15""","21""",7,-1,1,-
744,Light Guns (4 x 4-inch),"Fore, Aft, Port, Starboard","4""","8""","12""","17""",2,-2,1,"DP, Restricted, Weak"
744,Port Mk IV Torpedoes,Port,"3""","5""","7""","10""",2,-,3,"Devastating, One-Shot"
744,Port Mk IV Torpedoes,Port,"3""","5""","7""","10""",2,-,3,"Devastating, Slow-Loading"
744,Starboard Mk IV Torpedoes,Starboard,"3""","5""","7""","10""",2,-,3,"Devastating, One-Shot"
744,Starboard Mk IV Torpedoes,Starboard,"3""","5""","7""","10""",2,-,3,"Devastating, Slow-Loading"
744,AA Battery,"Fore, Aft, Port, Starboard",-,-,-,-,-,-,-,Local (2)
745,Light Guns (7 x 7.5-inch),"Fore, Aft, Port, Starboard","5""","10""","15""","21""",7,-1,1,-
745,Light Guns (4 x 4-inch),"Fore, Aft, Port, Starboard","4""","8""","12""","17""",2,-2,1,"DP, Restricted, Weak"
745,Port Mk IV Torpedoes,Port,"3""","5""","7""","10""",2,-,3,"Devastating, Slow-Loading"
745,Starboard Mk IV Torpedoes,Starboard,"3""","5""","7""","10""",2,-,3,"Devastating, Slow-Loading"
745,AA Battery,"Fore, Aft, Port, Starboard",-,-,-,-,-,-,-,Local (4)
746,Light Guns (5 x 7.5-inch),"Fore, Aft, Port, Starboard","5""","10""","15""","21""",5,-1,1,-
746,Light Guns (4 x 4-inch),"Fore, Aft, Port, Starboard","4""","8""","12""","17""",2,-2,1,"DP, Restricted, Weak"
746,Port Mk IV Torpedoes,Port,"3""","5""","7""","10""",2,-,3,"Devastating, One-Shot"
746,Port Mk IV Torpedoes,Port,"3""","5""","7""","10""",2,-,3,"Devastating, One-Shot"
746,Starboard Mk IV Torpedoes,Starboard,"3""","5""","7""","10""",2,-,3,"Devastating, One-Shot"
746,Starboard Mk IV Torpedoes,Starboard,"3""","5""","7""","10""",2,-,3,"Devastating, One-Shot"
746,AA Battery,"Fore, Aft, Port, Starboard",-,-,-,-,-,-,-,Local (4)
747,Light Guns (5 x 7.5-inch),"Fore, Aft, Port, Starboard","5""","10""","15""","21""",5,-1,1,-
747,Light Guns (4 x 4-inch),"Fore, Aft, Port, Starboard","4""","8""","12""","17""",2,-2,1,"DP, Restricted, Weak"
747,Port Mk IV Torpedoes,Port,"3""","5""","7""","10""",2,-,3,"Devastating, Slow-Loading"
747,Starboard Mk IV Torpedoes,Starboard,"3""","5""","7""","10""",2,-,3,"Devastating, Slow-Loading"
747,AA Battery,"Fore, Aft, Port, Starboard",-,-,-,-,-,-,-,Local (4)
748,Light Guns (9 x 6-inch),"Fore, Aft, Port, Starboard","4""","9""","14""","19""",6,-2,1,Weak
748,Light Guns (8 x 4-inch),"Fore, Aft, Port, Starboard","4""","8""","12""","17""",2,-2,1,"DP, Restricted, Weak"
748,Port Mk VII Torpedoes,Port,"4""","8""","12""","16""",2,-,3,"Devastating, One-Shot"
748,Starboard Mk VII Torpedoes,Starboard,"4""","8""","12""","16""",2,-,3,"Devastating, One-Shot"
748,AA Battery,"Fore, Aft, Port, Starboard",-,-,-,-,-,-,-,Local (3)
749,Light Guns (9 x 6-inch),"Fore, Aft, Port, Starboard","4""","9""","14""","19""",6,-2,1,Weak
749,Light Guns (8 x 4-inch),"Fore, Aft, Port, Starboard","5""","10""","15""","20""",4,-2,1,"DP, Restricted, Weak"
749,Port Mk VII Torpedoes,Port,"4""","8""","12""","16""",2,-,3,"Devastating, One-Shot"
749,Starboard Mk VII Torpedoes,Starboard,"4""","8""","12""","16""",2,-,3,"Devastating, One-Shot"
749,AA Battery,"Fore, Aft, Port, Starboard",-,-,-,-,-,-,-,Local (3)
750,A Turret (2 x 8-inch),"Fore, Port, Starboard","7""","15""","23""","31""",2,-,1,-
750,B Turret (2 x 8-inch),"Fore, Port, Starboard","7""","15""","23""","31""",2,-,1,-
750,X Turret (2 x 8-inch),"Aft, Port, Starboard","7""","15""","23""","31""",2,-,1,-
750,Y Turret (2 x 8-inch),"Aft, Port, Starboard","7""","15""","23""","31""",2,-,1,-
750,Light Guns (4 x 4-inch),"Fore, Aft, Port, Starboard","4""","8""","12""","17""",2,-2,1,"DP, Restricted, Weak"
750,AA Battery,"Fore, Aft, Port, Starboard",-,-,-,-,-,-,-,Local (3)
751,A Turret (2 x 8-inch),"Fore, Port, Starboard","7""","15""","23""","31""",2,-,1,-
751,B Turret (2 x 8-inch),"Fore, Port, Starboard","7""","15""","23""","31""",2,-,1,-
751,X Turret (2 x 8-inch),"Aft, Port, Starboard","7""","15""","23""","31""",2,-,1,-
751,Y Turret (2 x 8-inch),"Aft, Port, Starboard","7""","15""","23""","31""",2,-,1,-
751,Light Guns (8 x 4-inch),"Fore, Aft, Port, Starboard","5""","10""","15""","20""",4,-2,1,"DP, Restricted, Weak"
751,AA Battery,"Fore, Aft, Port, Starboard",-,-,-,-,-,-,-,Local (4)
752,A Turret (2 x 8-inch),"Fore, Port, Starboard","7""","15""","23""","31""",2,-,1,-
752,B Turret (2 x 8-inch),"Fore, Port, Starboard","7""","15""","23""","31""",2,-,1,-
752,X Turret (2 x 8-inch),"Aft, Port, Starboard","7""","15""","23""","31""",2,-,1,-
752,Y Turret (2 x 8-inch),"Aft, Port, Starboard","7""","15""","23""","31""",2,-,1,-
752,Light Guns (8 x 4-inch),"Fore, Aft, Port, Starboard","5""","10""","15""","20""",4,-2,1,"DP, Restricted, Weak"
752,AA Battery,"Fore, Aft, Port, Starboard",-,-,-,-,-,-,-,Local (4)
753,A Turret (2 x 8-inch),"Fore, Port, Starboard","7""","15""","23""","31""",2,-,1,-
753,B Turret (2 x 8-inch),"Fore, Port, Starboard","7""","15""","23""","31""",2,-,1,-
753,X Turret (2 x 8-inch),"Aft, Port, Starboard","7""","15""","23""","31""",2,-,1,-
753,Y Turret (2 x 8-inch),"Aft, Port, Starboard","7""","15""","23""","31""",2,-,1,-
753,Light Guns (8 x 4-inch),"Fore, Aft, Port, Starboard","5""","10""","15""","20""",4,-2,1,"DP, Restricted, Weak"
753,AA Battery,"Fore, Aft, Port, Starboard",-,-,-,-,-,-,-,Local (4)
754,A Turret (2 x 8-inch),"Fore, Port, Starboard","7""","15""","23""","31""",2,-,1,-
754,B Turret (2 x 8-inch),"Fore, Port, Starboard","7""","15""","23""","31""",2,-,1,-
754,X Turret (2 x 8-inch),"Aft, Port, Starboard","7""","15""","23""","31""",2,-,1,-
754,Y Turret (2 x 8-inch),"Aft, Port, Starboard","7""","15""","23""","31""",2,-,1,-
754,Light Guns (8 x 4-inch),"Fore, Aft, Port, Starboard","4""","8""","12""","17""",4,-2,1,"DP, Restricted, Weak"
754,Port Mk VII Torpedoes,Port,"4""","8""","12""","16""",4,-,3,"Devastating, One-Shot"
754,Starboard Mk VII Torpedoes,Starboard,"4""","8""","12""","16""",4,-,3,"Devastating, One-Shot"
754,AA Battery,"Fore, Aft, Port, Starboard",-,-,-,-,-,-,-,Local (1)
755,A Turret (2 x 8-inch),"Fore, Port, Starboard","7""","15""","23""","31""",2,-,1,-
755,B Turret (2 x 8-inch),"Fore, Port, Starboard","7""","15""","23""","31""",2,-,1,-
755,X Turret (2 x 8-inch),"Aft, Port, Starboard","7""","15""","23""","31""",2,-,1,-
755,Y Turret (2 x 8-inch),"Aft, Port, Starboard","7""","15""","23""","31""",2,-,1,-
755,Light Guns (8 x 4-inch),"Fore, Aft, Port, Starboard","4""","8""","12""","17""",4,-2,1,"DP, Restricted, Weak"
755,Port Mk VII Torpedoes,Port,"4""","8""","12""","16""",4,-,3,"Devastating, One-Shot"
755,Starboard Mk VII Torpedoes,Starboard,"4""","8""","12""","16""",4,-,3,"Devastating, One-Shot"
755,AA Battery,"Fore, Aft, Port, Starboard",-,-,-,-,-,-,-,Local (1)
756,A Turret (2 x 8-inch),"Fore, Port, Starboard","7""","15""","23""","31""",2,-,1,-
756,B Turret (2 x 8-inch),"Fore, Port, Starboard","7""","15""","23""","31""",2,-,1,-
756,X Turret (2 x 8-inch),"Aft, Port, Starboard","7""","15""","23""","31""",2,-,1,-
756,Y Turret (2 x 8-inch),"Aft, Port, Starboard","7""","15""","23""","31""",2,-,1,-
756,Light Guns (8 x 4-inch),"Fore, Aft, Port, Starboard","4""","8""","12""","17""",4,-2,1,"DP, Restricted, Weak"
756,AA Battery,"Fore, Aft, Port, Starboard",-,-,-,-,-,-,-,Local (1)
757,A Turret (2 x 8-inch),"Fore, Port, Starboard","7""","15""","23""","31""",2,-,1,-
757,B Turret (2 x 8-inch),"Fore, Port, Starboard","7""","15""","23""","31""",2,-,1,-
757,X Turret (2 x 8-inch),"Aft, Port, Starboard","7""","15""","23""","31""",2,-,1,-
757,Y Turret (2 x 8-inch),"Aft, Port, Starboard","7""","15""","23""","31""",2,-,1,-
757,Light Guns (8 x 4-inch),"Fore, Aft, Port, Starboard","4""","8""","12""","17""",4,-2,1,"DP, Restricted, Weak"
757,AA Battery,"Fore, Aft, Port, Starboard",-,-,-,-,-,-,-,Local (2)
758,A Turret (2 x 8-inch),"Fore, Port, Starboard","7""","15""","23""","31""",2,-,1,-
758,B Turret (2 x 8-inch),"Fore, Port, Starboard","7""","15""","23""","31""",2,-,1,-
758,Y Turret (2 x 8-inch),"Aft, Port, Starboard","7""","15""","23""","31""",2,-,1,-
758,Light Guns (8 x 4-inch),"Fore, Aft, Port, Starboard","4""","8""","12""","17""",4,-2,1,"DP, Restricted, Weak"
758,AA Battery,"Fore, Aft, Port, Starboard","1""","2""","3""","5""",2,-,-,Local (0)
759,A Turret (2 x 8-inch),"Fore, Port, Starboard","7""","15""","23""","31""",2,-,1,-
759,B Turret (2 x 8-inch),"Fore, Port, Starboard","7""","15""","23""","31""",2,-,1,-
759,X Turret (2 x 8-inch),"Aft, Port, Starboard","7""","15""","23""","31""",2,-,1,-
759,Y Turret (2 x 8-inch),"Aft, Port, Starboard","7""","15""","23""","31""",2,-,1,-
759,Light Guns (8 x 4-inch),"Fore, Aft, Port, Starboard","5""","10""","15""","20""",4,-2,1,"DP, Restricted, Weak"
759,AA Battery,"Fore, Aft, Port, Starboard",-,-,-,-,-,-,-,Local (3)
760,A Turret (2 x 8-inch),"Fore, Port, Starboard","7""","15""","23""","31""",2,-,1,-
760,B Turret (2 x 8-inch),"Fore, Port, Starboard","7""","15""","23""","31""",2,-,1,-
760,X Turret (2 x 8-inch),"Aft, Port, Starboard","7""","15""","23""","31""",2,-,1,-
760,Y Turret (2 x 8-inch),"Aft, Port, Starboard","7""","15""","23""","31""",2,-,1,-
760,Light Guns (8 x 4-inch),"Fore, Aft, Port, Starboard","5""","10""","15""","20""",4,-2,1,"DP, Restricted, Weak"
760,AA Battery,"Fore, Aft, Port, Starboard",-,-,-,-,-,-,-,Local (4)
761,A Turret (2 x 8-inch),"Fore, Port, Starboard","7""","15""","23""","31""",2,-,1,-
761,B Turret (2 x 8-inch),"Fore, Port, Starboard","7""","15""","23""","31""",2,-,1,-
761,X Turret (2 x 8-inch),"Aft, Port, Starboard","7""","15""","23""","31""",2,-,1,-
761,Y Turret (2 x 8-inch),"Aft, Port, Starboard","7""","15""","23""","31""",2,-,1,-
761,Light Guns (8 x 4-inch),"Fore, Aft, Port, Starboard","5""","10""","15""","20""",4,-2,1,"DP, Restricted, Weak"
761,AA Battery,"Fore, Aft, Port, Starboard",-,-,-,-,-,-,-,Local (4)
762,A Turret (2 x 8-inch),"Fore, Port, Starboard","7""","15""","23""","31""",2,-,1,-
762,B Turret (2 x 8-inch),"Fore, Port, Starboard","7""","15""","23""","31""",2,-,1,-
762,X Turret (2 x 8-inch),"Aft, Port, Starboard","7""","15""","23""","31""",2,-,1,-
762,Y Turret (2 x 8-inch),"Aft, Port, Starboard","7""","15""","23""","31""",2,-,1,-
762,Light Guns (8 x 4-inch),"Fore, Aft, Port, Starboard","5""","10""","15""","20""",4,-2,1,"DP, Restricted, Weak"
762,AA Battery,"Fore, Aft, Port, Starboard",-,-,-,-,-,-,-,Local (4)
763,A Turret (2 x 8-inch),"Fore, Port, Starboard","7""","15""","23""","31""",2,-,1,-
763,B Turret (2 x 8-inch),"Fore, Port, Starboard","7""","15""","23""","31""",2,-,1,-
763,X Turret (2 x 8-inch),"Aft, Port, Starboard","7""","15""","23""","31""",2,-,1,-
763,Y Turret (2 x 8-inch),"Aft, Port, Starboard","7""","15""","23""","31""",2,-,1,-
763,Light Guns (4 x 4-inch),"Fore, Aft, Port, Starboard","4""","8""","12""","17""",2,-2,1,"DP, Restricted, Weak"
763,Port Mk V Torpedoes,Port,"3""","6""","9""","12""",4,-,2,"Devastating, One-Shot"
763,Starboard Mk V Torpedoes,Starboard,"3""","6""","9""","12""",4,-,2,"Devastating, One-Shot"
763,AA Battery,"Fore, Aft, Port, Starboard",-,-,-,-,-,-,-,Local (1)
764,A Turret (2 x 8-inch),"Fore, Port, Starboard","7""","15""","23""","31""",2,-,1,-
764,B Turret (2 x 8-inch),"Fore, Port, Starboard","7""","15""","23""","31""",2,-,1,-
764,X Turret (2 x 8-inch),"Aft, Port, Starboard","7""","15""","23""","31""",2,-,1,-
764,Y Turret (2 x 8-inch),"Aft, Port, Starboard","7""","15""","23""","31""",2,-,1,-
764,Light Guns (4 x 4-inch),"Fore, Aft, Port, Starboard","4""","8""","12""","17""",2,-2,1,"DP, Restricted, Weak"
764,Port Mk V Torpedoes,Port,"3""","6""","9""","12""",4,-,2,"Devastating, One-Shot"
764,Starboard Mk V Torpedoes,Starboard,"3""","6""","9""","12""",4,-,2,"Devastating, One-Shot"
764,AA Battery,"Fore, Aft, Port, Starboard",-,-,-,-,-,-,-,Local (4)
765,A Turret (2 x 8-inch),"Fore, Port, Starboard","7""","15""","23""","31""",2,-,1,-
765,B Turret (2 x 8-inch),"Fore, Port, Starboard","7""","15""","23""","31""",2,-,1,-
765,X Turret (2 x 8-inch),"Aft, Port, Starboard","7""","15""","23""","31""",2,-,1,-
765,Y Turret (2 x 8-inch),"Aft, Port, Starboard","7""","15""","23""","31""",2,-,1,-
765,Light Guns (8 x 4-inch),"Fore, Aft, Port, Starboard","4""","8""","12""","17""",4,-2,1,"DP, Restricted, Weak"
765,Port Mk V Torpedoes,Port,"3""","6""","9""","12""",4,-,2,"Devastating, One-Shot"
765,Starboard Mk V Torpedoes,Starboard,"3""","6""","9""","12""",4,-,2,"Devastating, One-Shot"
765,AA Battery,"Fore, Aft, Port, Starboard",-,-,-,-,-,-,-,Local (4)
766,A Turret (2 x 8-inch),"Fore, Port, Starboard","7""","15""","23""","31""",2,-,1,-
766,B Turret (2 x 8-inch),"Fore, Port, Starboard","7""","15""","23""","31""",2,-,1,-
766,X Turret (2 x 8-inch),"Aft, Port, Starboard","7""","15""","23""","31""",2,-,1,-
766,Y Turret (2 x 8-inch),"Aft, Port, Starboard","7""","15""","23""","31""",2,-,1,-
766,Light Guns (2 x 4-inch),"Fore, Aft, Port, Starboard","4""","8""","12""","17""",1,-2,1,"DP, Weak"
766,Light Guns (4 x 4-inch),"Fore, Aft, Port, Starboard","5""","10""","15""","20""",2,-2,1,"DP, Restricted, Weak"
766,AA Battery,"Fore, Aft, Port, Starboard",-,-,-,-,-,-,-,Local (2)
767,A Turret (2 x 8-inch),"Fore, Port, Starboard","7""","15""","23""","31""",2,-,1,-
767,B Turret (2 x 8-inch),"Fore, Port, Starboard","7""","15""","23""","31""",2,-,1,-
767,X Turret (2 x 8-inch),"Aft, Port, Starboard","7""","15""","23""","31""",2,-,1,-
767,Y Turret (2 x 8-inch),"Aft, Port, Starboard","7""","15""","23""","31""",2,-,1,-
767,Light Guns (2 x 4-inch),"Fore, Aft, Port, Starboard","4""","8""","12""","17""",1,-2,1,"DP, Weak"
767,Light Guns (4 x 4-inch),"Fore, Aft, Port, Starboard","5""","10""","15""","20""",2,-2,1,"DP, Restricted, Weak"
767,AA Battery,"Fore, Aft, Port, Starboard",-,-,-,-,-,-,-,Local (2)
768,A Turret (2 x 8-inch),"Fore, Port, Starboard","7""","15""","23""","31""",2,-,1,-
768,B Turret (2 x 8-inch),"Fore, Port, Starboard","7""","15""","23""","31""",2,-,1,-
768,X Turret (2 x 8-inch),"Aft, Port, Starboard","7""","15""","23""","31""",2,-,1,-
768,Y Turret (2 x 8-inch),"Aft, Port, Starboard","7""","15""","23""","31""",2,-,1,-
768,Light Guns (2 x 4-inch),"Fore, Aft, Port, Starboard","4""","8""","12""","17""",1,-2,1,"DP, Weak"
768,Light Guns (4 x 4-inch),"Fore, Aft, Port, Starboard","5""","10""","15""","20""",2,-2,1,"DP, Restricted, Weak"
768,AA Battery,"Fore, Aft, Port, Starboard",-,-,-,-,-,-,-,Local (3)
769,A Turret (2 x 8-inch),"Fore, Port, Starboard","7""","15""","23""","31""",2,-,1,-
769,B Turret (2 x 8-inch),"Fore, Port, Starboard","7""","15""","23""","31""",2,-,1,-
769,X Turret (2 x 8-inch),"Aft, Port, Starboard","7""","15""","23""","31""",2,-,1,-
769,Y Turret (2 x 8-inch),"Aft, Port, Starboard","7""","15""","23""","31""",2,-,1,-
769,Light Guns (2 x 4-inch),"Fore, Aft, Port, Starboard","4""","8""","12""","17""",1,-2,1,"DP, Weak"
769,Light Guns (4 x 4-inch),"Fore, Aft, Port, Starboard","5""","10""","15""","20""",2,-2,1,"DP, Restricted, Weak"
769,AA Battery,"Fore, Aft, Port, Starboard",-,-,-,-,-,-,-,Local (3)
770,A Turret (2 x 8-inch),"Fore, Port, Starboard","7""","15""","23""","31""",2,-,1,-
770,B Turret (2 x 8-inch),"Fore, Port, Starboard","7""","15""","23""","31""",2,-,1,-
770,X Turret (2 x 8-inch),"Aft, Port, Starboard","7""","15""","23""","31""",2,-,1,-
770,Y Turret (2 x 8-inch),"Aft, Port, Starboard","7""","15""","23""","31""",2,-,1,-
770,Light Guns (4 x 4-inch),"Fore, Aft, Port, Starboard","4""","8""","12""","17""",2,-2,1,"DP, Restricted, Weak"
770,AA Battery,"Fore, Aft, Port, Starboard",-,-,-,-,-,-,-,Local (2)
771,A Turret (2 x 8-inch),"Fore, Port, Starboard","7""","15""","23""","31""",2,-,1,-
771,B Turret (2 x 8-inch),"Fore, Port, Starboard","7""","15""","23""","31""",2,-,1,-
771,X Turret (2 x 8-inch),"Aft, Port, Starboard","7""","15""","23""","31""",2,-,1,-
771,Y Turret (2 x 8-inch),"Aft, Port, Starboard","7""","15""","23""","31""",2,-,1,-
771,Light Guns (8 x 4-inch),"Fore, Aft, Port, Starboard","5""","10""","15""","20""",4,-2,1,"DP, Restricted, Weak"
771,AA Battery,"Fore, Aft, Port, Starboard",-,-,-,-,-,-,-,Local (2)
772,A Turret (2 x 8-inch),"Fore, Port, Starboard","7""","15""","23""","31""",2,-,1,-
772,B Turret (2 x 8-inch),"Fore, Port, Starboard","7""","15""","23""","31""",2,-,1,-
772,X Turret (2 x 8-inch),"Aft, Port, Starboard","7""","15""","23""","31""",2,-,1,-
772,Y Turret (2 x 8-inch),"Aft, Port, Starboard","7""","15""","23""","31""",2,-,1,-
772,Light Guns (8 x 4-inch),"Fore, Aft, Port, Starboard","5""","10""","15""","20""",4,-2,1,"DP, Restricted, Weak"
772,AA Battery,"Fore, Aft, Port, Starboard",-,-,-,-,-,-,-,Local (3)
773,A Turret (2 x 8-inch),"Fore, Port, Starboard","7""","15""","23""","31""",2,-,1,-
773,B Turret (2 x 8-inch),"Fore, Port, Starboard","7""","15""","23""","31""",2,-,1,-
773,X Turret (2 x 8-inch),"Aft, Port, Starboard","7""","15""","23""","31""",2,-,1,-
773,Y Turret (2 x 8-inch),"Aft, Port, Starboard","7""","15""","23""","31""",2,-,1,-
773,Light Guns (8 x 4-inch),"Fore, Aft, Port, Starboard","5""","10""","15""","20""",4,-2,1,"DP, Restricted, Weak"
773,AA Battery,"Fore, Aft, Port, Starboard",-,-,-,-,-,-,-,Local (3)
774,A Turret (2 x 6-inch),"Fore, Port, Starboard","6""","12""","18""","25""",1,-1,1,"Twin-Linked, Fast-Track"
774,B Turret (2 x 6-inch),"Fore, Port, Starboard","6""","12""","18""","25""",1,-1,1,"Twin-Linked, Fast-Track"
774,X Turret (2 x 6-inch),"Aft, Port, Starboard","6""","12""","18""","25""",1,-1,1,"Twin-Linked, Fast-Track"
774,Y Turret (2 x 6-inch),"Aft, Port, Starboard","6""","12""","18""","25""",1,-1,1,"Twin-Linked, Fast-Track"
774,Light Guns (4 x 4-inch),"Fore, Aft, Port, Starboard","4""","8""","12""","17""",2,-2,1,"DP, Restricted, Weak"
774,Port Mk IX Torpedoes,Port,"3""","6""","9""","12""",4,-,3,"Devastating, One-Shot"
774,Starboard Mk IX Torpedoes,Starboard,"3""","6""","9""","12""",4,-,3,"Devastating, One-Shot"
774,AA Battery,"Fore, Aft, Port, Starboard",-,-,-,-,-,-,-,Local (1)
775,A Turret (2 x 6-inch),"Fore, Port, Starboard","6""","12""","18""","25""",1,-1,1,"Twin-Linked, Fast-Track"
775,B Turret (2 x 6-inch),"Fore, Port, Starboard","6""","12""","18""","25""",1,-1,1,"Twin-Linked, Fast-Track"
775,X Turret (2 x 6-inch),"Aft, Port, Starboard","6""","12""","18""","25""",1,-1,1,"Twin-Linked, Fast-Track"
775,Y Turret (2 x 6-inch),"Aft, Port, Starboard","6""","12""","18""","25""",1,-1,1,"Twin-Linked, Fast-Track"
775,Light Guns (4 x 4-inch),"Fore, Aft, Port, Starboard","4""","8""","12""","17""",2,-2,1,"DP, Restricted, Weak"
775,Port Mk IX Torpedoes,Port,"3""","6""","9""","12""",4,-,3,"Devastating, One-Shot"
775,Starboard Mk IX Torpedoes,Starboard,"3""","6""","9""","12""",4,-,3,"Devastating, One-Shot"
775,AA Battery,"Fore, Aft, Port, Starboard",-,-,-,-,-,-,-,Local (1)
776,A Turret (2 x 6-inch),"Fore, Port, Starboard","6""","12""","18""","25""",1,-1,1,"Twin-Linked, Fast-Track"
776,B Turret (2 x 6-inch),"Fore, Port, Starboard","6""","12""","18""","25""",1,-1,1,"Twin-Linked, Fast-Track"
776,X Turret (2 x 6-inch),"Aft, Port, Starboard","6""","12""","18""","25""",1,-1,1,"Twin-Linked, Fast-Track"
776,Y Turret (2 x 6-inch),"Aft, Port, Starboard","6""","12""","18""","25""",1,-1,1,"Twin-Linked, Fast-Track"
776,Light Guns (4 x 4-inch),"Fore, Aft, Port, Starboard","4""","8""","12""","17""",2,-2,1,"DP, Restricted, Weak"
776,Port Mk IX Torpedoes,Port,"3""","6""","9""","12""",4,-,3,"Devastating, One-Shot"
776,Starboard Mk IX Torpedoes,Starboard,"3""","6""","9""","12""",4,-,3,"Devastating, One-Shot"
776,AA Battery,"Fore, Aft, Port, Starboard",-,-,-,-,-,-,-,Local (1)
777,A Turret (2 x 6-inch),"Fore, Port, Starboard","6""","12""","18""","25""",1,-1,1,"Twin-Linked, Fast-Track"
777,B Turret (2 x 6-inch),"Fore, Port, Starboard","6""","12""","18""","25""",1,-1,1,"Twin-Linked, Fast-Track"
777,X Turret (2 x 6-inch),"Aft, Port, Starboard","6""","12""","18""","25""",1,-1,1,"Twin-Linked, Fast-Track"
777,Y Turret (2 x 6-inch),"Aft, Port, Starboard","6""","12""","18""","25""",1,-1,1,"Twin-Linked, Fast-Track"
777,Light Guns (8 x 4-inch),"Fore, Aft, Port, Starboard","5""","10""","15""","20""",4,-2,1,"DP, Restricted, Weak"
777,Port Mk IX Torpedoes,Port,"3""","6""","9""","12""",4,-,3,"Devastating, One-Shot"
777,Starboard Mk IX Torpedoes,Starboard,"3""","6""","9""","12""",4,-,3,"Devastating, One-Shot"
777,AA Battery,"Fore, Aft, Port, Starboard",-,-,-,-,-,-,-,Local (1)
778,A Turret (2 x 6-inch),"Fore, Port, Starboard","6""","12""","18""","25""",1,-1,1,"Twin-Linked, Fast-Track"
778,B Turret (2 x 6-inch),"Fore, Port, Starboard","6""","12""","18""","25""",1,-1,1,"Twin-Linked, Fast-Track"
778,X Turret (2 x 6-inch),"Aft, Port, Starboard","6""","12""","18""","25""",1,-1,1,"Twin-Linked, Fast-Track"
778,Y Turret (2 x 6-inch),"Aft, Port, Starboard","6""","12""","18""","25""",1,-1,1,"Twin-Linked, Fast-Track"
778,Light Guns (8 x 4-inch),"Fore, Aft, Port, Starboard","5""","10""","15""","20""",4,-2,1,"DP, Restricted, Weak"
778,Port Mk IX Torpedoes,Port,"3""","6""","9""","12""",4,-,3,"Devastating, One-Shot"
778,Starboard Mk IX Torpedoes,Starboard,"3""","6""","9""","12""",4,-,3,"Devastating, One-Shot"
778,AA Battery,"Fore, Aft, Port, Starboard",-,-,-,-,-,-,-,Local (2)
779,A Turret (2 x 6-inch),"Fore, Port, Starboard","6""","12""","18""","25""",1,-1,1,"Twin-Linked, Fast-Track"
779,B Turret (2 x 6-inch),"Fore, Port, Starboard","6""","12""","18""","25""",1,-1,1,"Twin-Linked, Fast-Track"
779,X Turret (2 x 6-inch),"Aft, Port, Starboard","6""","12""","18""","25""",1,-1,1,"Twin-Linked, Fast-Track"
779,Y Turret (2 x 6-inch),"Aft, Port, Starboard","6""","12""","18""","25""",1,-1,1,"Twin-Linked, Fast-Track"
779,Light Guns (8 x 4-inch),"Fore, Aft, Port, Starboard","5""","10""","15""","20""",4,-2,1,"DP, Restricted, Weak"
779,Port Mk IX Torpedoes,Port,"3""","6""","9""","12""",4,-,3,"Devastating, One-Shot"
779,Starboard Mk IX Torpedoes,Starboard,"3""","6""","9""","12""",4,-,3,"Devastating, One-Shot"
779,AA Battery,"Fore, Aft, Port, Starboard","1""","2""","3""","5""",2,-,-,Local (1)
780,A Turret (2 x 6-inch),"Fore, Port, Starboard","6""","12""","18""","25""",1,-1,1,"Twin-Linked, Fast-Track"
780,B Turret (2 x 6-inch),"Fore, Port, Starboard","6""","12""","18""","25""",1,-1,1,"Twin-Linked, Fast-Track"
780,X Turret (2 x 6-inch),"Aft, Port, Starboard","6""","12""","18""","25""",1,-1,1,"Twin-Linked, Fast-Track"
780,Y Turret (2 x 6-inch),"Aft, Port, Starboard","6""","12""","18""","25""",1,-1,1,"Twin-Linked, Fast-Track"
780,Light Guns (8 x 4-inch),"Fore, Aft, Port, Starboard","5""","10""","15""","20""",4,-2,1,"DP, Restricted, Weak"
780,Port Mk IX** Torpedoes,Port,"3""","7""","10""","14""",4,-,3,"Devastating, One-Shot"
780,Starboard Mk IX** Torpedoes,Starboard,"3""","7""","10""","14""",4,-,3,"Devastating, One-Shot"
780,AA Battery,"Fore, Aft, Port, Starboard","1""","2""","3""","5""",2,-,-,Local (1)
781,A Turret (2 x 6-inch),"Fore, Port, Starboard","6""","12""","18""","25""",1,-1,1,"Twin-Linked, Fast-Track"
781,B Turret (2 x 6-inch),"Fore, Port, Starboard","6""","12""","18""","25""",1,-1,1,"Twin-Linked, Fast-Track"
781,X Turret (2 x 6-inch),"Aft, Port, Starboard","6""","12""","18""","25""",1,-1,1,"Twin-Linked, Fast-Track"
781,Y Turret (2 x 6-inch),"Aft, Port, Starboard","6""","12""","18""","25""",1,-1,1,"Twin-Linked, Fast-Track"
781,Light Guns (8 x 4-inch),"Fore, Aft, Port, Starboard","5""","10""","15""","20""",4,-2,1,"DP, Restricted, Weak"
781,Port Mk IX Torpedoes,Port,"3""","6""","9""","12""",4,-,3,"Devastating, One-Shot"
781,Starboard Mk IX Torpedoes,Starboard,"3""","6""","9""","12""",4,-,3,"Devastating, One-Shot"
781,AA Battery,"Fore, Aft, Port, Starboard",-,-,-,-,-,-,-,Local (1)
782,A Turret (2 x 6-inch),"Fore, Port, Starboard","6""","12""","18""","25""",1,-1,1,"Twin-Linked, Fast-Track"
782,B Turret (2 x 6-inch),"Fore, Port, Starboard","6""","12""","18""","25""",1,-1,1,"Twin-Linked, Fast-Track"
782,X Turret (2 x 6-inch),"Aft, Port, Starboard","6""","12""","18""","25""",1,-1,1,"Twin-Linked, Fast-Track"
782,Y Turret (2 x 6-inch),"Aft, Port, Starboard","6""","12""","18""","25""",1,-1,1,"Twin-Linked, Fast-Track"
782,Light Guns (8 x 4-inch),"Fore, Aft, Port, Starboard","5""","10""","15""","20""",4,-2,1,"DP, Restricted, Weak"
782,Port Mk IX Torpedoes,Port,"3""","6""","9""","12""",4,-,3,"Devastating, One-Shot"
782,Starboard Mk IX Torpedoes,Starboard,"3""","6""","9""","12""",4,-,3,"Devastating, One-Shot"
782,AA Battery,"Fore, Aft, Port, Starboard",-,-,-,-,-,-,-,Local (1)
783,A Turret (2 x 6-inch),"Fore, Port, Starboard","6""","12""","18""","25""",1,-1,1,"Twin-Linked, Fast-Track"
783,B Turret (2 x 6-inch),"Fore, Port, Starboard","6""","12""","18""","25""",1,-1,1,"Twin-Linked, Fast-Track"
783,X Turret (2 x 6-inch),"Aft, Port, Starboard","6""","12""","18""","25""",1,-1,1,"Twin-Linked, Fast-Track"
783,Y Turret (2 x 6-inch),"Aft, Port, Starboard","6""","12""","18""","25""",1,-1,1,"Twin-Linked, Fast-Track"
783,Light Guns (8 x 4-inch),"Fore, Aft, Port, Starboard","5""","10""","15""","20""",4,-2,1,"DP, Restricted, Weak"
783,Port Mk IX Torpedoes,Port,"3""","6""","9""","12""",4,-,3,"Devastating, One-Shot"
783,Starboard Mk IX Torpedoes,Starboard,"3""","6""","9""","12""",4,-,3,"Devastating, One-Shot"
783,AA Battery,"Fore, Aft, Port, Starboard",-,-,-,-,-,-,-,Local (2)
784,A Turret (2 x 6-inch),"Fore, Port, Starboard","6""","12""","18""","25""",1,-1,1,"Twin-Linked, Fast-Track"
784,B Turret (2 x 6-inch),"Fore, Port, Starboard","6""","12""","18""","25""",1,-1,1,"Twin-Linked, Fast-Track"
784,X Turret (2 x 6-inch),"Aft, Port, Starboard","6""","12""","18""","25""",1,-1,1,"Twin-Linked, Fast-Track"
784,Y Turret (2 x 6-inch),"Aft, Port, Starboard","6""","12""","18""","25""",1,-1,1,"Twin-Linked, Fast-Track"
784,Light Guns (8 x 4-inch),"Fore, Aft, Port, Starboard","5""","10""","15""","20""",4,-2,1,"DP, Restricted, Weak"
784,Port Mk IX Torpedoes,Port,"3""","6""","9""","12""",4,-,3,"Devastating, One-Shot"
784,Starboard Mk IX Torpedoes,Starboard,"3""","6""","9""","12""",4,-,3,"Devastating, One-Shot"
784,AA Battery,"Fore, Aft, Port, Starboard","1""","2""","3""","5""",2,-,-,Local (1)
785,A Turret (2 x 8-inch),"Fore, Port, Starboard","7""","15""","23""","31""",2,-,1,-
785,B Turret (2 x 8-inch),"Fore, Port, Starboard","7""","15""","23""","31""",2,-,1,-
785,X Turret (2 x 8-inch),"Aft, Port, Starboard","7""","15""","23""","31""",2,-,1,-
785,Y Turret (2 x 8-inch),"Aft, Port, Starboard","7""","15""","23""","31""",2,-,1,-
785,Light Guns (8 x 4-inch),"Fore, Aft, Port, Starboard","4""","8""","12""","17""",4,-2,1,"DP, Restricted, Weak"
785,Port Mk VII Torpedoes,Port,"4""","8""","12""","16""",4,-,3,"Devastating, One-Shot"
785,Starboard Mk VII Torpedoes,Starboard,"4""","8""","12""","16""",4,-,3,"Devastating, One-Shot"
785,AA Battery,"Fore, Aft, Port, Starboard",-,-,-,-,-,-,-,Local (1)
786,A Turret (2 x 8-inch),"Fore, Port, Starboard","7""","15""","23""","31""",2,-,1,-
786,B Turret (2 x 8-inch),"Fore, Port, Starboard","7""","15""","23""","31""",2,-,1,-
786,X Turret (2 x 8-inch),"Aft, Port, Starboard","7""","15""","23""","31""",2,-,1,-
786,Y Turret (2 x 8-inch),"Aft, Port, Starboard","7""","15""","23""","31""",2,-,1,-
786,Light Guns (8 x 4-inch),"Fore, Aft, Port, Starboard","5""","10""","15""","20""",4,-2,1,"DP, Restricted, Weak"
786,Port Mk VII Torpedoes,Port,"4""","8""","12""","16""",4,-,3,"Devastating, One-Shot"
786,Starboard Mk VII Torpedoes,Starboard,"4""","8""","12""","16""",4,-,3,"Devastating, One-Shot"
786,AA Battery,"Fore, Aft, Port, Starboard",-,-,-,-,-,-,-,Local (3)
787,A Turret (2 x 8-inch),"Fore, Port, Starboard","7""","15""","23""","31""",2,-,1,-
787,B Turret (2 x 8-inch),"Fore, Port, Starboard","7""","15""","23""","31""",2,-,1,-
787,X Turret (2 x 8-inch),"Aft, Port, Starboard","7""","15""","23""","31""",2,-,1,-
787,Y Turret (2 x 8-inch),"Aft, Port, Starboard","7""","15""","23""","31""",2,-,1,-
787,Light Guns (8 x 4-inch),"Fore, Aft, Port, Starboard","5""","10""","15""","20""",4,-2,1,"DP, Restricted, Weak"
787,Port Mk VII Torpedoes,Port,"4""","8""","12""","16""",4,-,3,"Devastating, One-Shot"
787,Starboard Mk VII Torpedoes,Starboard,"4""","8""","12""","16""",4,-,3,"Devastating, One-Shot"
787,AA Battery,"Fore, Aft, Port, Starboard",-,-,-,-,-,-,-,Local (4)
788,A Turret (2 x 8-inch),"Fore, Port, Starboard","7""","15""","23""","31""",2,-,1,-
788,B Turret (2 x 8-inch),"Fore, Port, Starboard","7""","15""","23""","31""",2,-,1,-
788,X Turret (2 x 8-inch),"Aft, Port, Starboard","7""","15""","23""","31""",2,-,1,-
788,Y Turret (2 x 8-inch),"Aft, Port, Starboard","7""","15""","23""","31""",2,-,1,-
788,Light Guns (8 x 4-inch),"Fore, Aft, Port, Starboard","5""","10""","15""","20""",4,-2,1,"DP, Restricted, Weak"
788,Port Mk VII Torpedoes,Port,"4""","8""","12""","16""",4,-,3,"Devastating, One-Shot"
788,Starboard Mk VII Torpedoes,Starboard,"4""","8""","12""","16""",4,-,3,"Devastating, One-Shot"
788,AA Battery,"Fore, Aft, Port, Starboard",-,-,-,-,-,-,-,Local (4)
789,A Turret (2 x 8-inch),"Fore, Port, Starboard","7""","15""","23""","31""",2,-,1,-
789,B Turret (2 x 8-inch),"Fore, Port, Starboard","7""","15""","23""","31""",2,-,1,-
789,X Turret (2 x 8-inch),"Aft, Port, Starboard","7""","15""","23""","31""",2,-,1,-
789,Y Turret (2 x 8-inch),"Aft, Port, Starboard","7""","15""","23""","31""",2,-,1,-
789,Light Guns (8 x 4-inch),"Fore, Aft, Port, Starboard","5""","10""","15""","20""",4,-2,1,"DP, Restricted, Weak"
789,Port Mk IX Torpedoes,Port,"3""","6""","9""","12""",4,-,3,"Devastating, One-Shot"
789,Starboard Mk IX Torpedoes,Starboard,"3""","6""","9""","12""",4,-,3,"Devastating, One-Shot"
789,AA Battery,"Fore, Aft, Port, Starboard",-,-,-,-,-,-,-,Local (5)
790,A Turret (2 x 8-inch),"Fore, Port, Starboard","7""","15""","23""","31""",2,-,1,-
790,B Turret (2 x 8-inch),"Fore, Port, Starboard","7""","15""","23""","31""",2,-,1,-
790,X Turret (2 x 8-inch),"Aft, Port, Starboard","7""","15""","23""","31""",2,-,1,-
790,Y Turret (2 x 8-inch),"Aft, Port, Starboard","7""","15""","23""","31""",2,-,1,-
790,Light Guns (8 x 4-inch),"Fore, Aft, Port, Starboard","5""","10""","15""","20""",4,-2,1,"DP, Restricted, Weak"
790,Port Mk IX Torpedoes,Port,"3""","6""","9""","12""",4,-,3,"Devastating, One-Shot"
790,Starboard Mk IX Torpedoes,Starboard,"3""","6""","9""","12""",4,-,3,"Devastating, One-Shot"
790,AA Battery,"Fore, Aft, Port, Starboard","1""","2""","3""","5""",1,-,-,Local (5)
791,A Turret (2 x 8-inch),"Fore, Port, Starboard","7""","15""","23""","31""",2,-,1,-
791,B Turret (2 x 8-inch),"Fore, Port, Starboard","7""","15""","23""","31""",2,-,1,-
791,X Turret (2 x 8-inch),"Aft, Port, Starboard","7""","15""","23""","31""",2,-,1,-
791,Y Turret (2 x 8-inch),"Aft, Port, Starboard","7""","15""","23""","31""",2,-,1,-
791,Light Guns (8 x 4-inch),"Fore, Aft, Port, Starboard","4""","8""","12""","17""",4,-2,1,"DP, Restricted, Weak"
791,Port Mk VII Torpedoes,Port,"4""","8""","12""","16""",4,-,3,"Devastating, One-Shot"
791,Starboard Mk VII Torpedoes,Starboard,"4""","8""","12""","16""",4,-,3,"Devastating, One-Shot"
791,AA Battery,"Fore, Aft, Port, Starboard",-,-,-,-,-,-,-,Local (4)
792,A Turret (2 x 8-inch),"Fore, Port, Starboard","7""","15""","23""","31""",2,-,1,-
792,B Turret (2 x 8-inch),"Fore, Port, Starboard","7""","15""","23""","31""",2,-,1,-
792,X Turret (2 x 8-inch),"Aft, Port, Starboard","7""","15""","23""","31""",2,-,1,-
792,Y Turret (2 x 8-inch),"Aft, Port, Starboard","7""","15""","23""","31""",2,-,1,-
792,Light Guns (8 x 4-inch),"Fore, Aft, Port, Starboard","5""","10""","15""","20""",4,-2,1,"DP, Restricted, Weak"
792,Port Mk VII Torpedoes,Port,"4""","8""","12""","16""",4,-,3,"Devastating, One-Shot"
792,Starboard Mk VII Torpedoes,Starboard,"4""","8""","12""","16""",4,-,3,"Devastating, One-Shot"
792,AA Battery,"Fore, Aft, Port, Starboard",-,-,-,-,-,-,-,Local (6)
793,A Turret (2 x 8-inch),"Fore, Port, Starboard","7""","15""","23""","31""",2,-,1,-
793,B Turret (2 x 8-inch),"Fore, Port, Starboard","7""","15""","23""","31""",2,-,1,-
793,Y Turret (2 x 8-inch),"Aft, Port, Starboard","7""","15""","23""","31""",2,-,1,-
793,Light Guns (8 x 4-inch),"Fore, Aft, Port, Starboard","5""","10""","15""","20""",4,-2,1,"DP, Restricted, Weak"
793,Port Mk IX Torpedoes,Port,"3""","6""","9""","12""",4,-,3,"Devastating, One-Shot"
793,Starboard Mk IX Torpedoes,Starboard,"3""","6""","9""","12""",4,-,3,"Devastating, One-Shot"
793,AA Battery,"Fore, Aft, Port, Starboard",-,-,-,-,-,-,-,Local (6)
794,A Turret (2 x 8-inch),"Fore, Port, Starboard","7""","15""","23""","31""",2,-,1,-
794,B Turret (2 x 8-inch),"Fore, Port, Starboard","7""","15""","23""","31""",2,-,1,-
794,X Turret (2 x 8-inch),"Aft, Port, Starboard","7""","15""","23""","31""",2,-,1,-
794,Y Turret (2 x 8-inch),"Aft, Port, Starboard","7""","15""","23""","31""",2,-,1,-
794,Light Guns (8 x 4-inch),"Fore, Aft, Port, Starboard","4""","8""","12""","17""",4,-2,1,"DP, Restricted, Weak"
794,Port Mk VII Torpedoes,Port,"4""","8""","12""","16""",4,-,3,"Devastating, One-Shot"
794,Starboard Mk VII Torpedoes,Starboard,"4""","8""","12""","16""",4,-,3,"Devastating, One-Shot"
794,AA Battery,"Fore, Aft, Port, Starboard",-,-,-,-,-,-,-,Local (3)
795,A Turret (2 x 8-inch),"Fore, Port, Starboard","7""","15""","23""","31""",2,-,1,-
795,B Turret (2 x 8-inch),"Fore, Port, Starboard","7""","15""","23""","31""",2,-,1,-
795,X Turret (2 x 8-inch),"Aft, Port, Starboard","7""","15""","23""","31""",2,-,1,-
795,Y Turret (2 x 8-inch),"Aft, Port, Starboard","7""","15""","23""","31""",2,-,1,-
795,Light Guns (8 x 4-inch),"Fore, Aft, Port, Starboard","5""","10""","15""","20""",4,-2,1,"DP, Restricted, Weak"
795,Port Mk VII Torpedoes,Port,"4""","8""","12""","16""",4,-,3,"Devastating, One-Shot"
795,Starboard Mk VII Torpedoes,Starboard,"4""","8""","12""","16""",4,-,3,"Devastating, One-Shot"
795,AA Battery,"Fore, Aft, Port, Starboard",-,-,-,-,-,-,-,Local (4)
796,A Turret (2 x 8-inch),"Fore, Port, Starboard","7""","15""","23""","31""",2,-,1,-
796,B Turret (2 x 8-inch),"Fore, Port, Starboard","7""","15""","23""","31""",2,-,1,-
796,X Turret (2 x 8-inch),"Aft, Port, Starboard","7""","15""","23""","31""",2,-,1,-
796,Y Turret (2 x 8-inch),"Aft, Port, Starboard","7""","15""","23""","31""",2,-,1,-
796,Light Guns (8 x 4-inch),"Fore, Aft, Port, Starboard","5""","10""","15""","20""",4,-2,1,"DP, Restricted, Weak"
796,Port Mk VII Torpedoes,Port,"4""","8""","12""","16""",4,-,3,"Devastating, One-Shot"
796,Starboard Mk VII Torpedoes,Starboard,"4""","8""","12""","16""",4,-,3,"Devastating, One-Shot"
796,AA Battery,"Fore, Aft, Port, Starboard",-,-,-,-,-,-,-,Local (4)
797,A Turret (2 x 8-inch),"Fore, Port, Starboard","7""","15""","23""","31""",2,-,1,-
797,B Turret (2 x 8-inch),"Fore, Port, Starboard","7""","15""","23""","31""",2,-,1,-
797,X Turret (2 x 8-inch),"Aft, Port, Starboard","7""","15""","23""","31""",2,-,1,-
797,Y Turret (2 x 8-inch),"Aft, Port, Starboard","7""","15""","23""","31""",2,-,1,-
797,Light Guns (8 x 4-inch),"Fore, Aft, Port, Starboard","5""","10""","15""","20""",4,-2,1,"DP, Restricted, Weak"
797,Port Mk IX Torpedoes,Port,"3""","6""","9""","12""",4,-,3,"Devastating, One-Shot"
797,Starboard Mk IX Torpedoes,Starboard,"3""","6""","9""","12""",4,-,3,"Devastating, One-Shot"
797,AA Battery,"Fore, Aft, Port, Starboard",-,-,-,-,-,-,-,Local (5)
798,A Turret (2 x 8-inch),"Fore, Port, Starboard","7""","15""","23""","31""",2,-,1,-
798,B Turret (2 x 8-inch),"Fore, Port, Starboard","7""","15""","23""","31""",2,-,1,-
798,Y Turret (2 x 8-inch),"Aft, Port, Starboard","7""","15""","23""","31""",2,-,1,-
798,Light Guns (8 x 4-inch),"Fore, Aft, Port, Starboard","5""","10""","15""","20""",4,-2,1,"DP, Restricted, Weak"
798,AA Battery,"Fore, Aft, Port, Starboard",-,-,-,-,-,-,-,Local (10)
799,A Turret (2 x 8-inch),"Fore, Port, Starboard","7""","15""","23""","31""",2,-,1,-
799,B Turret (2 x 8-inch),"Fore, Port, Starboard","7""","15""","23""","31""",2,-,1,-
799,X Turret (2 x 8-inch),"Aft, Port, Starboard","7""","15""","23""","31""",2,-,1,-
799,Y Turret (2 x 8-inch),"Aft, Port, Starboard","7""","15""","23""","31""",2,-,1,-
799,Light Guns (8 x 4-inch),"Fore, Aft, Port, Starboard","5""","10""","15""","20""",4,-2,1,"DP, Restricted, Weak"
799,Port Mk VII Torpedoes,Port,"4""","8""","12""","16""",4,-,3,"Devastating, One-Shot"
799,Starboard Mk VII Torpedoes,Starboard,"4""","8""","12""","16""",4,-,3,"Devastating, One-Shot"
799,AA Battery,"Fore, Aft, Port, Starboard",-,-,-,-,-,-,-,Local (3)
800,A Turret (2 x 8-inch),"Fore, Port, Starboard","7""","15""","23""","31""",2,-,1,-
800,B Turret (2 x 8-inch),"Fore, Port, Starboard","7""","15""","23""","31""",2,-,1,-
800,X Turret (2 x 8-inch),"Aft, Port, Starboard","7""","15""","23""","31""",2,-,1,-
800,Y Turret (2 x 8-inch),"Aft, Port, Starboard","7""","15""","23""","31""",2,-,1,-
800,Light Guns (8 x 4-inch),"Fore, Aft, Port, Starboard","5""","10""","15""","20""",4,-2,1,"DP, Restricted, Weak"
800,Port Mk VII Torpedoes,Port,"4""","8""","12""","16""",4,-,3,"Devastating, One-Shot"
800,Starboard Mk VII Torpedoes,Starboard,"4""","8""","12""","16""",4,-,3,"Devastating, One-Shot"
800,AA Battery,"Fore, Aft, Port, Starboard",-,-,-,-,-,-,-,Local (4)
801,A Turret (2 x 8-inch),"Fore, Port, Starboard","7""","15""","23""","31""",2,-,1,-
801,B Turret (2 x 8-inch),"Fore, Port, Starboard","7""","15""","23""","31""",2,-,1,-
801,X Turret (2 x 8-inch),"Aft, Port, Starboard","7""","15""","23""","31""",2,-,1,-
801,Y Turret (2 x 8-inch),"Aft, Port, Starboard","7""","15""","23""","31""",2,-,1,-
801,Light Guns (8 x 4-inch),"Fore, Aft, Port, Starboard","5""","10""","15""","20""",4,-2,1,"DP, Restricted, Weak"
801,Port Mk VII Torpedoes,Port,"4""","8""","12""","16""",4,-,3,"Devastating, One-Shot"
801,Starboard Mk VII Torpedoes,Starboard,"4""","8""","12""","16""",4,-,3,"Devastating, One-Shot"
801,AA Battery,"Fore, Aft, Port, Starboard",-,-,-,-,-,-,-,Local (4)
802,A Turret (2 x 8-inch),"Fore, Port, Starboard","7""","15""","23""","31""",2,-,1,-
802,B Turret (2 x 8-inch),"Fore, Port, Starboard","7""","15""","23""","31""",2,-,1,-
802,X Turret (2 x 8-inch),"Aft, Port, Starboard","7""","15""","23""","31""",2,-,1,-
802,Y Turret (2 x 8-inch),"Aft, Port, Starboard","7""","15""","23""","31""",2,-,1,-
802,Light Guns (8 x 4-inch),"Fore, Aft, Port, Starboard","5""","10""","15""","20""",4,-2,1,"DP, Restricted, Weak"
802,Port Mk VII Torpedoes,Port,"4""","8""","12""","16""",4,-,3,"Devastating, One-Shot"
802,Starboard Mk VII Torpedoes,Starboard,"4""","8""","12""","16""",4,-,3,"Devastating, One-Shot"
802,AA Battery,"Fore, Aft, Port, Starboard",-,-,-,-,-,-,-,Local (4)
803,A Turret (2 x 8-inch),"Fore, Port, Starboard","7""","15""","23""","31""",2,-,1,-
803,B Turret (2 x 8-inch),"Fore, Port, Starboard","7""","15""","23""","31""",2,-,1,-
803,Y Turret (2 x 8-inch),"Aft, Port, Starboard","7""","15""","23""","31""",2,-,1,-
803,Light Guns (8 x 4-inch),"Fore, Aft, Port, Starboard","5""","10""","15""","20""",4,-2,1,"DP, Restricted, Weak"
803,Port Mk IX Torpedoes,Port,"3""","6""","9""","12""",4,-,3,"Devastating, One-Shot"
803,Starboard Mk IX Torpedoes,Starboard,"3""","6""","9""","12""",4,-,3,"Devastating, One-Shot"
803,AA Battery,"Fore, Aft, Port, Starboard","1""","2""","3""","5""",2,-,-,Local (7)
804,A Turret (2 x 8-inch),"Fore, Port, Starboard","7""","15""","23""","31""",2,-,1,-
804,B Turret (2 x 8-inch),"Fore, Port, Starboard","7""","15""","23""","31""",2,-,1,-
804,X Turret (2 x 8-inch),"Aft, Port, Starboard","7""","15""","23""","31""",2,-,1,-
804,Y Turret (2 x 8-inch),"Aft, Port, Starboard","7""","15""","23""","31""",2,-,1,-
804,Light Guns (8 x 4-inch),"Fore, Aft, Port, Starboard","5""","10""","15""","20""",4,-2,1,"DP, Restricted, Weak"
804,Port Mk VII Torpedoes,Port,"4""","8""","12""","16""",4,-,3,"Devastating, One-Shot"
804,Starboard Mk VII Torpedoes,Starboard,"4""","8""","12""","16""",4,-,3,"Devastating, One-Shot"
804,AA Battery,"Fore, Aft, Port, Starboard",-,-,-,-,-,-,-,Local (4)
805,A Turret (3 x 6-inch),"Fore, Port, Starboard","6""","12""","18""","25""",2,-1,1,Fast Track
805,B Turret (3 x 6-inch),"Fore, Port, Starboard","6""","12""","18""","25""",2,-1,1,Fast Track
805,X Turret (3 x 6-inch),"Aft, Port, Starboard","6""","12""","18""","25""",2,-1,1,Fast Track
805,Y Turret (3 x 6-inch),"Aft, Port, Starboard","6""","12""","18""","25""",2,-1,1,Fast Track
805,Light Guns (8 x 4-inch),"Fore, Aft, Port, Starboard","5""","10""","15""","20""",4,-2,1,"DP, Restricted, Weak"
805,Port Mk IX Torpedoes,Port,"3""","6""","9""","12""",3,-,3,"Devastating, One-Shot"
805,Starboard Mk IX Torpedoes,Starboard,"3""","6""","9""","12""",3,-,3,"Devastating, One-Shot"
805,AA Battery,"Fore, Aft, Port, Starboard",-,-,-,-,-,-,-,Local (2)
806,A Turret (3 x 6-inch),"Fore, Port, Starboard","6""","12""","18""","25""",2,-1,1,Fast Track
806,B Turret (3 x 6-inch),"Fore, Port, Starboard","6""","12""","18""","25""",2,-1,1,Fast Track
806,X Turret (3 x 6-inch),"Aft, Port, Starboard","6""","12""","18""","25""",2,-1,1,Fast Track
806,Y Turret (3 x 6-inch),"Aft, Port, Starboard","6""","12""","18""","25""",2,-1,1,Fast Track
806,Light Guns (8 x 4-inch),"Fore, Aft, Port, Starboard","5""","10""","15""","20""",4,-2,1,"DP, Restricted, Weak"
806,Port Mk IX Torpedoes,Port,"3""","6""","9""","12""",3,-,3,"Devastating, One-Shot"
806,Starboard Mk IX Torpedoes,Starboard,"3""","6""","9""","12""",3,-,3,"Devastating, One-Shot"
806,AA Battery,"Fore, Aft, Port, Starboard",-,-,-,-,-,-,-,Local (2)
807,A Turret (3 x 6-inch),"Fore, Port, Starboard","6""","12""","18""","25""",2,-1,1,Fast Track
807,B Turret (3 x 6-inch),"Fore, Port, Starboard","6""","12""","18""","25""",2,-1,1,Fast Track
807,X Turret (3 x 6-inch),"Aft, Port, Starboard","6""","12""","18""","25""",2,-1,1,Fast Track
807,Y Turret (3 x 6-inch),"Aft, Port, Starboard","6""","12""","18""","25""",2,-1,1,Fast Track
807,Light Guns (8 x 4-inch),"Fore, Aft, Port, Starboard","5""","10""","15""","20""",4,-2,1,"DP, Restricted, Weak"
807,Port Mk IX Torpedoes,Port,"3""","6""","9""","12""",3,-,3,"Devastating, One-Shot"
807,Starboard Mk IX Torpedoes,Starboard,"3""","6""","9""","12""",3,-,3,"Devastating, One-Shot"
807,AA Battery,"Fore, Aft, Port, Starboard",-,-,-,-,-,-,-,Local (3)
808,A Turret (3 x 6-inch),"Fore, Port, Starboard","6""","12""","18""","25""",2,-1,1,Fast Track
808,B Turret (3 x 6-inch),"Fore, Port, Starboard","6""","12""","18""","25""",2,-1,1,Fast Track
808,Y Turret (3 x 6-inch),"Aft, Port, Starboard","6""","12""","18""","25""",2,-1,1,Fast Track
808,Light Guns (8 x 4-inch),"Fore, Aft, Port, Starboard","5""","10""","15""","20""",4,-2,1,"DP, Restricted, Weak"
808,Port Mk IX** Torpedoes,Port,"3""","7""","10""","14""",3,-,3,"Devastating, One-Shot"
808,Starboard Mk IX** Torpedoes,Starboard,"3""","7""","10""","14""",3,-,3,"Devastating, One-Shot"
808,AA Battery,"Fore, Aft, Port, Starboard","1""","2""","3""","5""",3,-,-,Local (3)
809,A Turret (3 x 6-inch),"Fore, Port, Starboard","6""","12""","18""","25""",2,-1,1,Fast Track
809,B Turret (3 x 6-inch),"Fore, Port, Starboard","6""","12""","18""","25""",2,-1,1,Fast Track
809,X Turret (3 x 6-inch),"Aft, Port, Starboard","6""","12""","18""","25""",2,-1,1,Fast Track
809,Y Turret (3 x 6-inch),"Aft, Port, Starboard","6""","12""","18""","25""",2,-1,1,Fast Track
809,Light Guns (8 x 4-inch),"Fore, Aft, Port, Starboard","5""","10""","15""","20""",4,-2,1,"DP, Restricted, Weak"
809,Port Mk IX Torpedoes,Port,"3""","6""","9""","12""",3,-,3,"Devastating, One-Shot"
809,Starboard Mk IX Torpedoes,Starboard,"3""","6""","9""","12""",3,-,3,"Devastating, One-Shot"
809,AA Battery,"Fore, Aft, Port, Starboard",-,-,-,-,-,-,-,Local (3)
810,A Turret (3 x 6-inch),"Fore, Port, Starboard","6""","12""","18""","25""",2,-1,1,Fast Track
810,B Turret (3 x 6-inch),"Fore, Port, Starboard","6""","12""","18""","25""",2,-1,1,Fast Track
810,X Turret (3 x 6-inch),"Aft, Port, Starboard","6""","12""","18""","25""",2,-1,1,Fast Track
810,Y Turret (3 x 6-inch),"Aft, Port, Starboard","6""","12""","18""","25""",2,-1,1,Fast Track
810,Light Guns (8 x 4-inch),"Fore, Aft, Port, Starboard","5""","10""","15""","20""",4,-2,1,"DP, Restricted, Weak"
810,Port Mk IX Torpedoes,Port,"3""","6""","9""","12""",3,-,3,"Devastating, One-Shot"
810,Starboard Mk IX Torpedoes,Starboard,"3""","6""","9""","12""",3,-,3,"Devastating, One-Shot"
810,AA Battery,"Fore, Aft, Port, Starboard",-,-,-,-,-,-,-,Local (3)
811,A Turret (3 x 6-inch),"Fore, Port, Starboard","6""","12""","18""","25""",2,-1,1,Fast Track
811,B Turret (3 x 6-inch),"Fore, Port, Starboard","6""","12""","18""","25""",2,-1,1,Fast Track
811,Y Turret (3 x 6-inch),"Aft, Port, Starboard","6""","12""","18""","25""",2,-1,1,Fast Track
811,Light Guns (8 x 4-inch),"Fore, Aft, Port, Starboard","5""","10""","15""","20""",4,-2,1,"DP, Restricted, Weak"
811,Port Mk IX** Torpedoes,Port,"3""","7""","10""","14""",3,-,3,"Devastating, One-Shot"
811,Starboard Mk IX** Torpedoes,Starboard,"3""","7""","10""","14""",3,-,3,"Devastating, One-Shot"
811,AA Battery,"Fore, Aft, Port, Starboard","1""","2""","3""","5""",3,-,-,Local (3)
812,A Turret (3 x 6-inch),"Fore, Port, Starboard","6""","12""","18""","25""",2,-1,1,Fast Track
812,B Turret (3 x 6-inch),"Fore, Port, Starboard","6""","12""","18""","25""",2,-1,1,Fast Track
812,X Turret (3 x 6-inch),"Aft, Port, Starboard","6""","12""","18""","25""",2,-1,1,Fast Track
812,Y Turret (3 x 6-inch),"Aft, Port, Starboard","6""","12""","18""","25""",2,-1,1,Fast Track
812,Light Guns (8 x 4-inch),"Fore, Aft, Port, Starboard","5""","10""","15""","20""",4,-2,1,"DP, Restricted, Weak"
812,Port Mk IX Torpedoes,Port,"3""","6""","9""","12""",3,-,3,"Devastating, One-Shot"
812,Starboard Mk IX Torpedoes,Starboard,"3""","6""","9""","12""",3,-,3,"Devastating, One-Shot"
812,AA Battery,"Fore, Aft, Port, Starboard",-,-,-,-,-,-,-,Local (2)
813,A Turret (3 x 6-inch),"Fore, Port, Starboard","6""","12""","18""","25""",2,-1,1,Fast Track
813,B Turret (3 x 6-inch),"Fore, Port, Starboard","6""","12""","18""","25""",2,-1,1,Fast Track
813,X Turret (3 x 6-inch),"Aft, Port, Starboard","6""","12""","18""","25""",2,-1,1,Fast Track
813,Y Turret (3 x 6-inch),"Aft, Port, Starboard","6""","12""","18""","25""",2,-1,1,Fast Track
813,Light Guns (8 x 4-inch),"Fore, Aft, Port, Starboard","5""","10""","15""","20""",4,-2,1,"DP, Restricted, Weak"
813,Port Mk IX Torpedoes,Port,"3""","6""","9""","12""",3,-,3,"Devastating, One-Shot"
813,Starboard Mk IX Torpedoes,Starboard,"3""","6""","9""","12""",3,-,3,"Devastating, One-Shot"
813,AA Battery,"Fore, Aft, Port, Starboard",-,-,-,-,-,-,-,Local (3)
814,A Turret (3 x 6-inch),"Fore, Port, Starboard","6""","12""","18""","25""",2,-1,1,Fast Track
814,B Turret (3 x 6-inch),"Fore, Port, Starboard","6""","12""","18""","25""",2,-1,1,Fast Track
814,X Turret (3 x 6-inch),"Aft, Port, Starboard","6""","12""","18""","25""",2,-1,1,Fast Track
814,Y Turret (3 x 6-inch),"Aft, Port, Starboard","6""","12""","18""","25""",2,-1,1,Fast Track
814,Light Guns (8 x 4-inch),"Fore, Aft, Port, Starboard","5""","10""","15""","20""",4,-2,1,"DP, Restricted, Weak"
814,Port Mk IX Torpedoes,Port,"3""","6""","9""","12""",3,-,3,"Devastating, One-Shot"
814,Starboard Mk IX Torpedoes,Starboard,"3""","6""","9""","12""",3,-,3,"Devastating, One-Shot"
814,AA Battery,"Fore, Aft, Port, Starboard",-,-,-,-,-,-,-,Local (3)
815,A Turret (3 x 6-inch),"Fore, Port, Starboard","6""","12""","18""","25""",2,-1,1,Fast Track
815,B Turret (3 x 6-inch),"Fore, Port, Starboard","6""","12""","18""","25""",2,-1,1,Fast Track
815,Y Turret (3 x 6-inch),"Aft, Port, Starboard","6""","12""","18""","25""",2,-1,1,Fast Track
815,Light Guns (8 x 4-inch),"Fore, Aft, Port, Starboard","5""","10""","15""","20""",4,-2,1,"DP, Restricted, Weak"
815,Port Mk IX** Torpedoes,Port,"3""","7""","10""","14""",3,-,3,"Devastating, One-Shot"
815,Starboard Mk IX** Torpedoes,Starboard,"3""","7""","10""","14""",3,-,3,"Devastating, One-Shot"
815,AA Battery,"Fore, Aft, Port, Starboard",-,-,-,-,-,-,-,Local (5)
816,A Turret (3 x 6-inch),"Fore, Port, Starboard","6""","12""","18""","25""",2,-1,1,Fast Track
816,B Turret (3 x 6-inch),"Fore, Port, Starboard","6""","12""","18""","25""",2,-1,1,Fast Track
816,X Turret (3 x 6-inch),"Aft, Port, Starboard","6""","12""","18""","25""",2,-1,1,Fast Track
816,Y Turret (3 x 6-inch),"Aft, Port, Starboard","6""","12""","18""","25""",2,-1,1,Fast Track
816,Light Guns (8 x 4-inch),"Fore, Aft, Port, Starboard","5""","10""","15""","20""",4,-2,1,"DP, Restricted, Weak"
816,Port Mk IX Torpedoes,Port,"3""","6""","9""","12""",3,-,3,"Devastating, One-Shot"
816,Starboard Mk IX Torpedoes,Starboard,"3""","6""","9""","12""",3,-,3,"Devastating, One-Shot"
816,AA Battery,"Fore, Aft, Port, Starboard",-,-,-,-,-,-,-,Local (2)
817,A Turret (3 x 6-inch),"Fore, Port, Starboard","6""","12""","18""","25""",2,-1,1,Fast Track
817,B Turret (3 x 6-inch),"Fore, Port, Starboard","6""","12""","18""","25""",2,-1,1,Fast Track
817,X Turret (3 x 6-inch),"Aft, Port, Starboard","6""","12""","18""","25""",2,-1,1,Fast Track
817,Y Turret (3 x 6-inch),"Aft, Port, Starboard","6""","12""","18""","25""",2,-1,1,Fast Track
817,Light Guns (8 x 4-inch),"Fore, Aft, Port, Starboard","5""","10""","15""","20""",4,-2,1,"DP, Restricted, Weak"
817,Port Mk IX Torpedoes,Port,"3""","6""","9""","12""",3,-,3,"Devastating, One-Shot"
817,Starboard Mk IX Torpedoes,Starboard,"3""","6""","9""","12""",3,-,3,"Devastating, One-Shot"
817,AA Battery,"Fore, Aft, Port, Starboard",-,-,-,-,-,-,-,Local (3)
818,A Turret (3 x 6-inch),"Fore, Port, Starboard","6""","12""","18""","25""",2,-1,1,Fast Track
818,B Turret (3 x 6-inch),"Fore, Port, Starboard","6""","12""","18""","25""",2,-1,1,Fast Track
818,X Turret (3 x 6-inch),"Aft, Port, Starboard","6""","12""","18""","25""",2,-1,1,Fast Track
818,Y Turret (3 x 6-inch),"Aft, Port, Starboard","6""","12""","18""","25""",2,-1,1,Fast Track
818,Light Guns (8 x 4-inch),"Fore, Aft, Port, Starboard","5""","10""","15""","20""",4,-2,1,"DP, Restricted, Weak"
818,Port Mk IX** Torpedoes,Port,"3""","7""","10""","14""",3,-,3,"Devastating, One-Shot"
818,Starboard Mk IX** Torpedoes,Starboard,"3""","7""","10""","14""",3,-,3,"Devastating, One-Shot"
818,AA Battery,"Fore, Aft, Port, Starboard",-,-,-,-,-,-,-,Local (3)
819,A Turret (3 x 6-inch),"Fore, Port, Starboard","6""","12""","18""","25""",2,-1,1,Fast Track
819,B Turret (3 x 6-inch),"Fore, Port, Starboard","6""","12""","18""","25""",2,-1,1,Fast Track
819,X Turret (3 x 6-inch),"Aft, Port, Starboard","6""","12""","18""","25""",2,-1,1,Fast Track
819,Y Turret (3 x 6-inch),"Aft, Port, Starboard","6""","12""","18""","25""",2,-1,1,Fast Track
819,Light Guns (8 x 4-inch),"Fore, Aft, Port, Starboard","5""","10""","15""","20""",4,-2,1,"DP, Restricted, Weak"
819,Port Mk IX** Torpedoes,Port,"3""","7""","10""","14""",3,-,3,"Devastating, One-Shot"
819,Starboard Mk IX** Torpedoes,Starboard,"3""","7""","10""","14""",3,-,3,"Devastating, One-Shot"
819,AA Battery,"Fore, Aft, Port, Starboard",-,-,-,-,-,-,-,Local (3)
820,A Turret (3 x 6-inch),"Fore, Port, Starboard","6""","12""","18""","25""",2,-1,1,Fast Track
820,B Turret (3 x 6-inch),"Fore, Port, Starboard","6""","12""","18""","25""",2,-1,1,Fast Track
820,X Turret (3 x 6-inch),"Aft, Port, Starboard","6""","12""","18""","25""",2,-1,1,Fast Track
820,Light Guns (10 x 4-inch),"Fore, Aft, Port, Starboard","5""","10""","15""","20""",5,-2,1,"DP, Restricted, Weak"
820,Port Mk IX** Torpedoes,Port,"3""","7""","10""","14""",3,-,3,"Devastating, One-Shot"
820,Starboard Mk IX** Torpedoes,Starboard,"3""","7""","10""","14""",3,-,3,"Devastating, One-Shot"
820,AA Battery,"Fore, Aft, Port, Starboard",-,-,-,-,-,-,-,Local (5)
821,A Turret (3 x 6-inch),"Fore, Port, Starboard","6""","12""","18""","25""",2,-1,1,Fast Track
821,B Turret (3 x 6-inch),"Fore, Port, Starboard","6""","12""","18""","25""",2,-1,1,Fast Track
821,X Turret (3 x 6-inch),"Aft, Port, Starboard","6""","12""","18""","25""",2,-1,1,Fast Track
821,Light Guns (10 x 4-inch),"Fore, Aft, Port, Starboard","5""","10""","15""","20""",5,-2,1,"DP, Restricted, Weak"
821,Port Mk IX** Torpedoes,Port,"3""","7""","10""","14""",3,-,3,"Devastating, One-Shot"
821,Starboard Mk IX** Torpedoes,Starboard,"3""","7""","10""","14""",3,-,3,"Devastating, One-Shot"
821,AA Battery,"Fore, Aft, Port, Starboard","1""","2""","3""","5""",3,-,-,Local (3)
822,A Turret (3 x 6-inch),"Fore, Port, Starboard","6""","12""","18""","25""",2,-1,1,Fast Track
822,B Turret (3 x 6-inch),"Fore, Port, Starboard","6""","12""","18""","25""",2,-1,1,Fast Track
822,X Turret (3 x 6-inch),"Aft, Port, Starboard","6""","12""","18""","25""",2,-1,1,Fast Track
822,Light Guns (10 x 4-inch),"Fore, Aft, Port, Starboard","5""","10""","15""","20""",5,-2,1,"DP, Restricted, Weak"
822,Port Mk IX** Torpedoes,Port,"3""","7""","10""","14""",3,-,3,"Devastating, One-Shot"
822,Starboard Mk IX** Torpedoes,Starboard,"3""","7""","10""","14""",3,-,3,"Devastating, One-Shot"
822,AA Battery,"Fore, Aft, Port, Starboard","1""","2""","3""","5""",2,-,-,Local (4)
823,A Turret (2 x 8-inch),"Fore, Port, Starboard","7""","15""","23""","31""",2,-,1,-
823,B Turret (2 x 8-inch),"Fore, Port, Starboard","7""","15""","23""","31""",2,-,1,-
823,X Turret (2 x 8-inch),"Aft, Port, Starboard","7""","15""","23""","31""",2,-,1,-
823,Light Guns (4 x 4-inch),"Fore, Aft, Port, Starboard","4""","8""","12""","17""",2,-2,1,"DP, Restricted, Weak"
823,Port Mk VII Torpedoes,Port,"4""","8""","12""","16""",3,-,3,"Devastating, One-Shot"
823,Starboard Mk VII Torpedoes,Starboard,"4""","8""","12""","16""",3,-,3,"Devastating, One-Shot"
823,AA Battery,"Fore, Aft, Port, Starboard",-,-,-,-,-,-,-,Local (1)
824,A Turret (2 x 8-inch),"Fore, Port, Starboard","7""","15""","23""","31""",2,-,1,-
824,B Turret (2 x 8-inch),"Fore, Port, Starboard","7""","15""","23""","31""",2,-,1,-
824,X Turret (2 x 8-inch),"Aft, Port, Starboard","7""","15""","23""","31""",2,-,1,-
824,Light Guns (8 x 4-inch),"Fore, Aft, Port, Starboard","5""","10""","15""","20""",4,-2,1,"DP, Restricted, Weak"
824,Port Mk IX Torpedoes,Port,"3""","6""","9""","12""",3,-,3,"Devastating, One-Shot"
824,Starboard Mk IX Torpedoes,Starboard,"3""","6""","9""","12""",3,-,3,"Devastating, One-Shot"
824,AA Battery,"Fore, Aft, Port, Starboard",-,-,-,-,-,-,-,Local (4)
825,Light Guns (4 x 4.7-inch),"Fore, Aft, Port, Starboard","4""","8""","12""","16""",2,-2,1,Weak
825,Port/Starboard Mk V Torpedoes,"Port, Starboard","3""","6""","9""","12""",4,-,2,"Devastating, One-Shot"
825,Port/Starboard Mk V Torpedoes,"Port, Starboard","3""","6""","9""","12""",4,-,2,"Devastating, One-Shot"
825,AA Battery,"Fore, Aft, Port, Starboard",-,-,-,-,-,-,-,Local (1)
826,Light Guns (4 x 4.7-inch),"Fore, Aft, Port, Starboard","4""","8""","12""","16""",2,-2,1,Weak
826,Port/Starboard Mk V Torpedoes,"Port, Starboard","3""","6""","9""","12""",4,-,2,"Devastating, One-Shot"
826,AA Battery,"Fore, Aft, Port, Starboard",-,-,-,-,-,-,-,Local (1)
827,Light Guns (4 x 4.7-inch),"Fore, Aft, Port, Starboard","4""","8""","12""","16""",2,-2,1,Weak
827,Port/Starboard Mk V Torpedoes,"Port, Starboard","3""","6""","9""","12""",4,-,2,"Devastating, One-Shot"
827,AA Battery,"Fore, Aft, Port, Starboard",-,-,-,-,-,-,-,Local (1)
828,Light Guns (3 x 4.7-inch),"Fore, Aft, Port, Starboard","4""","8""","12""","16""",1,-2,1,Weak
828,Port/Starboard Mk V Torpedoes,"Port, Starboard","3""","6""","9""","12""",4,-,2,"Devastating, One-Shot"
828,AA Battery,"Fore, Aft, Port, Starboard",-,-,-,-,-,-,-,Local (1)
829,Light Guns (3 x 4.7-inch),"Fore, Aft, Port, Starboard","4""","8""","12""","16""",1,-2,1,Weak
829,Port/Starboard Mk V Torpedoes,"Port, Starboard","3""","6""","9""","12""",4,-,2,"Devastating, One-Shot"
829,AA Battery,"Fore, Aft, Port, Starboard",-,-,-,-,-,-,-,Local (1)
830,Light Guns (3 x 4.7-inch),"Fore, Aft, Port, Starboard","4""","8""","12""","16""",1,-2,1,Weak
830,Port/Starboard Mk V Torpedoes,"Port, Starboard","3""","6""","9""","12""",4,-,2,"Devastating, One-Shot"
830,AA Battery,"Fore, Aft, Port, Starboard","1""","2""","3""","5""",1,-,-,Local (1)
831,Light Guns (3 x 4.7-inch),"Fore, Aft, Port, Starboard","4""","8""","12""","16""",1,-2,1,Weak
831,Port/Starboard Mk V Torpedoes,"Port, Starboard","3""","6""","9""","12""",4,-,2,"Devastating, One-Shot"
831,Port/Starboard Mk V Torpedoes,"Port, Starboard","3""","6""","9""","12""",4,-,2,"Devastating, One-Shot"
831,AA Battery,"Fore, Aft, Port, Starboard",-,-,-,-,-,-,-,Local (1)
832,Light Guns (3 x 4.7-inch),"Fore, Aft, Port, Starboard","4""","8""","12""","16""",1,-2,1,Weak
832,Port/Starboard Mk V Torpedoes,"Port, Starboard","3""","6""","9""","12""",4,-,2,"Devastating, One-Shot"
832,AA Battery,"Fore, Aft, Port, Starboard",-,-,-,-,-,-,-,Local (1)
833,Light Guns (3 x 4.7-inch),"Fore, Aft, Port, Starboard","4""","8""","12""","16""",1,-2,1,Weak
833,Port/Starboard Mk V Torpedoes,"Port, Starboard","3""","6""","9""","12""",4,-,2,"Devastating, One-Shot"
833,AA Battery,"Fore, Aft, Port, Starboard","1""","2""","3""","5""",1,-,-,Local (1)
834,Light Guns (3 x 4.7-inch),"Fore, Aft, Port, Starboard","4""","8""","12""","16""",1,-2,1,Weak
834,Port/Starboard Mk V Torpedoes,"Port, Starboard","3""","6""","9""","12""",4,-,2,"Devastating, One-Shot"
834,AA Battery,"Fore, Aft, Port, Starboard",-,-,-,-,-,-,-,Local (1)
835,Light Guns (3 x 4.7-inch),"Fore, Aft, Port, Starboard","4""","8""","12""","16""",1,-2,1,Weak
835,Port/Starboard Mk V Torpedoes,"Port, Starboard","3""","6""","9""","12""",4,-,2,"Devastating, One-Shot"
835,AA Battery,"Fore, Aft, Port, Starboard",-,-,-,-,-,-,-,Local (1)
836,Light Guns (3 x 4-inch),"Fore, Aft, Port, Starboard","3""","6""","9""","12""",1,-2,1,Weak
836,Port/Starboard Mk IV Torpedoes,"Port, Starboard","2""","5""","7""","10""",2,-,2,"Devastating, One-Shot"
836,Port/Starboard Mk IV Torpedoes,"Port, Starboard","2""","5""","7""","10""",2,-,2,"Devastating, One-Shot"
836,AA Battery,"Fore, Aft, Port, Starboard",-,-,-,-,-,-,-,Local (1)
837,Light Guns (1 x 4-inch),"Fore, Aft, Port, Starboard","3""","6""","9""","12""",1,-2,1,"Weak, Slow-Loading"
837,AA Battery,"Fore, Aft, Port, Starboard",-,-,-,-,-,-,-,Local (1)
838,Light Guns (1 x 4-inch),"Fore, Aft, Port, Starboard","3""","6""","9""","12""",1,-2,1,"Weak, Slow-Loading"
838,AA Battery,"Fore, Aft, Port, Starboard",-,-,-,-,-,-,-,Local (1)
839,Light Guns (3 x 4-inch),"Fore, Aft, Port, Starboard","3""","6""","9""","12""",1,-2,1,Weak
839,AA Battery,"Fore, Aft, Port, Starboard",-,-,-,-,-,-,-,Local (1)
840,Light Guns (4 x 4-inch),"Fore, Aft, Port, Starboard","3""","7""","10""","14""",2,-2,1,Weak
840,Port/Starboard Mk IV Torpedoes,"Port, Starboard","2""","5""","7""","10""",3,-,2,"Devastating, One-Shot"
840,Port/Starboard Mk IV Torpedoes,"Port, Starboard","2""","5""","7""","10""",3,-,2,"Devastating, One-Shot"
840,AA Battery,"Fore, Aft, Port, Starboard",-,-,-,-,-,-,-,Local (1)
841,Light Guns (4 x 4-inch),"Fore, Aft, Port, Starboard","5""","10""","15""","20""",2,-2,1,"DP, Weak"
841,AA Battery,"Fore, Aft, Port, Starboard",-,-,-,-,-,-,-,Local (1)
842,Light Guns (4 x 4-inch),"Fore, Aft, Port, Starboard","5""","10""","15""","20""",2,-2,1,"DP, Weak"
842,AA Battery,"Fore, Aft, Port, Starboard",-,-,-,-,-,-,-,Local (1)
843,Light Guns (4 x 4-inch),"Fore, Aft, Port, Starboard","3""","7""","10""","14""",2,-2,1,Weak
843,Port/Starboard Mk IV Torpedoes,"Port, Starboard","2""","5""","7""","10""",3,-,2,"Devastating, One-Shot"
843,Port/Starboard Mk IV Torpedoes,"Port, Starboard","2""","5""","7""","10""",2,-,2,"Devastating, One-Shot"
843,AA Battery,"Fore, Aft, Port, Starboard",-,-,-,-,-,-,-,Local (1)
844,Light Guns (4 x 4-inch),"Fore, Aft, Port, Starboard","3""","7""","10""","14""",2,-2,1,Weak
844,Port/Starboard Mk IV Torpedoes,"Port, Starboard","2""","5""","7""","10""",3,-,2,"Devastating, One-Shot"
844,Port/Starboard Mk IV Torpedoes,"Port, Starboard","2""","5""","7""","10""",3,-,2,"Devastating, One-Shot"
844,AA Battery,"Fore, Aft, Port, Starboard",-,-,-,-,-,-,-,Local (1)
845,Light Guns (4 x 4-inch),"Fore, Aft, Port, Starboard","3""","7""","10""","14""",2,-2,1,Weak
845,Port/Starboard Mk IV Torpedoes,"Port, Starboard","2""","5""","7""","10""",3,-,2,"Devastating, One-Shot"
845,AA Battery,"Fore, Aft, Port, Starboard",-,-,-,-,-,-,-,Local (1)
846,Light Guns (2 x 4-inch),"Fore, Aft, Port, Starboard","3""","7""","10""","14""",2,-2,1,Weak
846,AA Battery,"Fore, Aft, Port, Starboard",-,-,-,-,-,-,-,Local (1)
847,Light Guns (4 x 4-inch),"Fore, Aft, Port, Starboard","3""","7""","10""","14""",2,-2,1,Weak
847,Port/Starboard Mk IV Torpedoes,"Port, Starboard","2""","5""","7""","10""",3,-,2,"Devastating, One-Shot"
847,AA Battery,"Fore, Aft, Port, Starboard",-,-,-,-,-,-,-,Local (1)
848,Light Guns (4 x 4-inch),"Fore, Aft, Port, Starboard","3""","7""","10""","14""",2,-2,1,Weak
848,Port/Starboard Mk IV Torpedoes,"Port, Starboard","2""","5""","7""","10""",3,-,2,"Devastating, One-Shot"
848,AA Battery,"Fore, Aft, Port, Starboard",-,-,-,-,-,-,-,Local (1)
849,Light Guns (2 x 4-inch),"Fore, Aft, Port, Starboard","3""","7""","10""","14""",2,-2,1,Weak
849,AA Battery,"Fore, Aft, Port, Starboard",-,-,-,-,-,-,-,Local (1)
850,Light Guns (3 x 4-inch),"Fore, Aft, Port, Starboard","3""","7""","10""","14""",1,-2,1,Weak
850,Port/Starboard Mk IV Torpedoes,"Port, Starboard","2""","5""","7""","10""",3,-,2,"Devastating, One-Shot"
850,AA Battery,"Fore, Aft, Port, Starboard",-,-,-,-,-,-,-,Local (1)
851,Light Guns (4 x 4-inch),"Fore, Aft, Port, Starboard","3""","7""","10""","14""",2,-2,1,Weak
851,Port/Starboard Mk IV Torpedoes,"Port, Starboard","2""","5""","7""","10""",3,-,2,"Devastating, One-Shot"
851,AA Battery,"Fore, Aft, Port, Starboard",-,-,-,-,-,-,-,Local (1)
852,Light Guns (2 x 4-inch),"Fore, Aft, Port, Starboard","3""","7""","10""","14""",1,-2,1,Weak
852,Port/Starboard Mk IV Torpedoes,"Port, Starboard","2""","5""","7""","10""",3,-,2,"Devastating, One-Shot"
852,AA Battery,"Fore, Aft, Port, Starboard","1""","2""","3""","5""",1,-,-,Local (1)
853,Light Guns (3 x 4-inch),"Fore, Aft, Port, Starboard","3""","7""","10""","14""",1,-2,1,Weak
853,Port/Starboard Mk IV Torpedoes,"Port, Starboard","2""","5""","7""","10""",3,-,2,"Devastating, One-Shot"
853,AA Battery,"Fore, Aft, Port, Starboard","1""","2""","3""","5""",1,-,-,Local (1)
854,Light Guns (3 x 4-inch),"Fore, Aft, Port, Starboard","3""","7""","10""","14""",1,-2,1,Weak
854,Port/Starboard Mk IV Torpedoes,"Port, Starboard","2""","5""","7""","10""",3,-,2,"Devastating, One-Shot"
854,AA Battery,"Fore, Aft, Port, Starboard","1""","2""","3""","5""",1,-,-,Local (1)
855,Light Guns (2 x 4-inch),"Fore, Aft, Port, Starboard","3""","7""","10""","14""",1,-2,1,Weak
855,AA Battery,"Fore, Aft, Port, Starboard",-,-,-,-,-,-,-,Local (1)
856,Light Guns (2 x 4-inch),"Fore, Aft, Port, Starboard","3""","7""","10""","14""",1,-2,1,Weak
856,AA Battery,"Fore, Aft, Port, Starboard",-,-,-,-,-,-,-,Local (1)
857,Light Guns (2 x 4-inch),"Fore, Aft, Port, Starboard","3""","7""","10""","14""",2,-2,1,Weak
857,Port/Starboard Mk IV Torpedoes,"Port, Starboard","2""","5""","7""","10""",3,-,2,"Devastating, One-Shot"
857,AA Battery,"Fore, Aft, Port, Starboard",-,-,-,-,-,-,-,Local (1)
858,Light Guns (2 x 4-inch),"Fore, Aft, Port, Starboard","3""","7""","10""","14""",2,-2,1,Weak
858,AA Battery,"Fore, Aft, Port, Starboard",-,-,-,-,-,-,-,Local (1)
859,Light Guns (2 x 4-inch),"Fore, Aft, Port, Starboard","3""","7""","10""","14""",2,-2,1,Weak
859,AA Battery,"Fore, Aft, Port, Starboard",-,-,-,-,-,-,-,Local (1)
860,Light Guns (4 x 4.7-inch),"Fore, Aft, Port, Starboard","4""","8""","12""","16""",2,-2,1,Weak
860,Port/Starboard Mk IX Torpedoes,"Port, Starboard","3""","6""","9""","12""",4,-,3,"Devastating, One-Shot"
860,Port/Starboard Mk IX Torpedoes,"Port, Starboard","3""","6""","9""","12""",4,-,3,"Devastating, One-Shot"
860,AA Battery,"Fore, Aft, Port, Starboard",-,-,-,-,-,-,-,Local (1)
861,Light Guns (4 x 4.7-inch),"Fore, Aft, Port, Starboard","4""","8""","12""","16""",2,-2,1,Weak
861,Port/Starboard Mk IX Torpedoes,"Port, Starboard","3""","6""","9""","12""",4,-,3,"Devastating, One-Shot"
861,AA Battery,"Fore, Aft, Port, Starboard",-,-,-,-,-,-,-,Local (1)
862,Light Guns (3 x 4.7-inch),"Fore, Aft, Port, Starboard","4""","8""","12""","16""",1,-2,1,Weak
862,Port/Starboard Mk IX Torpedoes,"Port, Starboard","3""","6""","9""","12""",4,-,3,"Devastating, One-Shot"
862,AA Battery,"Fore, Aft, Port, Starboard",-,-,-,-,-,-,-,Local (1)
863,Light Guns (3 x 4.7-inch),"Fore, Aft, Port, Starboard","4""","8""","12""","16""",1,-2,1,Weak
863,Port/Starboard Mk IX Torpedoes,"Port, Starboard","3""","6""","9""","12""",4,-,3,"Devastating, One-Shot"
863,AA Battery,"Fore, Aft, Port, Starboard",-,-,-,-,-,-,-,Local (1)
864,Light Guns (4 x 4.7-inch),"Fore, Aft, Port, Starboard","4""","8""","12""","17""",2,-2,1,Weak
864,Port/Starboard Mk IX Torpedoes,"Port, Starboard","3""","6""","9""","12""",4,-,3,"Devastating, One-Shot"
864,Port/Starboard Mk IX Torpedoes,"Port, Starboard","3""","6""","9""","12""",4,-,3,"Devastating, One-Shot"
864,AA Battery,"Fore, Aft, Port, Starboard",-,-,-,-,-,-,-,Local (1)
865,Light Guns (4 x 4.7-inch),"Fore, Aft, Port, Starboard","4""","8""","12""","17""",2,-2,1,Weak
865,Port/Starboard Mk IX Torpedoes,"Port, Starboard","3""","6""","9""","12""",4,-,3,"Devastating, One-Shot"
865,AA Battery,"Fore, Aft, Port, Starboard",-,-,-,-,-,-,-,Local (1)
866,Light Guns (4 x 4.7-inch),"Fore, Aft, Port, Starboard","4""","8""","12""","17""",2,-2,1,Weak
866,Port/Starboard Mk IX Torpedoes,"Port, Starboard","3""","6""","9""","12""",4,-,3,"Devastating, One-Shot"
866,AA Battery,"Fore, Aft, Port, Starboard",-,-,-,-,-,-,-,Local (1)
867,Light Guns (2 x 4.7-inch),"Fore, Aft, Port, Starboard","4""","8""","12""","17""",1,-2,1,Weak
867,Port/Starboard Mk IX Torpedoes,"Port, Starboard","3""","6""","9""","12""",4,-,3,"Devastating, One-Shot"
867,AA Battery,"Fore, Aft, Port, Starboard",-,-,-,-,-,-,-,Local (1)
868,Light Guns (2 x 4.7-inch),"Fore, Aft, Port, Starboard","4""","8""","12""","17""",1,-2,1,Weak
868,Port/Starboard Mk IX Torpedoes,"Port, Starboard","3""","6""","9""","12""",4,-,3,"Devastating, One-Shot"
868,AA Battery,"Fore, Aft, Port, Starboard",-,-,-,-,-,-,-,Local (1)
869,Light Guns (3 x 4.7-inch),"Fore, Aft, Port, Starboard","4""","8""","12""","17""",1,-2,1,Weak
869,Port/Starboard Mk IX Torpedoes,"Port, Starboard","3""","6""","9""","12""",4,-,3,"Devastating, One-Shot"
869,AA Battery,"Fore, Aft, Port, Starboard",-,-,-,-,-,-,-,Local (1)
870,Light Guns (3 x 4.7-inch),"Fore, Aft, Port, Starboard","4""","8""","12""","17""",1,-2,1,Weak
870,Port/Starboard Mk IX Torpedoes,"Port, Starboard","3""","6""","9""","12""",4,-,3,"Devastating, One-Shot"
870,AA Battery,"Fore, Aft, Port, Starboard",-,-,-,-,-,-,-,Local (1)
871,Light Guns (3 x 4.7-inch),"Fore, Aft, Port, Starboard","4""","8""","12""","17""",1,-2,1,Weak
871,Port/Starboard Mk IX Torpedoes,"Port, Starboard","3""","6""","9""","12""",4,-,3,"Devastating, One-Shot"
871,AA Battery,"Fore, Aft, Port, Starboard",-,-,-,-,-,-,-,Local (1)
872,Light Guns (3 x 4.7-inch),"Fore, Aft, Port, Starboard","4""","8""","12""","17""",1,-2,1,Weak
872,Port/Starboard Mk IX Torpedoes,"Port, Starboard","3""","6""","9""","12""",4,-,3,"Devastating, One-Shot"
872,AA Battery,"Fore, Aft, Port, Starboard",-,-,-,-,-,-,-,Local (1)
873,Light Guns (4 x 4.7-inch),"Fore, Aft, Port, Starboard","4""","8""","12""","17""",2,-2,1,Weak
873,Port/Starboard Mk IX Torpedoes,"Port, Starboard","3""","6""","9""","12""",4,-,3,"Devastating, One-Shot"
873,AA Battery,"Fore, Aft, Port, Starboard",-,-,-,-,-,-,-,Local (1)
874,Light Guns (4 x 4.7-inch),"Fore, Aft, Port, Starboard","4""","8""","12""","17""",2,-2,1,Weak
874,Port/Starboard Mk IX Torpedoes,"Port, Starboard","3""","6""","9""","12""",4,-,3,"Devastating, One-Shot"
874,Port/Starboard Mk IX Torpedoes,"Port, Starboard","3""","6""","9""","12""",4,-,3,"Devastating, One-Shot"
874,AA Battery,"Fore, Aft, Port, Starboard",-,-,-,-,-,-,-,Local (1)
875,Light Guns (3 x 4.7-inch),"Fore, Aft, Port, Starboard","4""","8""","12""","17""",1,-2,1,Weak
875,Port/Starboard Mk IX Torpedoes,"Port, Starboard","3""","6""","9""","12""",4,-,3,"Devastating, One-Shot"
875,Port/Starboard Mk IX Torpedoes,"Port, Starboard","3""","6""","9""","12""",4,-,3,"Devastating, One-Shot"
875,AA Battery,"Fore, Aft, Port, Starboard",-,-,-,-,-,-,-,Local (2)
876,Light Guns (4 x 4.7-inch),"Fore, Aft, Port, Starboard","4""","8""","12""","17""",2,-2,1,Weak
876,Port/Starboard Mk IX Torpedoes,"Port, Starboard","3""","6""","9""","12""",4,-,3,"Devastating, One-Shot"
876,Port/Starboard Mk IX Torpedoes,"Port, Starboard","3""","6""","9""","12""",4,-,3,"Devastating, One-Shot"
876,AA Battery,"Fore, Aft, Port, Starboard",-,-,-,-,-,-,-,Local (1)
877,Light Guns (4 x 4.7-inch),"Fore, Aft, Port, Starboard","4""","8""","12""","17""",2,-2,1,Weak
877,Port/Starboard Mk IX Torpedoes,"Port, Starboard","3""","6""","9""","12""",4,-,3,"Devastating, One-Shot"
877,Port/Starboard Mk IX Torpedoes,"Port, Starboard","3""","6""","9""","12""",4,-,3,"Devastating, One-Shot"
877,AA Battery,"Fore, Aft, Port, Starboard",-,-,-,-,-,-,-,Local (1)
878,Light Guns (4 x 4.7-inch),"Fore, Aft, Port, Starboard","4""","8""","12""","17""",2,-2,1,Weak
878,Port/Starboard Mk IX Torpedoes,"Port, Starboard","3""","6""","9""","12""",5,-,3,"Devastating, One-Shot"
878,Port/Starboard Mk IX Torpedoes,"Port, Starboard","3""","6""","9""","12""",5,-,3,"Devastating, One-Shot"
878,AA Battery,"Fore, Aft, Port, Starboard",-,-,-,-,-,-,-,Local (1)
879,Light Guns (4 x 4.7-inch),"Fore, Aft, Port, Starboard","4""","8""","12""","17""",2,-2,1,Weak
879,Port/Starboard Mk IX Torpedoes,"Port, Starboard","3""","6""","9""","12""",4,-,3,"Devastating, One-Shot"
879,AA Battery,"Fore, Aft, Port, Starboard",-,-,-,-,-,-,-,Local (1)
880,Light Guns (3 x 4.7-inch),"Fore, Aft, Port, Starboard","4""","8""","12""","17""",1,-2,1,Weak
880,Port/Starboard Mk IX Torpedoes,"Port, Starboard","3""","6""","9""","12""",4,-,3,"Devastating, One-Shot"
880,AA Battery,"Fore, Aft, Port, Starboard",-,-,-,-,-,-,-,Local (1)
881,Light Guns (2 x 4.7-inch),"Fore, Aft, Port, Starboard","4""","8""","12""","16""",1,-2,1,Weak
881,Port/Starboard Mk IX Torpedoes,"Port, Starboard","3""","6""","9""","12""",4,-,3,"Devastating, One-Shot"
881,AA Battery,"Fore, Aft, Port, Starboard",-,-,-,-,-,-,-,Local (1)
882,Light Guns (4 x 4-inch),"Fore, Aft, Port, Starboard","5""","10""","15""","20""",2,-2,1,"DP, Weak"
882,AA Battery,"Fore, Aft, Port, Starboard",-,-,-,-,-,-,-,Local (1)
883,Light Guns (6 x 4-inch),"Fore, Aft, Port, Starboard","5""","10""","15""","20""",3,-2,1,"DP, Weak"
883,AA Battery,"Fore, Aft, Port, Starboard",-,-,-,-,-,-,-,Local (1)
884,Light Guns (6 x 4-inch),"Fore, Aft, Port, Starboard","5""","10""","15""","20""",3,-2,1,"DP, Weak"
884,Port/Starboard Mk IX Torpedoes,"Port, Starboard","3""","6""","9""","12""",2,-,3,"Devastating, One-Shot"
884,AA Battery,"Fore, Aft, Port, Starboard",-,-,-,-,-,-,-,Local (1)
885,Light Guns (6 x 4-inch),"Fore, Aft, Port, Starboard","5""","10""","15""","20""",3,-2,1,"DP, Weak"
885,Port/Starboard Mk IX Torpedoes,"Port, Starboard","3""","6""","9""","12""",2,-,3,"Devastating, One-Shot"
885,AA Battery,"Fore, Aft, Port, Starboard","1""","2""","3""","5""",1,-,-,Local (1)
886,Light Guns (4 x 4.7-inch),"Fore, Aft, Port, Starboard","4""","8""","12""","17""",2,-2,1,Weak
886,Port/Starboard Mk IX Torpedoes,"Port, Starboard","3""","6""","9""","12""",5,-,3,"Devastating, One-Shot"
886,Port/Starboard Mk IX Torpedoes,"Port, Starboard","3""","6""","9""","12""",5,-,3,"Devastating, One-Shot"
886,AA Battery,"Fore, Aft, Port, Starboard",-,-,-,-,-,-,-,Local (1)
887,Light Guns (4 x 4.7-inch),"Fore, Aft, Port, Starboard","4""","8""","12""","17""",2,-2,1,Weak
887,Port/Starboard Mk IX Torpedoes,"Port, Starboard","3""","6""","9""","12""",5,-,3,"Devastating, One-Shot"
887,AA Battery,"Fore, Aft, Port, Starboard",-,-,-,-,-,-,-,Local (1)
888,Light Guns (4 x 4.7-inch),"Fore, Aft, Port, Starboard","4""","8""","12""","17""",2,-2,1,Weak
888,Port/Starboard Mk IX Torpedoes,"Port, Starboard","3""","6""","9""","12""",4,-,3,"Devastating, One-Shot"
888,AA Battery,"Fore, Aft, Port, Starboard",-,-,-,-,-,-,-,Local (1)
889,Light Guns (2 x 4.7-inch),"Fore, Aft, Port, Starboard","4""","8""","12""","16""",1,-2,1,Weak
889,Port/Starboard Mk IX Torpedoes,"Port, Starboard","3""","6""","9""","12""",4,-,3,"Devastating, One-Shot"
889,AA Battery,"Fore, Aft, Port, Starboard",-,-,-,-,-,-,-,Local (1)
890,Light Guns (2 x 4.7-inch),"Fore, Aft, Port, Starboard","4""","8""","12""","16""",1,-2,1,Weak
890,Port/Starboard Mk IX Torpedoes,"Port, Starboard","3""","6""","9""","12""",4,-,3,"Devastating, One-Shot"
890,AA Battery,"Fore, Aft, Port, Starboard","1""","2""","3""","5""",1,-,-,Local (1)
891,Light Guns (4 x 4.7-inch),"Fore, Aft, Port, Starboard","4""","8""","12""","17""",2,-2,1,Weak
891,Port/Starboard Mk IX Torpedoes,"Port, Starboard","3""","6""","9""","12""",5,-,3,"Devastating, One-Shot"
891,AA Battery,"Fore, Aft, Port, Starboard",-,-,-,-,-,-,-,Local (1)
892,Light Guns (4 x 4.7-inch),"Fore, Aft, Port, Starboard","4""","8""","12""","17""",2,-2,1,Weak
892,Port/Starboard Mk IX Torpedoes,"Port, Starboard","3""","6""","9""","12""",4,-,3,"Devastating, One-Shot"
892,Port/Starboard Mk IX Torpedoes,"Port, Starboard","3""","6""","9""","12""",4,-,3,"Devastating, One-Shot"
892,AA Battery,"Fore, Aft, Port, Starboard",-,-,-,-,-,-,-,Local (1)
893,Light Guns (4 x 4.7-inch),"Fore, Aft, Port, Starboard","4""","8""","12""","17""",2,-2,1,Weak
893,Port/Starboard Mk IX Torpedoes,"Port, Starboard","3""","6""","9""","12""",4,-,3,"Devastating, One-Shot"
893,AA Battery,"Fore, Aft, Port, Starboard",-,-,-,-,-,-,-,Local (1)
894,Light Guns (2 x 4.7-inch),"Fore, Aft, Port, Starboard","4""","8""","12""","16""",1,-2,1,Weak
894,Port/Starboard Mk IX Torpedoes,"Port, Starboard","3""","6""","9""","12""",4,-,3,"Devastating, One-Shot"
894,AA Battery,"Fore, Aft, Port, Starboard","1""","2""","3""","5""",1,-,-,Local (1)
895,Light Guns (6 x 4.7-inch),"Fore, Aft, Port, Starboard","4""","8""","12""","17""",3,-2,1,Weak
895,Port/Starboard Mk IX Torpedoes,"Port, Starboard","3""","6""","9""","12""",5,-,3,"Devastating, One-Shot"
895,Port/Starboard Mk IX Torpedoes,"Port, Starboard","3""","6""","9""","12""",5,-,3,"Devastating, One-Shot"
895,AA Battery,"Fore, Aft, Port, Starboard",-,-,-,-,-,-,-,Local (1)
896,Light Guns (6 x 4.7-inch),"Fore, Aft, Port, Starboard","4""","8""","12""","17""",3,-2,1,Weak
896,Light Guns (1 x 4-inch),"Fore, Aft, Port, Starboard","4""","8""","12""","17""",1,-2,1,"DP, Slow-Loading, Weak"
896,Port/Starboard Mk IX Torpedoes,"Port, Starboard","3""","6""","9""","12""",5,-,3,"Devastating, One-Shot"
896,AA Battery,"Fore, Aft, Port, Starboard",-,-,-,-,-,-,-,Local (1)
897,Light Guns (6 x 4.7-inch),"Fore, Aft, Port, Starboard","4""","8""","12""","17""",3,-2,1,Weak
897,Port/Starboard Mk IX Torpedoes,"Port, Starboard","3""","6""","9""","12""",5,-,3,"Devastating, One-Shot"
897,Port/Starboard Mk IX Torpedoes,"Port, Starboard","3""","6""","9""","12""",5,-,3,"Devastating, One-Shot"
897,AA Battery,"Fore, Aft, Port, Starboard",-,-,-,-,-,-,-,Local (1)
898,Light Guns (6 x 4.7-inch),"Fore, Aft, Port, Starboard","4""","8""","12""","17""",3,-2,1,Weak
898,Port/Starboard Mk IX Torpedoes,"Port, Starboard","3""","6""","9""","12""",5,-,3,"Devastating, One-Shot"
898,Port/Starboard Mk IX Torpedoes,"Port, Starboard","3""","6""","9""","12""",5,-,3,"Devastating, One-Shot"
898,AA Battery,"Fore, Aft, Port, Starboard",-,-,-,-,-,-,-,Local (1)
899,Light Guns (6 x 4.7-inch),"Fore, Aft, Port, Starboard","4""","8""","12""","17""",3,-2,1,Weak
899,Port/Starboard Mk IX Torpedoes,"Port, Starboard","3""","6""","9""","12""",5,-,3,"Devastating, One-Shot"
899,Port/Starboard Mk IX Torpedoes,"Port, Starboard","3""","6""","9""","12""",5,-,3,"Devastating, One-Shot"
899,AA Battery,"Fore, Aft, Port, Starboard",-,-,-,-,-,-,-,Local (1)
900,Light Guns (8 x 4-inch),"Fore, Aft, Port, Starboard","4""","8""","12""","17""",4,-2,1,Weak
900,Port/Starboard Mk IX Torpedoes,"Port, Starboard","3""","6""","9""","12""",5,-,3,"Devastating, One-Shot"
900,Port/Starboard Mk IX Torpedoes,"Port, Starboard","3""","6""","9""","12""",5,-,3,"Devastating, One-Shot"
900,AA Battery,"Fore, Aft, Port, Starboard",-,-,-,-,-,-,-,Local (1)
901,Light Guns (8 x 4-inch),"Fore, Aft, Port, Starboard","4""","8""","12""","17""",4,-2,1,Weak
901,Port/Starboard Mk IX Torpedoes,"Port, Starboard","3""","6""","9""","12""",5,-,3,"Devastating, One-Shot"
901,Port/Starboard Mk IX Torpedoes,"Port, Starboard","3""","6""","9""","12""",5,-,3,"Devastating, One-Shot"
901,AA Battery,"Fore, Aft, Port, Starboard",-,-,-,-,-,-,-,Local (1)
902,Light Guns (4 x 4.7-inch),"Fore, Aft, Port, Starboard","4""","8""","12""","17""",3,-2,1,"DP, Weak"
902,Light Guns (1 x 4-inch),"Fore, Aft, Port, Starboard","4""","8""","12""","17""",1,-2,1,"DP, Weak, Slow-Loading"
902,Port/Starboard Mk IX Torpedoes,"Port, Starboard","3""","6""","9""","12""",4,-,3,"Devastating, One-Shot"
902,AA Battery,"Fore, Aft, Port, Starboard",-,-,-,-,-,-,-,Local (1)
903,Light Guns (4 x 4.7-inch),"Fore, Aft, Port, Starboard","4""","8""","12""","17""",3,-2,1,"DP, Weak"
903,Light Guns (1 x 4-inch),"Fore, Aft, Port, Starboard","4""","8""","12""","17""",1,-2,1,"DP, Weak, Slow-Loading"
903,Port/Starboard Mk IX Torpedoes,"Port, Starboard","3""","6""","9""","12""",4,-,3,"Devastating, One-Shot"
903,AA Battery,"Fore, Aft, Port, Starboard",-,-,-,-,-,-,-,Local (1)
904,Light Guns (4 x 4.7-inch),"Fore, Aft, Port, Starboard","4""","8""","12""","17""",2,-2,1,Weak
904,Light Guns (1 x 4-inch),"Fore, Aft, Port, Starboard","4""","8""","12""","17""",1,-2,1,"DP, Slow-Loading, Weak"
904,Port/Starboard Mk IX Torpedoes,"Port, Starboard","3""","6""","9""","12""",4,-,3,"Devastating, One-Shot"
904,AA Battery,"Fore, Aft, Port, Starboard",-,-,-,-,-,-,-,Local (1)
905,Light Guns (4 x 4.7-inch),"Fore, Aft, Port, Starboard","4""","8""","12""","17""",2,-2,1,Weak
905,Port/Starboard Mk IX Torpedoes,"Port, Starboard","3""","6""","9""","12""",4,-,3,"Devastating, One-Shot"
905,Port/Starboard Mk IX Torpedoes,"Port, Starboard","3""","6""","9""","12""",4,-,3,"Devastating, One-Shot"
905,AA Battery,"Fore, Aft, Port, Starboard",-,-,-,-,-,-,-,Local (1)
906,Light Guns (4 x 4.7-inch),"Fore, Aft, Port, Starboard","4""","8""","12""","17""",2,-2,1,Weak
906,Light Guns (1 x 4-inch),"Fore, Aft, Port, Starboard","4""","8""","12""","17""",1,-2,1,"DP, Slow-Loading, Weak"
906,Port/Starboard Mk IX Torpedoes,"Port, Starboard","3""","6""","9""","12""",4,-,3,"Devastating, One-Shot"
906,AA Battery,"Fore, Aft, Port, Starboard",-,-,-,-,-,-,-,Local (1)
907,Light Guns (4 x 4.7-inch),"Fore, Aft, Port, Starboard","4""","8""","12""","17""",2,-2,1,"DP, Weak"
907,Port/Starboard Mk IX Torpedoes,"Port, Starboard","3""","6""","9""","12""",4,-,3,"Devastating, One-Shot"
907,Port/Starboard Mk IX Torpedoes,"Port, Starboard","3""","6""","9""","12""",4,-,3,"Devastating, One-Shot"
907,AA Battery,"Fore, Aft, Port, Starboard",-,-,-,-,-,-,-,Local (1)
908,Light Guns (4 x 4.7-inch),"Fore, Aft, Port, Starboard","4""","8""","12""","17""",2,-2,1,"DP, Weak"
908,Port/Starboard Mk IX Torpedoes,"Port, Starboard","3""","6""","9""","12""",4,-,3,"Devastating, One-Shot"
908,Port/Starboard Mk IX Torpedoes,"Port, Starboard","3""","6""","9""","12""",4,-,3,"Devastating, One-Shot"
908,AA Battery,"Fore, Aft, Port, Starboard",-,-,-,-,-,-,-,Local (1)
909,Light Guns (4 x 4.7-inch),"Fore, Aft, Port, Starboard","4""","8""","12""","17""",2,-2,1,"DP, Weak"
909,Port/Starboard Mk IX Torpedoes,"Port, Starboard","3""","6""","9""","12""",4,-,3,"Devastating, One-Shot"
909,Port/Starboard Mk IX Torpedoes,"Port, Starboard","3""","6""","9""","12""",4,-,3,"Devastating, One-Shot"
909,AA Battery,"Fore, Aft, Port, Starboard",-,-,-,-,-,-,-,Local (1)
910,Light Guns (4 x 4.7-inch),"Fore, Aft, Port, Starboard","4""","8""","12""","17""",2,-2,1,"DP, Weak"
910,Port/Starboard Mk IX Torpedoes,"Port, Starboard","3""","6""","9""","12""",4,-,3,"Devastating, One-Shot"
910,Port/Starboard Mk IX Torpedoes,"Port, Starboard","3""","6""","9""","12""",4,-,3,"Devastating, One-Shot"
910,AA Battery,"Fore, Aft, Port, Starboard",-,-,-,-,-,-,-,Local (1)
911,Light Guns (4 x 4.7-inch),"Fore, Aft, Port, Starboard","4""","8""","12""","17""",3,-2,1,Weak
911,Port/Starboard Mk IX Torpedoes,"Port, Starboard","3""","6""","9""","12""",4,-,3,"Devastating, One-Shot"
911,Port/Starboard Mk IX Torpedoes,"Port, Starboard","3""","6""","9""","12""",4,-,3,"Devastating, One-Shot"
911,AA Battery,"Fore, Aft, Port, Starboard",-,-,-,-,-,-,-,Local (1)
912,Light Guns (4 x 4.7-inch),"Fore, Aft, Port, Starboard","4""","8""","12""","17""",3,-2,1,Weak
912,Port/Starboard Mk IX Torpedoes,"Port, Starboard","3""","6""","9""","12""",4,-,3,"Devastating, One-Shot"
912,Port/Starboard Mk IX Torpedoes,"Port, Starboard","3""","6""","9""","12""",4,-,3,"Devastating, One-Shot"
912,AA Battery,"Fore, Aft, Port, Starboard",-,-,-,-,-,-,-,Local (3)
913,A Light Guns (2 x 4.5-inch),"Fore, Aft, Port, Starboard","5""","10""","15""","21""",1,-1,1,"DP, Weak"
913,Y Light Guns (2 x 4.5-inch),"Fore, Aft, Port, Starboard","5""","10""","15""","21""",1,-1,1,Weak
913,Port/Starboard Mk IX Torpedoes,"Port, Starboard","3""","6""","9""","12""",4,-,3,"Devastating, One-Shot"
913,Port/Starboard Mk IX Torpedoes,"Port, Starboard","3""","6""","9""","12""",4,-,3,"Devastating, One-Shot"
913,AA Battery,"Fore, Aft, Port, Starboard",-,-,-,-,-,-,-,Local (1)
914,Light Guns (4 x 4.7-inch),"Fore, Aft, Port, Starboard","4""","8""","12""","17""",3,-2,1,Weak
914,Port/Starboard Mk IX Torpedoes,"Port, Starboard","3""","6""","9""","12""",4,-,3,"Devastating, One-Shot"
914,Port/Starboard Mk IX Torpedoes,"Port, Starboard","3""","6""","9""","12""",4,-,3,"Devastating, One-Shot"
914,AA Battery,"Fore, Aft, Port, Starboard",-,-,-,-,-,-,-,Local (1)
915,Light Guns (5 x 4.7-inch),"Fore, Aft, Port, Starboard","4""","8""","12""","16""",2,-2,1,Weak
915,Port/Starboard Mk IV Torpedoes,"Port, Starboard","2""","5""","7""","10""",3,-,2,"Devastating, One-Shot"
915,Port/Starboard Mk IV Torpedoes,"Port, Starboard","2""","5""","7""","10""",3,-,2,"Devastating, One-Shot"
915,AA Battery,"Fore, Aft, Port, Starboard",-,-,-,-,-,-,-,Local (1)
916,Light Guns (3 x 4.7-inch),"Fore, Aft, Port, Starboard","4""","8""","12""","16""",1,-2,1,Weak
916,Port/Starboard Mk IV Torpedoes,"Port, Starboard","2""","5""","7""","10""",3,-,2,"Devastating, One-Shot"
916,Port/Starboard Mk IV Torpedoes,"Port, Starboard","2""","5""","7""","10""",3,-,2,"Devastating, One-Shot"
916,AA Battery,"Fore, Aft, Port, Starboard",-,-,-,-,-,-,-,Local (1)
917,Light Guns (3 x 4.7-inch),"Fore, Aft, Port, Starboard","4""","8""","12""","16""",1,-2,1,Weak
917,Port/Starboard Mk IV Torpedoes,"Port, Starboard","2""","5""","7""","10""",3,-,2,"Devastating, One-Shot"
917,Port/Starboard Mk IV Torpedoes,"Port, Starboard","2""","5""","7""","10""",3,-,2,"Devastating, One-Shot"
917,AA Battery,"Fore, Aft, Port, Starboard","1""","2""","3""","5""",1,-,-,Local (1)
918,Light Guns (2 x 4.7-inch),"Fore, Aft, Port, Starboard","4""","8""","12""","16""",1,-2,1,Weak
918,Port/Starboard Mk IV Torpedoes,"Port, Starboard","2""","5""","7""","10""",3,-,2,"Devastating, One-Shot"
918,AA Battery,"Fore, Aft, Port, Starboard",-,-,-,-,-,-,-,Local (1)
919,Light Guns (5 x 4.7-inch),"Fore, Aft, Port, Starboard","4""","8""","12""","16""",2,-2,1,Weak
919,Port/Starboard Mk IV Torpedoes,"Port, Starboard","2""","5""","7""","10""",3,-,2,"Devastating, One-Shot"
919,Port/Starboard Mk IV Torpedoes,"Port, Starboard","2""","5""","7""","10""",3,-,2,"Devastating, One-Shot"
919,AA Battery,"Fore, Aft, Port, Starboard",-,-,-,-,-,-,-,Local (1)
920,Light Guns (3 x 4.7-inch),"Fore, Aft, Port, Starboard","4""","8""","12""","16""",1,-2,1,Weak
920,Port/Starboard Mk IV Torpedoes,"Port, Starboard","2""","5""","7""","10""",3,-,2,"Devastating, One-Shot"
920,AA Battery,"Fore, Aft, Port, Starboard",-,-,-,-,-,-,-,Local (1)
921,Light Guns (3 x 4.7-inch),"Fore, Aft, Port, Starboard","4""","8""","12""","16""",1,-2,1,Weak
921,Port/Starboard Mk IV Torpedoes,"Port, Starboard","2""","5""","7""","10""",3,-,2,"Devastating, One-Shot"
921,AA Battery,"Fore, Aft, Port, Starboard","1""","2""","3""","5""",1,-,-,Local (1)
922,Light Guns (2 x 4.7-inch),"Fore, Aft, Port, Starboard","4""","8""","12""","16""",1,-2,1,Weak
922,Port/Starboard Mk IV Torpedoes,"Port, Starboard","2""","5""","7""","10""",3,-,2,"Devastating, One-Shot"
922,AA Battery,"Fore, Aft, Port, Starboard",-,-,-,-,-,-,-,Local (1)
923,Light Guns (2 x 4.7-inch),"Fore, Aft, Port, Starboard","4""","8""","12""","16""",1,-2,1,Weak
923,Port/Starboard Mk IV Torpedoes,"Port, Starboard","2""","5""","7""","10""",3,-,2,"Devastating, One-Shot"
923,AA Battery,"Fore, Aft, Port, Starboard",-,-,-,-,-,-,-,Local (1)
924,Light Guns (3 x 4.7-inch),"Fore, Aft, Port, Starboard","4""","8""","12""","16""",1,-2,1,Weak
924,Port/Starboard Mk IV Torpedoes,"Port, Starboard","2""","5""","7""","10""",3,-,2,"Devastating, One-Shot"
924,Port/Starboard Mk IV Torpedoes,"Port, Starboard","2""","5""","7""","10""",3,-,2,"Devastating, One-Shot"
924,AA Battery,"Fore, Aft, Port, Starboard",-,-,-,-,-,-,-,Local (1)
925,Light Guns (3 x 4.7-inch),"Fore, Aft, Port, Starboard","4""","8""","12""","16""",1,-2,1,Weak
925,Port/Starboard Mk IV Torpedoes,"Port, Starboard","2""","5""","7""","10""",3,-,2,"Devastating, One-Shot"
925,Port/Starboard Mk IV Torpedoes,"Port, Starboard","2""","5""","7""","10""",3,-,2,"Devastating, One-Shot"
925,AA Battery,"Fore, Aft, Port, Starboard","1""","2""","3""","5""",1,-,-,Local (1)
926,Light Guns (5 x 4.7-inch),"Fore, Aft, Port, Starboard","4""","8""","12""","16""",2,-2,1,Weak
926,Port/Starboard Mk IV Torpedoes,"Port, Starboard","2""","5""","7""","10""",3,-,2,"Devastating, One-Shot"
926,Port/Starboard Mk IV Torpedoes,"Port, Starboard","2""","5""","7""","10""",3,-,2,"Devastating, One-Shot"
926,AA Battery,"Fore, Aft, Port, Starboard",-,-,-,-,-,-,-,Local (1)
927,Light Guns (3 x 4.7-inch),"Fore, Aft, Port, Starboard","4""","8""","12""","16""",1,-2,1,Weak
927,Port/Starboard Mk IV Torpedoes,"Port, Starboard","2""","5""","7""","10""",3,-,2,"Devastating, One-Shot"
927,Port/Starboard Mk IV Torpedoes,"Port, Starboard","2""","5""","7""","10""",3,-,2,"Devastating, One-Shot"
927,AA Battery,"Fore, Aft, Port, Starboard",-,-,-,-,-,-,-,Local (1)
928,Light Guns (3 x 4.7-inch),"Fore, Aft, Port, Starboard","4""","8""","12""","16""",1,-2,1,Weak
928,Port/Starboard Mk IV Torpedoes,"Port, Starboard","2""","5""","7""","10""",3,-,2,"Devastating, One-Shot"
928,Port/Starboard Mk IV Torpedoes,"Port, Starboard","2""","5""","7""","10""",3,-,2,"Devastating, One-Shot"
928,AA Battery,"Fore, Aft, Port, Starboard",-,-,-,-,-,-,-,Local (1)
929,Light Guns (3 x 4.7-inch),"Fore, Aft, Port, Starboard","4""","8""","12""","16""",1,-2,1,Weak
929,Port/Starboard Mk IV Torpedoes,"Port, Starboard","2""","5""","7""","10""",3,-,2,"Devastating, One-Shot"
929,Port/Starboard Mk IV Torpedoes,"Port, Starboard","2""","5""","7""","10""",3,-,2,"Devastating, One-Shot"
929,AA Battery,"Fore, Aft, Port, Starboard",-,-,-,-,-,-,-,Local (1)
930,Light Guns (5 x 4.7-inch),"Fore, Aft, Port, Starboard","4""","8""","12""","16""",2,-2,1,Weak
930,Port/Starboard Mk IV Torpedoes,"Port, Starboard","2""","5""","7""","10""",3,-,2,"Devastating, One-Shot"
930,Port/Starboard Mk IV Torpedoes,"Port, Starboard","2""","5""","7""","10""",3,-,2,"Devastating, One-Shot"
930,AA Battery,"Fore, Aft, Port, Starboard",-,-,-,-,-,-,-,Local (1)
931,Light Guns (4 x 4-inch),"Fore, Aft, Port, Starboard","5""","10""","15""","20""",2,-2,1,"DP, Weak"
931,AA Battery,"Fore, Aft, Port, Starboard",-,-,-,-,-,-,-,Local (1)
932,Light Guns (4 x 4-inch),"Fore, Aft, Port, Starboard","5""","10""","15""","20""",2,-2,1,"DP, Weak"
932,AA Battery,"Fore, Aft, Port, Starboard",-,-,-,-,-,-,-,Local (1)
933,Light Guns (4 x 4-inch),"Fore, Aft, Port, Starboard","5""","10""","15""","20""",2,-2,1,"DP, Weak"
933,AA Battery,"Fore, Aft, Port, Starboard",-,-,-,-,-,-,-,Local (2)
934,Light Guns (8 x 4.7-inch),"Fore, Aft, Port, Starboard","4""","8""","12""","17""",6,-2,1,Weak
934,Port/Starboard Mk 12 Torpedoes,"Port, Starboard","2""","5""","7""","10""",4,-,2,"Devastating, One-Shot"
934,Port/Starboard Mk 12 Torpedoes,"Port, Starboard","2""","5""","7""","10""",4,-,2,"Devastating, One-Shot"
934,AA Battery,"Fore, Aft, Port, Starboard",-,-,-,-,-,-,-,Local (1)
935,Light Guns (8 x 4.7-inch),"Fore, Aft, Port, Starboard","4""","8""","12""","17""",3,-2,1,Weak
935,Light Guns (2 x 4.-inch),"Fore, Aft, Port, Starboard","5""","10""","15""","20""",2,-2,1,"DP, Weak"
935,Port/Starboard Mk 12 Torpedoes,"Port, Starboard","2""","5""","7""","10""",4,-,2,"Devastating, One-Shot"
935,Port/Starboard Mk 12 Torpedoes,"Port, Starboard","2""","5""","7""","10""",4,-,2,"Devastating, One-Shot"
935,AA Battery,"Fore, Aft, Port, Starboard",-,-,-,-,-,-,-,Local (1)
936,Light Guns (8 x 4.7-inch),"Fore, Aft, Port, Starboard","4""","8""","12""","17""",3,-2,1,Weak
936,Light Guns (2 x 4.-inch),"Fore, Aft, Port, Starboard","5""","10""","15""","20""",2,-2,1,"DP, Weak"
936,Port/Starboard Mk 12 Torpedoes,"Port, Starboard","2""","5""","7""","10""",4,-,2,"Devastating, One-Shot"
936,Port/Starboard Mk 12 Torpedoes,"Port, Starboard","2""","5""","7""","10""",4,-,2,"Devastating, One-Shot"
936,AA Battery,"Fore, Aft, Port, Starboard",-,-,-,-,-,-,-,Local (2)
937,Light Guns (8 x 4.7-inch),"Fore, Aft, Port, Starboard","4""","8""","12""","17""",3,-2,1,Weak
937,Light Guns (2 x 4.-inch),"Fore, Aft, Port, Starboard","5""","10""","15""","20""",2,-2,1,"DP, Weak"
937,Port/Starboard Mk 12 Torpedoes,"Port, Starboard","2""","5""","7""","10""",4,-,2,"Devastating, One-Shot"
937,Port/Starboard Mk 12 Torpedoes,"Port, Starboard","2""","5""","7""","10""",4,-,2,"Devastating, One-Shot"
937,AA Battery,"Fore, Aft, Port, Starboard",-,-,-,-,-,-,-,Local (1)
938,Light Guns (8 x 4.7-inch),"Fore, Aft, Port, Starboard","4""","8""","12""","17""",3,-2,1,Weak
938,Light Guns (2 x 4.-inch),"Fore, Aft, Port, Starboard","5""","10""","15""","20""",2,-2,1,"DP, Weak"
938,Port/Starboard Mk 12 Torpedoes,"Port, Starboard","2""","5""","7""","10""",4,-,2,"Devastating, One-Shot"
938,Port/Starboard Mk 12 Torpedoes,"Port, Starboard","2""","5""","7""","10""",4,-,2,"Devastating, One-Shot"
938,AA Battery,"Fore, Aft, Port, Starboard",-,-,-,-,-,-,-,Local (1)
939,Light Guns (8 x 4.7-inch),"Fore, Aft, Port, Starboard","4""","8""","12""","17""",3,-2,1,Weak
939,Light Guns (2 x 4.-inch),"Fore, Aft, Port, Starboard","5""","10""","15""","20""",2,-2,1,"DP, Weak"
939,Port/Starboard Mk 12 Torpedoes,"Port, Starboard","2""","5""","7""","10""",4,-,2,"Devastating, One-Shot"
939,Port/Starboard Mk 12 Torpedoes,"Port, Starboard","2""","5""","7""","10""",4,-,2,"Devastating, One-Shot"
939,AA Battery,"Fore, Aft, Port, Starboard",-,-,-,-,-,-,-,Local (1)
940,Light Guns (8 x 4.7-inch),"Fore, Aft, Port, Starboard","4""","8""","12""","17""",3,-2,1,Weak
940,Light Guns (2 x 4.-inch),"Fore, Aft, Port, Starboard","5""","10""","15""","20""",2,-2,1,"DP, Weak"
940,Port/Starboard Mk 12 Torpedoes,"Port, Starboard","2""","5""","7""","10""",4,-,2,"Devastating, One-Shot"
940,Port/Starboard Mk 12 Torpedoes,"Port, Starboard","2""","5""","7""","10""",4,-,2,"Devastating, One-Shot"
940,AA Battery,"Fore, Aft, Port, Starboard",-,-,-,-,-,-,-,Local (2)
941,Light Guns (8 x 4.7-inch),"Fore, Aft, Port, Starboard","4""","8""","12""","17""",3,-2,1,Weak
941,Light Guns (2 x 4.-inch),"Fore, Aft, Port, Starboard","5""","10""","15""","20""",2,-2,1,"DP, Weak"
941,Port/Starboard Mk 12 Torpedoes,"Port, Starboard","2""","5""","7""","10""",4,-,2,"Devastating, One-Shot"
941,Port/Starboard Mk 12 Torpedoes,"Port, Starboard","2""","5""","7""","10""",4,-,2,"Devastating, One-Shot"
941,AA Battery,"Fore, Aft, Port, Starboard",-,-,-,-,-,-,-,Local (1)
942,Light Guns (8 x 4.7-inch),"Fore, Aft, Port, Starboard","4""","8""","12""","17""",3,-2,1,Weak
942,Light Guns (2 x 4.-inch),"Fore, Aft, Port, Starboard","5""","10""","15""","20""",2,-2,1,"DP, Weak"
942,Port/Starboard Mk 12 Torpedoes,"Port, Starboard","2""","5""","7""","10""",4,-,2,"Devastating, One-Shot"
942,Port/Starboard Mk 12 Torpedoes,"Port, Starboard","2""","5""","7""","10""",4,-,2,"Devastating, One-Shot"
942,AA Battery,"Fore, Aft, Port, Starboard","1""","2""","3""","5""",1,-,-,Local (1)
943,A Turret (2 x 15-inch),"Fore, Port, Starboard","7""","15""","22""","30""",2,2,3,-
943,Light Guns (6 x 4-inch),"Fore, Aft, Port, Starboard","4""","8""","12""","17""",4,-2,1,"DP, Restricted, Weak"
943,AA Battery,"Fore, Aft, Port, Starboard",-,-,-,-,-,-,-,Local (1)
944,A Turret (2 x 15-inch),"Fore, Port, Starboard","7""","15""","22""","30""",2,2,3,-
944,Light Guns (6 x 4-inch),"Fore, Aft, Port, Starboard","4""","8""","12""","17""",4,-2,1,"DP, Restricted, Weak"
944,AA Battery,"Fore, Aft, Port, Starboard",-,-,-,-,-,-,-,Local (3)
945,A Turret (2 x 15-inch),"Fore, Port, Starboard","7""","15""","22""","30""",2,2,3,-
945,Light Guns (6 x 4-inch),"Fore, Aft, Port, Starboard","4""","8""","12""","17""",4,-2,1,"DP, Restricted, Weak"
945,AA Battery,"Fore, Aft, Port, Starboard",-,-,-,-,-,-,-,Local (4)
946,A Turret (2 x 15-inch),"Fore, Port, Starboard","7""","15""","22""","30""",2,2,3,-
946,Light Guns (6 x 4-inch),"Fore, Aft, Port, Starboard","4""","8""","12""","17""",4,-2,1,"DP, Restricted, Weak"
946,AA Battery,"Fore, Aft, Port, Starboard",-,-,-,-,-,-,-,Local (4)
947,A Turret (2 x 15-inch),"Fore, Port, Starboard","7""","15""","22""","30""",2,2,3,-
947,Light Guns (6 x 4-inch),"Fore, Aft, Port, Starboard","4""","8""","12""","17""",4,-2,1,"DP, Restricted, Weak"
947,AA Battery,"Fore, Aft, Port, Starboard",-,-,-,-,-,-,-,Local (1)
948,Light Guns (1 x 4-inch),"Fore, Port, Starboard","3""","7""","10""","14""",1,-2,1,"Weak, Slow-Loading"
948,AA Battery,"Fore, Aft, Port, Starboard",-,-,-,-,-,-,-,Local (1)
949,Light Guns (1 x 4-inch),"Fore, Port, Starboard","3""","7""","10""","14""",1,-2,1,"Weak, Slow-Loading"
949,AA Battery,"Fore, Aft, Port, Starboard",-,-,-,-,-,-,-,Local (1)
950,Light Guns (1 x 4-inch),"Fore, Port, Starboard","3""","7""","10""","14""",1,-2,1,"Weak, Slow-Loading"
950,AA Battery,"Fore, Aft, Port, Starboard",-,-,-,-,-,-,-,Local (1)
951,Light Guns (1 x 4-inch),"Fore, Port, Starboard","3""","7""","10""","14""",1,-2,1,"Weak, Slow-Loading"
951,AA Battery,"Fore, Aft, Port, Starboard",-,-,-,-,-,-,-,Local (1)
952,A Turret (2 x 15-inch),"Fore, Port, Starboard","8""","16""","24""","32""",2,2,3,-
952,Light Guns (8 x 4-inch),"Fore, Aft, Port, Starboard","5""","10""","15""","20""",4,-2,1,"DP, Restricted, Weak"
952,AA Battery,"Fore, Aft, Port, Starboard",-,-,-,-,-,-,-,Local (4)
953,A Turret (2 x 15-inch),"Fore, Port, Starboard","8""","16""","24""","32""",2,2,3,-
953,Light Guns (8 x 4-inch),"Fore, Aft, Port, Starboard","5""","10""","15""","20""",4,-2,1,"DP, Restricted, Weak"
953,AA Battery,"Fore, Aft, Port, Starboard","1""","2""","3""","5""",2,-,-,Local (4)
954,A Turret (2 x 15-inch),"Fore, Port, Starboard","8""","16""","24""","32""",2,2,3,-
954,Light Guns (8 x 4-inch),"Fore, Aft, Port, Starboard","5""","10""","15""","20""",4,-2,1,"DP, Restricted, Weak"
954,AA Battery,"Fore, Aft, Port, Starboard",-,-,-,-,-,-,-,Local (4)
955,A Turret (2 x 15-inch),"Fore, Port, Starboard","8""","16""","24""","32""",2,2,3,-
955,Light Guns (8 x 4-inch),"Fore, Aft, Port, Starboard","5""","10""","15""","20""",4,-2,1,"DP, Restricted, Weak"
955,AA Battery,"Fore, Aft, Port, Starboard",-,-,-,-,-,-,-,Local (5)
956,A Turret (2 x 8-inch),"Fore, Port, Starboard","7""","15""","23""","31""",2,-,1,-
956,B Turret (2 x 8-inch),"Fore, Port, Starboard","7""","15""","23""","31""",2,-,1,-
956,X Turret (2 x 8-inch),"Aft, Port, Starboard","7""","15""","23""","31""",2,-,1,-
956,Y Turret (2 x 8-inch),"Aft, Port, Starboard","7""","15""","23""","31""",2,-,1,-
956,Light Guns (8 x 4-inch),"Fore, Aft, Port, Starboard","5""","10""","15""","20""",4,-2,1,"DP, Restricted, Weak"
956,Port Mk VII Torpedoes,Port,"4""","8""","12""","16""",4,-,3,"Devastating, One-Shot"
956,Starboard Mk VII Torpedoes,Starboard,"4""","8""","12""","16""",4,-,3,"Devastating, One-Shot"
956,AA Battery,"Fore, Aft, Port, Starboard",-,-,-,-,-,-,-,Local (3)
957,Light Guns (1 x 5-inch),"Aft, Port, Starboard","2""","4""","6""","8""",1,-2,1,Weak
957,AA Battery,"Fore, Aft, Port, Starboard",-,-,-,-,-,-,-,Local (1)
958,Light Guns (1 x 5-inch),"Aft, Port, Starboard","4""","9""","13""","18""",1,-2,1,Weak
958,AA Battery,"Fore, Aft, Port, Starboard","1""","3""","4""","6""",1,-,-,Local (1)
959,Light Guns (1 x 5-inch),"Aft, Port, Starboard","4""","9""","13""","18""",1,-2,1,Weak
959,AA Battery,"Fore, Aft, Port, Starboard","1""","3""","4""","6""",2,-,-,Local (1)
960,Light Guns (8 x 6-inch),"Fore, Aft, Port, Starboard","3""","6""","9""","13""",6,-2,1,"Restricted, Weak"
960,AA Battery,"Fore, Aft, Port, Starboard",-,-,-,-,-,-,-,Local (1)
961,Light Guns (1 x 5-inch),"Aft, Port, Starboard","4""","9""","13""","18""",1,-2,1,"DP, Slow-Loading, Weak"
961,AA Battery,"Fore, Aft, Port, Starboard","1""","3""","4""","6""",1,-,-,Local (1)
962,Light Guns (1 x 4-inch),"Aft, Port, Starboard","3""","6""","9""","12""",1,-2,1,"Weak, Slow-Loading"
962,AA Battery,"Fore, Aft, Port, Starboard",-,-,-,-,-,-,-,Local (1)
963,Light Guns (1 x 5-inch),"Aft, Port, Starboard","4""","8""","12""","16""",1,-2,1,"Weak, Slow-Loading"
963,AA Battery,"Fore, Aft, Port, Starboard",-,-,-,-,-,-,-,Local (1)
964,Light Guns (1 x 5-inch),"Aft, Port, Starboard","4""","9""","13""","18""",1,-2,1,"DP, Slow-Loading, Weak"
964,AA Battery,"Fore, Aft, Port, Starboard","1""","3""","4""","6""",1,-,-,Local (1)
965,Light Guns (1 x 5-inch),"Aft, Port, Starboard","4""","9""","13""","18""",1,-2,1,"DP, Slow-Loading, Weak"
965,AA Battery,"Fore, Aft, Port, Starboard","1""","3""","4""","6""",3,-,-,Local (1)
966,Light Guns (1 x 5-inch),"Aft, Port, Starboard","4""","9""","13""","18""",1,-2,1,"DP, Slow-Loading, Weak"
966,AA Battery,"Fore, Aft, Port, Starboard","1""","3""","4""","6""",1,-,-,Local (1)
967,Light Guns (1 x 5-inch),"Aft, Port, Starboard","4""","9""","13""","18""",1,-2,1,"DP, Slow-Loading, Weak"
967,AA Battery,"Fore, Aft, Port, Starboard","1""","3""","4""","6""",2,-,-,Local (1)
968,Light Guns (4 x 4.7-inch),"Fore, Aft, Port, Starboard","4""","8""","12""","16""",2,-2,1,"Restricted, Weak"
968,AA Battery,"Fore, Aft, Port, Starboard",-,-,-,-,-,-,-,Local (1)
969,Light Guns (1 x 4-inch),"Aft, Port, Starboard","3""","6""","9""","12""",1,-2,1,"Weak, Slow-Loading"
969,AA Battery,"Fore, Aft, Port, Starboard",-,-,-,-,-,-,-,Local (0)
970,Light Guns (1 x 4-inch),"Aft, Port, Starboard","3""","6""","9""","12""",1,-2,1,"Weak, Slow-Loading"
970,AA Battery,"Fore, Aft, Port, Starboard",-,-,-,-,-,-,-,Local (1)
971,Light Guns (1 x 5-inch),"Aft, Port, Starboard","4""","9""","13""","18""",1,-2,1,"DP, Slow-Loading, Weak"
971,AA Battery,"Fore, Aft, Port, Starboard","1""","3""","4""","6""",1,-,-,Local (1)
972,Light Guns (1 x 3-inch),"Fore, Aft, Port, Starboard","3""","7""","10""","14""",1,-2,1,"Slow-Loading, Weak"
972,Forward Mk 14 Torpedoes,Fore,"1""","3""","4""","6""",6,-,2,"Devastating, Slow-Loading"
972,Aft Mk 14 Torpedoes,"Fore, Aft, Port, Starboard","1""","3""","4""","6""",6,-,2,"Devastating, Slow-Loading"
972,AA Battery,"Fore, Aft, Port, Starboard",-,-,-,-,-,-,-,Local (1)
973,Light Guns (1 x 3-inch),"Fore, Aft, Port, Starboard","3""","7""","10""","14""",1,-2,1,"Slow-Loading, Weak"
973,Forward Mk 14 Torpedoes,Fore,"1""","3""","4""","6""",6,-,2,"Devastating, Slow-Loading"
973,Aft Mk 14 Torpedoes,"Fore, Aft, Port, Starboard","1""","3""","4""","6""",6,-,2,"Devastating, Slow-Loading"
973,AA Battery,"Fore, Aft, Port, Starboard",-,-,-,-,-,-,-,Local (1)
974,Light Guns (1 x 3-inch),"Fore, Aft, Port, Starboard","3""","7""","10""","14""",1,-2,1,"Slow-Loading, Weak"
974,Forward Mk 24 Torpedoes,Fore,"1""","2""","3""","4""",6,-,3,"Devastating, Slow-Loading"
974,Aft Mk 24 Torpedoes,"Fore, Aft, Port, Starboard","1""","2""","3""","4""",6,-,3,"Devastating, Slow-Loading"
974,AA Battery,"Fore, Aft, Port, Starboard",-,-,-,-,-,-,-,Local (1)
975,Light Guns (1 x 3-inch),"Fore, Aft, Port, Starboard","3""","7""","10""","14""",1,-2,1,"Slow-Loading, Weak"
975,Forward Mk 18 Torpedoes,Fore,"1""","3""","4""","6""",6,-,2,"Devastating, Slow-Loading, Wakeless"
975,Aft Mk 18 Torpedoes,"Fore, Aft, Port, Starboard","1""","2""","3""","4""",6,-,3,"Devastating, Slow-Loading, Wakeless"
975,AA Battery,"Fore, Aft, Port, Starboard",-,-,-,-,-,-,-,Local (1)
976,A Turret (2 x 16-inch),"Fore, Port, Starboard","8""","17""","24""","34""",2,2,3,-
976,B Turret (2 x 16-inch),"Fore, Port, Starboard","8""","17""","24""","34""",2,2,3,-
976,X Turret (2 x 16-inch),"Aft, Port, Starboard","8""","17""","24""","34""",2,2,3,-
976,Y Turret (2 x 16-inch),"Aft, Port, Starboard","8""","17""","24""","34""",2,2,3,-
976,Light Guns (12 x 5-inch),"Fore, Aft, Port, Starboard","4""","8""","12""","16""",6,-2,1,"Restricted, Weak"
976,Light Guns (8 x 5-inch),"Fore, Aft, Port, Starboard","3""","7""","11""","15""",6,-2,1,"DP, Restricted, Weak"
976,AA Battery,"Fore, Aft, Port, Starboard",-,-,-,-,-,-,-,Local (1)
977,A Turret (2 x 16-inch),"Fore, Port, Starboard","8""","17""","24""","34""",2,2,3,-
977,B Turret (2 x 16-inch),"Fore, Port, Starboard","8""","17""","24""","34""",2,2,3,-
977,X Turret (2 x 16-inch),"Aft, Port, Starboard","8""","17""","24""","34""",2,2,3,-
977,Y Turret (2 x 16-inch),"Aft, Port, Starboard","8""","17""","24""","34""",2,2,3,-
977,Light Guns (12 x 5-inch),"Fore, Aft, Port, Starboard","4""","8""","12""","16""",6,-2,1,"Restricted, Weak"
977,Light Guns (8 x 5-inch),"Fore, Aft, Port, Starboard","3""","7""","11""","15""",6,-2,1,"DP, Restricted, Weak"
977,AA Battery,"Fore, Aft, Port, Starboard",-,-,-,-,-,-,-,Local (3)
978,A Turret (2 x 16-inch),"Fore, Port, Starboard","8""","17""","24""","34""",2,2,3,-
978,B Turret (2 x 16-inch),"Fore, Port, Starboard","8""","17""","24""","34""",2,2,3,-
978,X Turret (2 x 16-inch),"Aft, Port, Starboard","8""","17""","24""","34""",2,2,3,-
978,Y Turret (2 x 16-inch),"Aft, Port, Starboard","8""","17""","24""","34""",2,2,3,-
978,Light Guns (12 x 5-inch),"Fore, Aft, Port, Starboard","4""","8""","12""","16""",6,-2,1,"Restricted, Weak"
978,Light Guns (8 x 5-inch),"Fore, Aft, Port, Starboard","3""","7""","11""","15""",6,-2,1,"DP, Restricted, Weak"
978,AA Battery,"Fore, Aft, Port, Starboard",-,-,-,-,-,-,-,Local (3)
979,A Turret (2 x 16-inch),"Fore, Port, Starboard","8""","17""","24""","34""",2,2,3,-
979,B Turret (2 x 16-inch),"Fore, Port, Starboard","8""","17""","24""","34""",2,2,3,-
979,X Turret (2 x 16-inch),"Aft, Port, Starboard","8""","17""","24""","34""",2,2,3,-
979,Y Turret (2 x 16-inch),"Aft, Port, Starboard","8""","17""","24""","34""",2,2,3,-
979,Light Guns (12 x 5-inch),"Fore, Aft, Port, Starboard","4""","8""","12""","16""",6,-2,1,"Restricted, Weak"
979,Light Guns (8 x 5-inch),"Fore, Aft, Port, Starboard","3""","7""","11""","15""",4,-2,1,"DP, Restricted, Weak"
979,AA Battery,"Fore, Aft, Port, Starboard","1""","3""","5""","7""",7,-,-,Local (2)
980,A Turret (2 x 16-inch),"Fore, Port, Starboard","8""","17""","24""","34""",2,2,3,-
980,B Turret (2 x 16-inch),"Fore, Port, Starboard","8""","17""","24""","34""",2,2,3,-
980,X Turret (2 x 16-inch),"Aft, Port, Starboard","8""","17""","24""","34""",2,2,3,-
980,Y Turret (2 x 16-inch),"Aft, Port, Starboard","8""","17""","24""","34""",2,2,3,-
980,Light Guns (12 x 5-inch),"Fore, Aft, Port, Starboard","4""","8""","12""","16""",6,-2,1,"Restricted, Weak"
980,Light Guns (8 x 5-inch),"Fore, Aft, Port, Starboard","3""","7""","11""","15""",4,-2,1,"DP, Restricted, Weak"
980,AA Battery,"Fore, Aft, Port, Starboard","1""","3""","5""","7""",7,-,-,Local (4)
981,A Turret (2 x 16-inch),"Fore, Port, Starboard","8""","17""","24""","34""",2,2,3,-
981,B Turret (2 x 16-inch),"Fore, Port, Starboard","8""","17""","24""","34""",2,2,3,-
981,X Turret (2 x 16-inch),"Aft, Port, Starboard","8""","17""","24""","34""",2,2,3,-
981,Y Turret (2 x 16-inch),"Aft, Port, Starboard","8""","17""","24""","34""",2,2,3,-
981,Light Guns (12 x 5-inch),"Fore, Aft, Port, Starboard","4""","8""","12""","16""",6,-2,1,"Restricted, Weak"
981,Light Guns (8 x 5-inch),"Fore, Aft, Port, Starboard","3""","7""","11""","15""",6,-2,1,"DP, Restricted, Weak"
981,AA Battery,"Fore, Aft, Port, Starboard",-,-,-,-,-,-,-,Local (1)
982,A Turret (2 x 16-inch),"Fore, Port, Starboard","8""","17""","24""","34""",2,2,3,-
982,B Turret (2 x 16-inch),"Fore, Port, Starboard","8""","17""","24""","34""",2,2,3,-
982,X Turret (2 x 16-inch),"Aft, Port, Starboard","8""","17""","24""","34""",2,2,3,-
982,Y Turret (2 x 16-inch),"Aft, Port, Starboard","8""","17""","24""","34""",2,2,3,-
982,Light Guns (12 x 5-inch),"Fore, Aft, Port, Starboard","4""","8""","12""","16""",6,-2,1,"Restricted, Weak"
982,Light Guns (8 x 5-inch),"Fore, Aft, Port, Starboard","3""","7""","11""","15""",6,-2,1,"DP, Restricted, Weak"
982,AA Battery,"Fore, Aft, Port, Starboard",-,-,-,-,-,-,-,Local (1)
983,A Turret (2 x 16-inch),"Fore, Port, Starboard","8""","17""","24""","34""",2,2,3,-
983,B Turret (2 x 16-inch),"Fore, Port, Starboard","8""","17""","24""","34""",2,2,3,-
983,X Turret (2 x 16-inch),"Aft, Port, Starboard","8""","17""","24""","34""",2,2,3,-
983,Y Turret (2 x 16-inch),"Aft, Port, Starboard","8""","17""","24""","34""",2,2,3,-
983,Light Guns (12 x 5-inch),"Fore, Aft, Port, Starboard","4""","8""","12""","16""",6,-2,1,"Restricted, Weak"
983,Light Guns (8 x 5-inch),"Fore, Aft, Port, Starboard","3""","7""","11""","15""",6,-2,1,"DP, Restricted, Weak"
983,AA Battery,"Fore, Aft, Port, Starboard",-,-,-,-,-,-,-,Local (3)
984,A Turret (2 x 16-inch),"Fore, Port, Starboard","8""","17""","24""","34""",2,2,3,-
984,B Turret (2 x 16-inch),"Fore, Port, Starboard","8""","17""","24""","34""",2,2,3,-
984,X Turret (2 x 16-inch),"Aft, Port, Starboard","8""","17""","24""","34""",2,2,3,-
984,Y Turret (2 x 16-inch),"Aft, Port, Starboard","8""","17""","24""","34""",2,2,3,-
984,Light Guns (12 x 5-inch),"Fore, Aft, Port, Starboard","4""","8""","12""","16""",6,-2,1,"Restricted, Weak"
984,Light Guns (8 x 5-inch),"Fore, Aft, Port, Starboard","3""","7""","11""","15""",6,-2,1,"DP, Restricted, Weak"
984,AA Battery,"Fore, Aft, Port, Starboard",-,-,-,-,-,-,-,Local (5)
985,A Turret (2 x 16-inch),"Fore, Port, Starboard","8""","17""","24""","34""",2,2,3,-
985,B Turret (2 x 16-inch),"Fore, Port, Starboard","8""","17""","24""","34""",2,2,3,-
985,X Turret (2 x 16-inch),"Aft, Port, Starboard","8""","17""","24""","34""",2,2,3,-
985,Y Turret (2 x 16-inch),"Aft, Port, Starboard","8""","17""","24""","34""",2,2,3,-
985,Light Guns (12 x 5-inch),"Fore, Aft, Port, Starboard","4""","8""","12""","16""",6,-2,1,"Restricted, Weak"
985,Light Guns (8 x 5-inch),"Fore, Aft, Port, Starboard","3""","7""","11""","15""",4,-2,1,"DP, Restricted, Weak"
985,AA Battery,"Fore, Aft, Port, Starboard","1""","3""","5""","7""",7,-,-,Local (3)
986,A Turret (2 x 16-inch),"Fore, Port, Starboard","8""","17""","24""","34""",2,2,3,-
986,B Turret (2 x 16-inch),"Fore, Port, Starboard","8""","17""","24""","34""",2,2,3,-
986,X Turret (2 x 16-inch),"Aft, Port, Starboard","8""","17""","24""","34""",2,2,3,-
986,Y Turret (2 x 16-inch),"Aft, Port, Starboard","8""","17""","24""","34""",2,2,3,-
986,Starboard Mk 8 Mod Torpedoes,Starboard,"4""","8""","12""","16""",3,-,2,"Devastating, One-Shot"
986,AA Battery,"Fore, Aft, Port, Starboard","1""","3""","4""","6""",2,-,-,Local (1)
987,A Turret (2 x 16-inch),"Fore, Port, Starboard","8""","17""","24""","34""",2,2,3,-
987,B Turret (2 x 16-inch),"Fore, Port, Starboard","8""","17""","24""","34""",2,2,3,-
987,X Turret (2 x 16-inch),"Aft, Port, Starboard","8""","17""","24""","34""",2,2,3,-
987,Y Turret (2 x 16-inch),"Aft, Port, Starboard","8""","17""","24""","34""",2,2,3,-
987,Light Guns (12 x 5-inch),"Fore, Aft, Port, Starboard","4""","8""","12""","16""",6,-2,1,"Restricted, Weak"
987,Light Guns (8 x 5-inch),"Fore, Aft, Port, Starboard","3""","7""","11""","15""",6,-2,1,"DP, Restricted, Weak"
987,AA Battery,"Fore, Aft, Port, Starboard",-,-,-,-,-,-,-,Local (1)
988,A Turret (2 x 16-inch),"Fore, Port, Starboard","8""","17""","24""","34""",2,2,3,-
988,B Turret (2 x 16-inch),"Fore, Port, Starboard","8""","17""","24""","34""",2,2,3,-
988,X Turret (2 x 16-inch),"Aft, Port, Starboard","8""","17""","24""","34""",2,2,3,-
988,Y Turret (2 x 16-inch),"Aft, Port, Starboard","8""","17""","24""","34""",2,2,3,-
988,Light Guns (12 x 5-inch),"Fore, Aft, Port, Starboard","4""","8""","12""","16""",6,-2,1,"Restricted, Weak"
988,Light Guns (8 x 5-inch),"Fore, Aft, Port, Starboard","3""","7""","11""","15""",6,-2,1,"DP, Restricted, Weak"
988,AA Battery,"Fore, Aft, Port, Starboard","1""","3""","4""","6""",1,-,-,Local (1)
989,A Turret (2 x 16-inch),"Fore, Port, Starboard","8""","17""","24""","34""",2,2,3,-
989,B Turret (2 x 16-inch),"Fore, Port, Starboard","8""","17""","24""","34""",2,2,3,-
989,X Turret (2 x 16-inch),"Aft, Port, Starboard","8""","17""","24""","34""",2,2,3,-
989,Y Turret (2 x 16-inch),"Aft, Port, Starboard","8""","17""","24""","34""",2,2,3,-
989,Light Guns (16 x 5-inch),"Fore, Aft, Port, Starboard","4""","8""","12""","18""",10,-2,1,"DP, Restricted, Weak"
989,AA Battery,"Fore, Aft, Port, Starboard","1""","3""","4""","5""",8,-,-,Local (3)
990,A Turret (2 x 16-inch),"Fore, Port, Starboard","8""","17""","24""","34""",2,2,3,-
990,B Turret (2 x 16-inch),"Fore, Port, Starboard","8""","17""","24""","34""",2,2,3,-
990,X Turret (2 x 16-inch),"Aft, Port, Starboard","8""","17""","24""","34""",2,2,3,-
990,Y Turret (2 x 16-inch),"Aft, Port, Starboard","8""","17""","24""","34""",2,2,3,-
990,Light Guns (16 x 5-inch),"Fore, Aft, Port, Starboard","4""","8""","12""","18""",10,-2,1,"DP, Restricted, Weak"
990,AA Battery,"Fore, Aft, Port, Starboard","1""","3""","4""","5""",8,-,-,Local (4)
991,A Turret (3 x 16-inch),"Fore, Port, Starboard","10""","21""","31""","42""",3,2,3,Heavy
991,B Turret (3 x 16-inch),"Fore, Port, Starboard","10""","21""","31""","42""",3,2,3,Heavy
991,Y Turret (3 x 16-inch),"Aft, Port, Starboard","10""","21""","31""","42""",3,2,3,Heavy
991,Light Guns (20 x 5-inch),"Fore, Aft, Port, Starboard","4""","9""","13""","18""",14,-2,1,"DP, Restricted, Weak"
991,AA Battery,"Fore, Aft, Port, Starboard","1""","2""","3""","5""",12,-,-,Local (4)
992,A Turret (3 x 16-inch),"Fore, Port, Starboard","10""","21""","31""","42""",3,2,3,Heavy
992,B Turret (3 x 16-inch),"Fore, Port, Starboard","10""","21""","31""","42""",3,2,3,Heavy
992,Y Turret (3 x 16-inch),"Aft, Port, Starboard","10""","21""","31""","42""",3,2,3,Heavy
992,Light Guns (20 x 5-inch),"Fore, Aft, Port, Starboard","4""","9""","13""","18""",14,-2,1,"DP, Restricted, Weak"
992,AA Battery,"Fore, Aft, Port, Starboard","1""","2""","3""","5""",15,-,-,Local (3)
993,A Turret (3 x 16-inch),"Fore, Port, Starboard","10""","21""","31""","42""",3,2,3,Heavy
993,B Turret (3 x 16-inch),"Fore, Port, Starboard","10""","21""","31""","42""",3,2,3,Heavy
993,Y Turret (3 x 16-inch),"Aft, Port, Starboard","10""","21""","31""","42""",3,2,3,Heavy
993,Light Guns (20 x 5-inch),"Fore, Aft, Port, Starboard","4""","9""","13""","18""",14,-2,1,"DP, Restricted, Weak"
993,AA Battery,"Fore, Aft, Port, Starboard","1""","2""","3""","5""",15,-,-,Local (5)
994,A Turret (3 x 16-inch),"Fore, Port, Starboard","10""","21""","31""","42""",3,2,3,Heavy
994,B Turret (3 x 16-inch),"Fore, Port, Starboard","10""","21""","31""","42""",3,2,3,Heavy
994,Y Turret (3 x 16-inch),"Aft, Port, Starboard","10""","21""","31""","42""",3,2,3,Heavy
994,Light Guns (20 x 5-inch),"Fore, Aft, Port, Starboard","4""","9""","13""","18""",14,-2,1,"DP, Restricted, Weak"
994,AA Battery,"Fore, Aft, Port, Starboard","1""","2""","3""","5""",16,-,-,Local (3)
995,A Turret (3 x 16-inch),"Fore, Port, Starboard","10""","21""","31""","42""",3,2,3,Heavy
995,B Turret (3 x 16-inch),"Fore, Port, Starboard","10""","21""","31""","42""",3,2,3,Heavy
995,Y Turret (3 x 16-inch),"Aft, Port, Starboard","10""","21""","31""","42""",3,2,3,Heavy
995,Light Guns (20 x 5-inch),"Fore, Aft, Port, Starboard","4""","9""","13""","18""",14,-2,1,"DP, Restricted, Weak"
995,AA Battery,"Fore, Aft, Port, Starboard","1""","2""","3""","5""",16,-,-,Local (4)
996,A Turret (3 x 16-inch),"Fore, Port, Starboard","10""","21""","31""","42""",3,2,3,Heavy
996,B Turret (3 x 16-inch),"Fore, Port, Starboard","10""","21""","31""","42""",3,2,3,Heavy
996,Y Turret (3 x 16-inch),"Aft, Port, Starboard","10""","21""","31""","42""",3,2,3,Heavy
996,Light Guns (20 x 5-inch),"Fore, Aft, Port, Starboard","4""","9""","13""","18""",14,-2,1,"DP, Restricted, Weak"
996,AA Battery,"Fore, Aft, Port, Starboard","1""","2""","3""","5""",16,-,-,Local (3)
997,A Turret (3 x 16-inch),"Fore, Port, Starboard","10""","21""","31""","42""",3,2,3,Heavy
997,B Turret (3 x 16-inch),"Fore, Port, Starboard","10""","21""","31""","42""",3,2,3,Heavy
997,Y Turret (3 x 16-inch),"Aft, Port, Starboard","10""","21""","31""","42""",3,2,3,Heavy
997,Light Guns (20 x 5-inch),"Fore, Aft, Port, Starboard","4""","9""","13""","18""",14,-2,1,"DP, Restricted, Weak"
997,AA Battery,"Fore, Aft, Port, Starboard","1""","2""","3""","5""",16,-,-,Local (4)
998,A Turret (3 x 16-inch),"Fore, Port, Starboard","10""","21""","31""","42""",3,2,3,Heavy
998,B Turret (3 x 16-inch),"Fore, Port, Starboard","10""","21""","31""","42""",3,2,3,Heavy
998,Y Turret (3 x 16-inch),"Aft, Port, Starboard","10""","21""","31""","42""",3,2,3,Heavy
998,Light Guns (20 x 5-inch),"Fore, Aft, Port, Starboard","4""","9""","13""","18""",14,-2,1,"DP, Restricted, Weak"
998,AA Battery,"Fore, Aft, Port, Starboard","1""","2""","3""","5""",16,-,-,Local (4)
999,A Turret (3 x 16-inch),"Fore, Port, Starboard","10""","21""","31""","42""",3,2,3,Heavy
999,B Turret (3 x 16-inch),"Fore, Port, Starboard","10""","21""","31""","42""",3,2,3,Heavy
999,X Turret (3 x 16-inch),"Aft, Port, Starboard","10""","21""","31""","42""",3,2,3,Heavy
999,Y Turret (3 x 16-inch),"Aft, Port, Starboard","10""","21""","31""","42""",3,2,3,Heavy
999,Light Guns (20 x 5-inch),"Fore, Aft, Port, Starboard","6""","13""","19""","26""",18,-2,1,"DP, Restricted, Weak"
999,AA Battery,"Fore, Aft, Port, Starboard","1""","2""","3""","5""",15,-,-,Local (3)
1000,A Turret (3 x 14-inch),"Fore, Port, Starboard","9""","18""","27""","37""",3,2,3,-
1000,B Turret (3 x 14-inch),"Fore, Port, Starboard","9""","18""","27""","37""",3,2,3,-
1000,X Turret (3 x 14-inch),"Aft, Port, Starboard","9""","18""","27""","37""",3,2,3,-
1000,Y Turret (3 x 14-inch),"Aft, Port, Starboard","9""","18""","27""","37""",3,2,3,-
1000,Light Guns (12 x 5-inch),"Fore, Aft, Port, Starboard","4""","8""","12""","16""",6,-2,1,"Restricted, Weak"
1000,Light Guns (8 x 5-inch),"Fore, Aft, Port, Starboard","3""","7""","11""","15""",6,-2,1,"DP, Restricted, Weak"
1000,AA Battery,"Fore, Aft, Port, Starboard",-,-,-,-,-,-,-,Local (1)
1001,A Turret (3 x 14-inch),"Fore, Port, Starboard","9""","18""","27""","37""",3,2,3,-
1001,B Turret (3 x 14-inch),"Fore, Port, Starboard","9""","18""","27""","37""",3,2,3,-
1001,X Turret (3 x 14-inch),"Aft, Port, Starboard","9""","18""","27""","37""",3,2,3,-
1001,Y Turret (3 x 14-inch),"Aft, Port, Starboard","9""","18""","27""","37""",3,2,3,-
1001,Light Guns (16 x 5-inch),"Fore, Aft, Port, Starboard","4""","8""","12""","18""",10,-2,1,"DP, Restricted, Weak"
1001,AA Battery,"Fore, Aft, Port, Starboard","1""","3""","4""","5""",7,-,-,Local (3)
1002,A Turret (3 x 14-inch),"Fore, Port, Starboard","9""","18""","27""","37""",3,2,3,-
1002,B Turret (3 x 14-inch),"Fore, Port, Starboard","9""","18""","27""","37""",3,2,3,-
1002,X Turret (3 x 14-inch),"Aft, Port, Starboard","9""","18""","27""","37""",3,2,3,-
1002,Y Turret (3 x 14-inch),"Aft, Port, Starboard","9""","18""","27""","37""",3,2,3,-
1002,Light Guns (16 x 5-inch),"Fore, Aft, Port, Starboard","4""","8""","12""","18""",10,-2,1,"DP, Restricted, Weak"
1002,AA Battery,"Fore, Aft, Port, Starboard","1""","3""","4""","5""",7,-,-,Local (2)
1003,A Turret (3 x 14-inch),"Fore, Port, Starboard","9""","18""","27""","37""",3,2,3,-
1003,B Turret (3 x 14-inch),"Fore, Port, Starboard","9""","18""","27""","37""",3,2,3,-
1003,X Turret (3 x 14-inch),"Aft, Port, Starboard","9""","18""","27""","37""",3,2,3,-
1003,Y Turret (3 x 14-inch),"Aft, Port, Starboard","9""","18""","27""","37""",3,2,3,-
1003,Light Guns (16 x 5-inch),"Fore, Aft, Port, Starboard","4""","8""","12""","18""",10,-2,1,"DP, Restricted, Weak"
1003,AA Battery,"Fore, Aft, Port, Starboard","1""","3""","4""","5""",8,-,-,Local (2)
1004,A Turret (3 x 14-inch),"Fore, Port, Starboard","9""","18""","27""","37""",3,2,3,-
1004,B Turret (3 x 14-inch),"Fore, Port, Starboard","9""","18""","27""","37""",3,2,3,-
1004,X Turret (3 x 14-inch),"Aft, Port, Starboard","9""","18""","27""","37""",3,2,3,-
1004,Y Turret (3 x 14-inch),"Aft, Port, Starboard","9""","18""","27""","37""",3,2,3,-
1004,Light Guns (12 x 5-inch),"Fore, Aft, Port, Starboard","4""","8""","12""","16""",6,-2,1,"Restricted, Weak"
1004,Light Guns (8 x 5-inch),"Fore, Aft, Port, Starboard","3""","7""","11""","15""",6,-2,1,"DP, Restricted, Weak"
1004,AA Battery,"Fore, Aft, Port, Starboard","1""","3""","4""","6""",1,-,-,Local (1)
1005,A Turret (3 x 14-inch),"Fore, Port, Starboard","9""","18""","27""","37""",3,2,3,-
1005,B Turret (3 x 14-inch),"Fore, Port, Starboard","9""","18""","27""","37""",3,2,3,-
1005,X Turret (3 x 14-inch),"Aft, Port, Starboard","9""","18""","27""","37""",3,2,3,-
1005,Y Turret (3 x 14-inch),"Aft, Port, Starboard","9""","18""","27""","37""",3,2,3,-
1005,Light Guns (12 x 5-inch),"Fore, Aft, Port, Starboard","4""","8""","12""","16""",6,-2,1,"Restricted, Weak"
1005,Light Guns (8 x 5-inch),"Fore, Aft, Port, Starboard","3""","7""","11""","15""",6,-2,1,"DP, Restricted, Weak"
1005,AA Battery,"Fore, Aft, Port, Starboard",-,-,-,-,-,-,-,Local (1)
1006,A Turret (3 x 14-inch),"Fore, Port, Starboard","9""","18""","27""","37""",3,2,3,-
1006,B Turret (3 x 14-inch),"Fore, Port, Starboard","9""","18""","27""","37""",3,2,3,-
1006,X Turret (3 x 14-inch),"Aft, Port, Starboard","9""","18""","27""","37""",3,2,3,-
1006,Y Turret (3 x 14-inch),"Aft, Port, Starboard","9""","18""","27""","37""",3,2,3,-
1006,Light Guns (12 x 5-inch),"Fore, Aft, Port, Starboard","4""","8""","12""","16""",6,-2,1,"Restricted, Weak"
1006,Light Guns (8 x 5-inch),"Fore, Aft, Port, Starboard","3""","7""","11""","15""",6,-2,1,"DP, Restricted, Weak"
1006,AA Battery,"Fore, Aft, Port, Starboard","1""","3""","4""","6""",1,-,-,Local (1)
1007,A Turret (3 x 14-inch),"Fore, Port, Starboard","9""","18""","27""","37""",3,2,3,-
1007,B Turret (3 x 14-inch),"Fore, Port, Starboard","9""","18""","27""","37""",3,2,3,-
1007,X Turret (3 x 14-inch),"Aft, Port, Starboard","9""","18""","27""","37""",3,2,3,-
1007,Y Turret (3 x 14-inch),"Aft, Port, Starboard","9""","18""","27""","37""",3,2,3,-
1007,Light Guns (12 x 5-inch),"Fore, Aft, Port, Starboard","4""","8""","12""","16""",6,-2,1,"Restricted, Weak"
1007,Light Guns (8 x 5-inch),"Fore, Aft, Port, Starboard","3""","7""","11""","15""",6,-2,1,"DP, Restricted, Weak"
1007,AA Battery,"Fore, Aft, Port, Starboard","1""","3""","4""","6""",0,-,-,Local (2)
1008,A Turret (3 x 14-inch),"Fore, Port, Starboard","9""","18""","27""","37""",3,2,3,-
1008,B Turret (3 x 14-inch),"Fore, Port, Starboard","9""","18""","27""","37""",3,2,3,-
1008,X Turret (3 x 14-inch),"Aft, Port, Starboard","9""","18""","27""","37""",3,2,3,-
1008,Y Turret (3 x 14-inch),"Aft, Port, Starboard","9""","18""","27""","37""",3,2,3,-
1008,Light Guns (6 x 5-inch),"Fore, Aft, Port, Starboard","4""","8""","12""","16""",4,-2,1,"Restricted, Weak"
1008,Light Guns (8 x 5-inch),"Fore, Aft, Port, Starboard","3""","7""","11""","15""",6,-2,1,"DP, Restricted, Weak"
1008,AA Battery,"Fore, Aft, Port, Starboard","1""","2""","3""","5""",2,-,-,Local (2)
1009,A Turret (3 x 14-inch),"Fore, Port, Starboard","9""","18""","27""","37""",3,2,3,-
1009,B Turret (3 x 14-inch),"Fore, Port, Starboard","9""","18""","27""","37""",3,2,3,-
1009,X Turret (3 x 14-inch),"Aft, Port, Starboard","9""","18""","27""","37""",3,2,3,-
1009,Y Turret (3 x 14-inch),"Aft, Port, Starboard","9""","18""","27""","37""",3,2,3,-
1009,Light Guns (6 x 5-inch),"Fore, Aft, Port, Starboard","4""","8""","12""","16""",4,-2,1,"Restricted, Weak"
1009,Light Guns (8 x 5-inch),"Fore, Aft, Port, Starboard","3""","7""","11""","15""",6,-2,1,"DP, Restricted, Weak"
1009,AA Battery,"Fore, Aft, Port, Starboard","1""","2""","3""","5""",4,-,-,Local (3)
1010,A Turret (3 x 14-inch),"Fore, Port, Starboard","9""","18""","27""","37""",3,2,3,-
1010,B Turret (3 x 14-inch),"Fore, Port, Starboard","9""","18""","27""","37""",3,2,3,-
1010,X Turret (3 x 14-inch),"Aft, Port, Starboard","9""","18""","27""","37""",3,2,3,-
1010,Y Turret (3 x 14-inch),"Aft, Port, Starboard","9""","18""","27""","37""",3,2,3,-
1010,Light Guns (6 x 5-inch),"Fore, Aft, Port, Starboard","4""","8""","12""","16""",4,-2,1,"Restricted, Weak"
1010,Light Guns (8 x 5-inch),"Fore, Aft, Port, Starboard","3""","7""","11""","15""",6,-2,1,"DP, Restricted, Weak"
1010,AA Battery,"Fore, Aft, Port, Starboard","1""","2""","3""","5""",10,-,-,Local (3)
1011,A Turret (3 x 14-inch),"Fore, Port, Starboard","9""","18""","27""","37""",3,2,3,-
1011,B Turret (3 x 14-inch),"Fore, Port, Starboard","9""","18""","27""","37""",3,2,3,-
1011,X Turret (3 x 14-inch),"Aft, Port, Starboard","9""","18""","27""","37""",3,2,3,-
1011,Y Turret (3 x 14-inch),"Aft, Port, Starboard","9""","18""","27""","37""",3,2,3,-
1011,Light Guns (12 x 5-inch),"Fore, Aft, Port, Starboard","4""","8""","12""","16""",6,-2,1,"Restricted, Weak"
1011,Light Guns (8 x 5-inch),"Fore, Aft, Port, Starboard","3""","7""","11""","15""",6,-2,1,"DP, Restricted, Weak"
1011,AA Battery,"Fore, Aft, Port, Starboard","1""","3""","4""","6""",1,-,-,Local (1)
1012,A Turret (3 x 14-inch),"Fore, Port, Starboard","9""","18""","27""","37""",3,2,3,-
1012,B Turret (3 x 14-inch),"Fore, Port, Starboard","9""","18""","27""","37""",3,2,3,-
1012,X Turret (3 x 14-inch),"Aft, Port, Starboard","9""","18""","27""","37""",3,2,3,-
1012,Y Turret (3 x 14-inch),"Aft, Port, Starboard","9""","18""","27""","37""",3,2,3,-
1012,Light Guns (12 x 5-inch),"Fore, Aft, Port, Starboard","4""","8""","12""","16""",6,-2,1,"Restricted, Weak"
1012,Light Guns (8 x 5-inch),"Fore, Aft, Port, Starboard","3""","7""","11""","15""",6,-2,1,"DP, Restricted, Weak"
1012,AA Battery,"Fore, Aft, Port, Starboard","1""","3""","4""","6""",0,-,-,Local (2)
1013,A Turret (3 x 14-inch),"Fore, Port, Starboard","9""","18""","27""","37""",3,2,3,-
1013,B Turret (3 x 14-inch),"Fore, Port, Starboard","9""","18""","27""","37""",3,2,3,-
1013,X Turret (3 x 14-inch),"Aft, Port, Starboard","9""","18""","27""","37""",3,2,3,-
1013,Y Turret (3 x 14-inch),"Aft, Port, Starboard","9""","18""","27""","37""",3,2,3,-
1013,Light Guns (8 x 5-inch),"Fore, Aft, Port, Starboard","3""","7""","11""","15""",6,-2,1,"DP, Restricted, Weak"
1013,AA Battery,"Fore, Aft, Port, Starboard","1""","2""","3""","5""",8,-,-,Local (3)
1014,A Turret (3 x 14-inch),"Fore, Port, Starboard","9""","18""","27""","37""",3,2,3,-
1014,B Turret (3 x 14-inch),"Fore, Port, Starboard","9""","18""","27""","37""",3,2,3,-
1014,X Turret (3 x 14-inch),"Aft, Port, Starboard","9""","18""","27""","37""",3,2,3,-
1014,Y Turret (3 x 14-inch),"Aft, Port, Starboard","9""","18""","27""","37""",3,2,3,-
1014,Light Guns (10 x 5-inch),"Fore, Aft, Port, Starboard","4""","9""","13""","18""",8,-2,1,"DP, Restricted, Weak"
1014,AA Battery,"Fore, Aft, Port, Starboard","1""","2""","3""","5""",8,-,-,Local (3)
1015,A Turret (3 x 14-inch),"Fore, Port, Starboard","9""","18""","27""","37""",3,2,3,-
1015,B Turret (3 x 14-inch),"Fore, Port, Starboard","9""","18""","27""","37""",3,2,3,-
1015,X Turret (3 x 14-inch),"Aft, Port, Starboard","9""","18""","27""","37""",3,2,3,-
1015,Y Turret (3 x 14-inch),"Aft, Port, Starboard","9""","18""","27""","37""",3,2,3,-
1015,Light Guns (6 x 5-inch),"Fore, Aft, Port, Starboard","4""","8""","12""","16""",4,-2,1,"Restricted, Weak"
1015,Light Guns (8 x 5-inch),"Fore, Aft, Port, Starboard","3""","7""","11""","15""",6,-2,1,"DP, Restricted, Weak"
1015,AA Battery,"Fore, Aft, Port, Starboard","1""","2""","3""","5""",2,-,-,Local (1)
1016,A Turret (3 x 14-inch),"Fore, Port, Starboard","9""","18""","27""","37""",3,2,3,-
1016,B Turret (3 x 14-inch),"Fore, Port, Starboard","9""","18""","27""","37""",3,2,3,-
1016,X Turret (3 x 14-inch),"Aft, Port, Starboard","9""","18""","27""","37""",3,2,3,-
1016,Y Turret (3 x 14-inch),"Aft, Port, Starboard","9""","18""","27""","37""",3,2,3,-
1016,Light Guns (6 x 5-inch),"Fore, Aft, Port, Starboard","4""","8""","12""","16""",4,-2,1,"Restricted, Weak"
1016,Light Guns (8 x 5-inch),"Fore, Aft, Port, Starboard","3""","7""","11""","15""",6,-2,1,"DP, Restricted, Weak"
1016,AA Battery,"Fore, Aft, Port, Starboard","1""","2""","3""","5""",4,-,-,Local (3)
1017,A Turret (3 x 14-inch),"Fore, Port, Starboard","9""","18""","27""","37""",3,2,3,-
1017,B Turret (3 x 14-inch),"Fore, Port, Starboard","9""","18""","27""","37""",3,2,3,-
1017,X Turret (3 x 14-inch),"Aft, Port, Starboard","9""","18""","27""","37""",3,2,3,-
1017,Y Turret (3 x 14-inch),"Aft, Port, Starboard","9""","18""","27""","37""",3,2,3,-
1017,Light Guns (16 x 5-inch),"Fore, Aft, Port, Starboard","3""","7""","11""","15""",12,-2,1,"DP, Restricted, Weak"
1017,AA Battery,"Fore, Aft, Port, Starboard","1""","2""","3""","5""",11,-,-,Local (2)
1018,A Turret (2 x 14-inch),"Fore, Port, Starboard","5""","10""","15""","21""",2,1,2,-
1018,B Turret (2 x 14-inch),"Fore, Port, Starboard","5""","10""","15""","21""",2,1,2,-
1018,Q Turret (2 x 14-inch),"Port, Starboard","5""","10""","15""","21""",2,1,2,-
1018,X Turret (2 x 14-inch),"Aft, Port, Starboard","5""","10""","15""","21""",2,1,2,-
1018,Y Turret (2 x 14-inch),"Aft, Port, Starboard","5""","10""","15""","21""",2,1,2,-
1018,Light Guns (16 x 5-inch),"Fore, Aft, Port, Starboard","4""","8""","12""","16""",8,-2,1,"Restricted, Weak"
1018,AA Battery,"Fore, Aft, Port, Starboard","1""","3""","4""","6""",2,-,-,Local (1)
1019,A Turret (2 x 14-inch),"Fore, Port, Starboard","5""","10""","15""","21""",2,1,2,-
1019,B Turret (2 x 14-inch),"Fore, Port, Starboard","5""","10""","15""","21""",2,1,2,-
1019,Q Turret (2 x 14-inch),"Port, Starboard","5""","10""","15""","21""",2,1,2,-
1019,X Turret (2 x 14-inch),"Aft, Port, Starboard","5""","10""","15""","21""",2,1,2,-
1019,Y Turret (2 x 14-inch),"Aft, Port, Starboard","5""","10""","15""","21""",2,1,2,-
1019,Light Guns (10 x 5-inch),"Fore, Aft, Port, Starboard","4""","8""","12""","16""",6,-2,1,"Restricted, Weak"
1019,AA Battery,"Fore, Aft, Port, Starboard","1""","3""","4""","6""",2,-,-,Local (2)
1020,A Turret (2 x 14-inch),"Fore, Port, Starboard","5""","10""","15""","21""",2,1,2,-
1020,B Turret (2 x 14-inch),"Fore, Port, Starboard","5""","10""","15""","21""",2,1,2,-
1020,Q Turret (2 x 14-inch),"Port, Starboard","5""","10""","15""","21""",2,1,2,-
1020,X Turret (2 x 14-inch),"Aft, Port, Starboard","5""","10""","15""","21""",2,1,2,-
1020,Y Turret (2 x 14-inch),"Aft, Port, Starboard","5""","10""","15""","21""",2,1,2,-
1020,Light Guns (6 x 5-inch),"Fore, Aft, Port, Starboard","4""","8""","12""","16""",4,-2,1,"Restricted, Weak"
1020,AA Battery,"Fore, Aft, Port, Starboard","1""","3""","4""","6""",2,-,-,Local (5)
1021,A Turret (2 x 14-inch),"Fore, Port, Starboard","5""","10""","15""","21""",2,1,2,-
1021,B Turret (2 x 14-inch),"Fore, Port, Starboard","5""","10""","15""","21""",2,1,2,-
1021,Q Turret (2 x 14-inch),"Port, Starboard","5""","10""","15""","21""",2,1,2,-
1021,X Turret (2 x 14-inch),"Aft, Port, Starboard","5""","10""","15""","21""",2,1,2,-
1021,Y Turret (2 x 14-inch),"Aft, Port, Starboard","5""","10""","15""","21""",2,1,2,-
1021,Light Guns (6 x 5-inch),"Fore, Aft, Port, Starboard","4""","8""","12""","16""",4,-2,1,"Restricted, Weak"
1021,AA Battery,"Fore, Aft, Port, Starboard","1""","3""","4""","6""",6,-,-,Local (4)
1022,A Turret (2 x 14-inch),"Fore, Port, Starboard","5""","10""","15""","21""",2,1,2,-
1022,B Turret (2 x 14-inch),"Fore, Port, Starboard","5""","10""","15""","21""",2,1,2,-
1022,Q Turret (2 x 14-inch),"Port, Starboard","5""","10""","15""","21""",2,1,2,-
1022,X Turret (2 x 14-inch),"Aft, Port, Starboard","5""","10""","15""","21""",2,1,2,-
1022,Y Turret (2 x 14-inch),"Aft, Port, Starboard","5""","10""","15""","21""",2,1,2,-
1022,Light Guns (6 x 5-inch),"Fore, Aft, Port, Starboard","4""","8""","12""","16""",4,-2,1,"Restricted, Weak"
1022,AA Battery,"Fore, Aft, Port, Starboard","1""","3""","4""","6""",9,-,-,Local (3)
1023,A Turret (2 x 14-inch),"Fore, Port, Starboard","5""","10""","15""","21""",2,1,2,-
1023,B Turret (2 x 14-inch),"Fore, Port, Starboard","5""","10""","15""","21""",2,1,2,-
1023,Q Turret (2 x 14-inch),"Port, Starboard","5""","10""","15""","21""",2,1,2,-
1023,X Turret (2 x 14-inch),"Aft, Port, Starboard","5""","10""","15""","21""",2,1,2,-
1023,Y Turret (2 x 14-inch),"Aft, Port, Starboard","5""","10""","15""","21""",2,1,2,-
1023,Light Guns (6 x 5-inch),"Fore, Aft, Port, Starboard","4""","8""","12""","16""",4,-2,1,"Restricted, Weak"
1023,AA Battery,"Fore, Aft, Port, Starboard","1""","3""","4""","6""",10,-,-,Local (3)
1024,A Turret (2 x 14-inch),"Fore, Port, Starboard","5""","10""","15""","21""",2,1,2,-
1024,B Turret (2 x 14-inch),"Fore, Port, Starboard","5""","10""","15""","21""",2,1,2,-
1024,Q Turret (2 x 14-inch),"Port, Starboard","5""","10""","15""","21""",2,1,2,-
1024,X Turret (2 x 14-inch),"Aft, Port, Starboard","5""","10""","15""","21""",2,1,2,-
1024,Y Turret (2 x 14-inch),"Aft, Port, Starboard","5""","10""","15""","21""",2,1,2,-
1024,Light Guns (10 x 5-inch),"Fore, Aft, Port, Starboard","4""","8""","12""","16""",6,-2,1,"Restricted, Weak"
1024,AA Battery,"Fore, Aft, Port, Starboard","1""","3""","4""","6""",2,-,-,Local (2)
1025,A Turret (2 x 14-inch),"Fore, Port, Starboard","5""","10""","15""","21""",2,1,2,-
1025,B Turret (2 x 14-inch),"Fore, Port, Starboard","5""","10""","15""","21""",2,1,2,-
1025,Q Turret (2 x 14-inch),"Port, Starboard","5""","10""","15""","21""",2,1,2,-
1025,X Turret (2 x 14-inch),"Aft, Port, Starboard","5""","10""","15""","21""",2,1,2,-
1025,Y Turret (2 x 14-inch),"Aft, Port, Starboard","5""","10""","15""","21""",2,1,2,-
1025,Light Guns (6 x 5-inch),"Fore, Aft, Port, Starboard","4""","8""","12""","16""",4,-2,1,"Restricted, Weak"
1025,AA Battery,"Fore, Aft, Port, Starboard","1""","3""","4""","6""",2,-,-,Local (5)
1026,A Turret (2 x 14-inch),"Fore, Port, Starboard","5""","10""","15""","21""",2,1,2,-
1026,B Turret (2 x 14-inch),"Fore, Port, Starboard","5""","10""","15""","21""",2,1,2,-
1026,Q Turret (2 x 14-inch),"Port, Starboard","5""","10""","15""","21""",2,1,2,-
1026,X Turret (2 x 14-inch),"Aft, Port, Starboard","5""","10""","15""","21""",2,1,2,-
1026,Y Turret (2 x 14-inch),"Aft, Port, Starboard","5""","10""","15""","21""",2,1,2,-
1026,Light Guns (6 x 5-inch),"Fore, Aft, Port, Starboard","4""","8""","12""","16""",4,-2,1,"Restricted, Weak"
1026,AA Battery,"Fore, Aft, Port, Starboard","1""","3""","4""","6""",6,-,-,Local (4)
1027,A Turret (2 x 14-inch),"Fore, Port, Starboard","5""","10""","15""","21""",2,1,2,-
1027,B Turret (2 x 14-inch),"Fore, Port, Starboard","5""","10""","15""","21""",2,1,2,-
1027,Q Turret (2 x 14-inch),"Port, Starboard","5""","10""","15""","21""",2,1,2,-
1027,X Turret (2 x 14-inch),"Aft, Port, Starboard","5""","10""","15""","21""",2,1,2,-
1027,Y Turret (2 x 14-inch),"Aft, Port, Starboard","5""","10""","15""","21""",2,1,2,-
1027,Light Guns (6 x 5-inch),"Fore, Aft, Port, Starboard","4""","8""","12""","16""",4,-2,1,"Restricted, Weak"
1027,AA Battery,"Fore, Aft, Port, Starboard","1""","3""","4""","6""",9,-,-,Local (3)
1028,A Turret (2 x 14-inch),"Fore, Port, Starboard","5""","10""","15""","21""",2,1,2,-
1028,B Turret (2 x 14-inch),"Fore, Port, Starboard","5""","10""","15""","21""",2,1,2,-
1028,Q Turret (2 x 14-inch),"Port, Starboard","5""","10""","15""","21""",2,1,2,-
1028,X Turret (2 x 14-inch),"Aft, Port, Starboard","5""","10""","15""","21""",2,1,2,-
1028,Y Turret (2 x 14-inch),"Aft, Port, Starboard","5""","10""","15""","21""",2,1,2,-
1028,Light Guns (6 x 5-inch),"Fore, Aft, Port, Starboard","4""","8""","12""","16""",4,-2,1,"Restricted, Weak"
1028,AA Battery,"Fore, Aft, Port, Starboard","1""","3""","4""","6""",10,-,-,Local (3)
1029,A Turret (3 x 16-inch),"Fore, Port, Starboard","9""","18""","27""","37""",3,2,3,Heavy
1029,B Turret (3 x 16-inch),"Fore, Port, Starboard","9""","18""","27""","37""",3,2,3,Heavy
1029,X Turret (3 x 16-inch),"Aft, Port, Starboard","9""","18""","27""","37""",3,2,3,Heavy
1029,Light Guns (20 x 5-inch),"Fore, Aft, Port, Starboard","4""","9""","13""","18""",14,-2,1,"DP, Restricted, Weak"
1029,AA Battery,"Fore, Aft, Port, Starboard",-,-,-,-,-,-,-,Local (2)
1030,A Turret (3 x 16-inch),"Fore, Port, Starboard","9""","18""","27""","37""",3,2,3,Heavy
1030,B Turret (3 x 16-inch),"Fore, Port, Starboard","9""","18""","27""","37""",3,2,3,Heavy
1030,X Turret (3 x 16-inch),"Aft, Port, Starboard","9""","18""","27""","37""",3,2,3,Heavy
1030,Light Guns (20 x 5-inch),"Fore, Aft, Port, Starboard","4""","9""","13""","18""",14,-2,1,"DP, Restricted, Weak"
1030,AA Battery,"Fore, Aft, Port, Starboard",-,-,-,-,-,-,-,Local (5)
1031,A Turret (3 x 16-inch),"Fore, Port, Starboard","9""","18""","27""","37""",3,2,3,Heavy
1031,B Turret (3 x 16-inch),"Fore, Port, Starboard","9""","18""","27""","37""",3,2,3,Heavy
1031,X Turret (3 x 16-inch),"Aft, Port, Starboard","9""","18""","27""","37""",3,2,3,Heavy
1031,Light Guns (20 x 5-inch),"Fore, Aft, Port, Starboard","4""","9""","13""","18""",14,-2,1,"DP, Restricted, Weak"
1031,AA Battery,"Fore, Aft, Port, Starboard","1""","2""","3""","5""",11,-,-,Local (3)
1032,A Turret (3 x 16-inch),"Fore, Port, Starboard","9""","18""","27""","37""",3,2,3,Heavy
1032,B Turret (3 x 16-inch),"Fore, Port, Starboard","9""","18""","27""","37""",3,2,3,Heavy
1032,X Turret (3 x 16-inch),"Aft, Port, Starboard","9""","18""","27""","37""",3,2,3,Heavy
1032,Light Guns (20 x 5-inch),"Fore, Aft, Port, Starboard","4""","9""","13""","18""",14,-2,1,"DP, Restricted, Weak"
1032,AA Battery,"Fore, Aft, Port, Starboard","1""","2""","3""","5""",12,-,-,Local (3)
1033,A Turret (3 x 16-inch),"Fore, Port, Starboard","9""","18""","27""","37""",3,2,3,Heavy
1033,B Turret (3 x 16-inch),"Fore, Port, Starboard","9""","18""","27""","37""",3,2,3,Heavy
1033,X Turret (3 x 16-inch),"Aft, Port, Starboard","9""","18""","27""","37""",3,2,3,Heavy
1033,Light Guns (20 x 5-inch),"Fore, Aft, Port, Starboard","4""","9""","13""","18""",14,-2,1,"DP, Restricted, Weak"
1033,AA Battery,"Fore, Aft, Port, Starboard","1""","2""","3""","5""",12,-,-,Local (2)
1034,A Turret (3 x 16-inch),"Fore, Port, Starboard","9""","18""","27""","37""",3,2,3,Heavy
1034,B Turret (3 x 16-inch),"Fore, Port, Starboard","9""","18""","27""","37""",3,2,3,Heavy
1034,X Turret (3 x 16-inch),"Aft, Port, Starboard","9""","18""","27""","37""",3,2,3,Heavy
1034,Light Guns (20 x 5-inch),"Fore, Aft, Port, Starboard","4""","9""","13""","18""",14,-2,1,"DP, Restricted, Weak"
1034,AA Battery,"Fore, Aft, Port, Starboard",-,-,-,-,-,-,-,Local (5)
1035,A Turret (3 x 16-inch),"Fore, Port, Starboard","9""","18""","27""","37""",3,2,3,Heavy
1035,B Turret (3 x 16-inch),"Fore, Port, Starboard","9""","18""","27""","37""",3,2,3,Heavy
1035,X Turret (3 x 16-inch),"Aft, Port, Starboard","9""","18""","27""","37""",3,2,3,Heavy
1035,Light Guns (20 x 5-inch),"Fore, Aft, Port, Starboard","4""","9""","13""","18""",14,-2,1,"DP, Restricted, Weak"
1035,AA Battery,"Fore, Aft, Port, Starboard","1""","2""","3""","5""",12,-,-,Local (4)
1036,A Turret (3 x 16-inch),"Fore, Port, Starboard","9""","18""","27""","37""",3,2,3,Heavy
1036,B Turret (3 x 16-inch),"Fore, Port, Starboard","9""","18""","27""","37""",3,2,3,Heavy
1036,X Turret (3 x 16-inch),"Aft, Port, Starboard","9""","18""","27""","37""",3,2,3,Heavy
1036,Light Guns (20 x 5-inch),"Fore, Aft, Port, Starboard","4""","9""","13""","18""",14,-2,1,"DP, Restricted, Weak"
1036,AA Battery,"Fore, Aft, Port, Starboard","1""","2""","3""","5""",12,-,-,Local (4)
1037,A Turret (3 x 16-inch),"Fore, Port, Starboard","9""","18""","27""","37""",3,2,3,Heavy
1037,B Turret (3 x 16-inch),"Fore, Port, Starboard","9""","18""","27""","37""",3,2,3,Heavy
1037,X Turret (3 x 16-inch),"Aft, Port, Starboard","9""","18""","27""","37""",3,2,3,Heavy
1037,Light Guns (20 x 5-inch),"Fore, Aft, Port, Starboard","4""","9""","13""","18""",14,-2,1,"DP, Restricted, Weak"
1037,AA Battery,"Fore, Aft, Port, Starboard","1""","2""","3""","5""",12,-,-,Local (5)
1038,A Turret (3 x 14-inch),"Fore, Port, Starboard","8""","17""","25""","34""",3,2,3,-
1038,B Turret (3 x 14-inch),"Fore, Port, Starboard","8""","17""","25""","34""",3,2,3,-
1038,X Turret (3 x 14-inch),"Aft, Port, Starboard","8""","17""","25""","34""",3,2,3,-
1038,Y Turret (3 x 14-inch),"Aft, Port, Starboard","8""","17""","25""","34""",3,2,3,-
1038,Light Guns (12 x 5-inch),"Fore, Aft, Port, Starboard","4""","8""","12""","16""",6,-2,1,"Restricted, Weak"
1038,Light Guns (8 x 5-inch),"Fore, Aft, Port, Starboard","3""","7""","11""","15""",6,-2,1,"DP, Restricted, Weak"
1038,AA Battery,"Fore, Aft, Port, Starboard",-,-,-,-,-,-,-,Local (1)
1039,A Turret (3 x 14-inch),"Fore, Port, Starboard","8""","17""","25""","34""",3,2,3,-
1039,B Turret (3 x 14-inch),"Fore, Port, Starboard","8""","17""","25""","34""",3,2,3,-
1039,X Turret (3 x 14-inch),"Aft, Port, Starboard","8""","17""","25""","34""",3,2,3,-
1039,Y Turret (3 x 14-inch),"Aft, Port, Starboard","8""","17""","25""","34""",3,2,3,-
1039,Light Guns (12 x 5-inch),"Fore, Aft, Port, Starboard","4""","8""","12""","16""",6,-2,1,"Restricted, Weak"
1039,Light Guns (8 x 5-inch),"Fore, Aft, Port, Starboard","3""","7""","11""","15""",6,-2,1,"DP, Restricted, Weak"
1039,AA Battery,"Fore, Aft, Port, Starboard","1""","3""","4""","6""",1,-,-,Local (1)
1040,A Turret (3 x 14-inch),"Fore, Port, Starboard","8""","17""","25""","34""",3,2,3,-
1040,B Turret (3 x 14-inch),"Fore, Port, Starboard","8""","17""","25""","34""",3,2,3,-
1040,X Turret (3 x 14-inch),"Aft, Port, Starboard","8""","17""","25""","34""",3,2,3,-
1040,Y Turret (3 x 14-inch),"Aft, Port, Starboard","8""","17""","25""","34""",3,2,3,-
1040,Light Guns (12 x 5-inch),"Fore, Aft, Port, Starboard","4""","8""","12""","16""",6,-2,1,"Restricted, Weak"
1040,Light Guns (8 x 5-inch),"Fore, Aft, Port, Starboard","3""","7""","11""","15""",6,-2,1,"DP, Restricted, Weak"
1040,AA Battery,"Fore, Aft, Port, Starboard","1""","3""","4""","6""",0,-,-,Local (3)
1041,A Turret (3 x 14-inch),"Fore, Port, Starboard","8""","17""","25""","34""",3,2,3,-
1041,B Turret (3 x 14-inch),"Fore, Port, Starboard","8""","17""","25""","34""",3,2,3,-
1041,X Turret (3 x 14-inch),"Aft, Port, Starboard","8""","17""","25""","34""",3,2,3,-
1041,Y Turret (3 x 14-inch),"Aft, Port, Starboard","8""","17""","25""","34""",3,2,3,-
1041,Light Guns (16 x 5-inch),"Fore, Aft, Port, Starboard","4""","9""","13""","18""",10,-2,1,"DP, Restricted, Weak"
1041,AA Battery,"Fore, Aft, Port, Starboard","1""","2""","3""","5""",8,-,-,Local (3)
1042,A Turret (3 x 14-inch),"Fore, Port, Starboard","8""","17""","25""","34""",3,2,3,-
1042,B Turret (3 x 14-inch),"Fore, Port, Starboard","8""","17""","25""","34""",3,2,3,-
1042,X Turret (3 x 14-inch),"Aft, Port, Starboard","8""","17""","25""","34""",3,2,3,-
1042,Y Turret (3 x 14-inch),"Aft, Port, Starboard","8""","17""","25""","34""",3,2,3,-
1042,Light Guns (16 x 5-inch),"Fore, Aft, Port, Starboard","4""","9""","13""","18""",10,-2,1,"DP, Restricted, Weak"
1042,AA Battery,"Fore, Aft, Port, Starboard","1""","2""","3""","5""",9,-,-,Local (2)
1043,A Turret (3 x 14-inch),"Fore, Port, Starboard","8""","17""","25""","34""",3,2,3,-
1043,B Turret (3 x 14-inch),"Fore, Port, Starboard","8""","17""","25""","34""",3,2,3,-
1043,X Turret (3 x 14-inch),"Aft, Port, Starboard","8""","17""","25""","34""",3,2,3,-
1043,Y Turret (3 x 14-inch),"Aft, Port, Starboard","8""","17""","25""","34""",3,2,3,-
1043,Light Guns (12 x 5-inch),"Fore, Aft, Port, Starboard","4""","8""","12""","16""",6,-2,1,"Restricted, Weak"
1043,Light Guns (8 x 5-inch),"Fore, Aft, Port, Starboard","3""","7""","11""","15""",6,-2,1,"DP, Restricted, Weak"
1043,AA Battery,"Fore, Aft, Port, Starboard","1""","3""","4""","6""",1,-,-,Local (1)
1044,A Turret (3 x 16-inch),"Fore, Port, Starboard","9""","18""","27""","37""",3,2,3,Heavy
1044,B Turret (3 x 16-inch),"Fore, Port, Starboard","9""","18""","27""","37""",3,2,3,Heavy
1044,X Turret (3 x 16-inch),"Aft, Port, Starboard","9""","18""","27""","37""",3,2,3,Heavy
1044,Light Guns (20 x 5-inch),"Fore, Aft, Port, Starboard","2""","4""","6""","8""",14,-2,1,"DP, Restricted, Weak"
1044,AA Battery,"Fore, Aft, Port, Starboard","1""","2""","3""","5""",5,-,-,Local (1)
1045,A Turret (3 x 16-inch),"Fore, Port, Starboard","9""","18""","27""","37""",3,2,3,Heavy
1045,B Turret (3 x 16-inch),"Fore, Port, Starboard","9""","18""","27""","37""",3,2,3,Heavy
1045,X Turret (3 x 16-inch),"Aft, Port, Starboard","9""","18""","27""","37""",3,2,3,Heavy
1045,Light Guns (16 x 5-inch),"Fore, Aft, Port, Starboard","2""","4""","6""","8""",10,-2,1,"DP, Restricted, Weak"
1045,AA Battery,"Fore, Aft, Port, Starboard","1""","2""","3""","5""",5,-,-,Local (1)
1046,A Turret (3 x 16-inch),"Fore, Port, Starboard","9""","18""","27""","37""",3,2,3,Heavy
1046,B Turret (3 x 16-inch),"Fore, Port, Starboard","9""","18""","27""","37""",3,2,3,Heavy
1046,X Turret (3 x 16-inch),"Aft, Port, Starboard","9""","18""","27""","37""",3,2,3,Heavy
1046,Light Guns (16 x 5-inch),"Fore, Aft, Port, Starboard","2""","4""","6""","8""",10,-2,1,"DP, Restricted, Weak"
1046,AA Battery,"Fore, Aft, Port, Starboard","1""","2""","3""","5""",14,-,-,Local (2)
1047,A Turret (3 x 16-inch),"Fore, Port, Starboard","9""","18""","27""","37""",3,2,3,Heavy
1047,B Turret (3 x 16-inch),"Fore, Port, Starboard","9""","18""","27""","37""",3,2,3,Heavy
1047,X Turret (3 x 16-inch),"Aft, Port, Starboard","9""","18""","27""","37""",3,2,3,Heavy
1047,Light Guns (16 x 5-inch),"Fore, Aft, Port, Starboard","2""","4""","6""","8""",10,-2,1,"DP, Restricted, Weak"
1047,AA Battery,"Fore, Aft, Port, Starboard","1""","2""","3""","5""",14,-,-,Local (4)
1048,A Turret (3 x 16-inch),"Fore, Port, Starboard","9""","18""","27""","37""",3,2,3,Heavy
1048,B Turret (3 x 16-inch),"Fore, Port, Starboard","9""","18""","27""","37""",3,2,3,Heavy
1048,X Turret (3 x 16-inch),"Aft, Port, Starboard","9""","18""","27""","37""",3,2,3,Heavy
1048,Light Guns (16 x 5-inch),"Fore, Aft, Port, Starboard","2""","4""","6""","8""",10,-2,1,"DP, Restricted, Weak"
1048,AA Battery,"Fore, Aft, Port, Starboard","1""","2""","3""","5""",14,-,-,Local (5)
1049,A Turret (3 x 16-inch),"Fore, Port, Starboard","9""","18""","27""","37""",3,2,3,Heavy
1049,B Turret (3 x 16-inch),"Fore, Port, Starboard","9""","18""","27""","37""",3,2,3,Heavy
1049,X Turret (3 x 16-inch),"Aft, Port, Starboard","9""","18""","27""","37""",3,2,3,Heavy
1049,Light Guns (20 x 5-inch),"Fore, Aft, Port, Starboard","2""","4""","6""","8""",14,-2,1,"DP, Restricted, Weak"
1049,AA Battery,"Fore, Aft, Port, Starboard","1""","2""","3""","5""",8,-,-,Local (4)
1050,A Turret (3 x 16-inch),"Fore, Port, Starboard","9""","18""","27""","37""",3,2,3,Heavy
1050,B Turret (3 x 16-inch),"Fore, Port, Starboard","9""","18""","27""","37""",3,2,3,Heavy
1050,X Turret (3 x 16-inch),"Aft, Port, Starboard","9""","18""","27""","37""",3,2,3,Heavy
1050,Light Guns (20 x 5-inch),"Fore, Aft, Port, Starboard","2""","4""","6""","8""",14,-2,1,"DP, Restricted, Weak"
1050,AA Battery,"Fore, Aft, Port, Starboard","1""","2""","3""","5""",10,-,-,Local (4)
1051,A Turret (3 x 16-inch),"Fore, Port, Starboard","9""","18""","27""","37""",3,2,3,Heavy
1051,B Turret (3 x 16-inch),"Fore, Port, Starboard","9""","18""","27""","37""",3,2,3,Heavy
1051,X Turret (3 x 16-inch),"Aft, Port, Starboard","9""","18""","27""","37""",3,2,3,Heavy
1051,Light Guns (20 x 5-inch),"Fore, Aft, Port, Starboard","2""","4""","6""","8""",14,-2,1,"DP, Restricted, Weak"
1051,AA Battery,"Fore, Aft, Port, Starboard","1""","2""","3""","5""",10,-,-,Local (3)
1052,A Turret (3 x 16-inch),"Fore, Port, Starboard","9""","18""","27""","37""",3,2,3,Heavy
1052,B Turret (3 x 16-inch),"Fore, Port, Starboard","9""","18""","27""","37""",3,2,3,Heavy
1052,X Turret (3 x 16-inch),"Aft, Port, Starboard","9""","18""","27""","37""",3,2,3,Heavy
1052,Light Guns (20 x 5-inch),"Fore, Aft, Port, Starboard","2""","4""","6""","8""",14,-2,1,"DP, Restricted, Weak"
1052,AA Battery,"Fore, Aft, Port, Starboard","1""","2""","3""","5""",10,-,-,Local (3)
1053,A Turret (3 x 16-inch),"Fore, Port, Starboard","9""","18""","27""","37""",3,2,3,Heavy
1053,B Turret (3 x 16-inch),"Fore, Port, Starboard","9""","18""","27""","37""",3,2,3,Heavy
1053,X Turret (3 x 16-inch),"Aft, Port, Starboard","9""","18""","27""","37""",3,2,3,Heavy
1053,Light Guns (20 x 5-inch),"Fore, Aft, Port, Starboard","2""","4""","6""","8""",14,-2,1,"DP, Restricted, Weak"
1053,AA Battery,"Fore, Aft, Port, Starboard","1""","2""","3""","5""",5,-,-,Local (2)
1054,A Turret (3 x 16-inch),"Fore, Port, Starboard","9""","18""","27""","37""",3,2,3,Heavy
1054,B Turret (3 x 16-inch),"Fore, Port, Starboard","9""","18""","27""","37""",3,2,3,Heavy
1054,X Turret (3 x 16-inch),"Aft, Port, Starboard","9""","18""","27""","37""",3,2,3,Heavy
1054,Light Guns (20 x 5-inch),"Fore, Aft, Port, Starboard","2""","4""","6""","8""",14,-2,1,"DP, Restricted, Weak"
1054,AA Battery,"Fore, Aft, Port, Starboard","1""","2""","3""","5""",10,-,-,Local (4)
1055,A Turret (3 x 16-inch),"Fore, Port, Starboard","9""","18""","27""","37""",3,2,3,Heavy
1055,B Turret (3 x 16-inch),"Fore, Port, Starboard","9""","18""","27""","37""",3,2,3,Heavy
1055,X Turret (3 x 16-inch),"Aft, Port, Starboard","9""","18""","27""","37""",3,2,3,Heavy
1055,Light Guns (20 x 5-inch),"Fore, Aft, Port, Starboard","2""","4""","6""","8""",14,-2,1,"DP, Restricted, Weak"
1055,AA Battery,"Fore, Aft, Port, Starboard","1""","2""","3""","5""",10,-,-,Local (2)
1056,A Turret (3 x 16-inch),"Fore, Port, Starboard","9""","18""","27""","37""",3,2,3,Heavy
1056,B Turret (3 x 16-inch),"Fore, Port, Starboard","9""","18""","27""","37""",3,2,3,Heavy
1056,X Turret (3 x 16-inch),"Aft, Port, Starboard","9""","18""","27""","37""",3,2,3,Heavy
1056,Light Guns (20 x 5-inch),"Fore, Aft, Port, Starboard","2""","4""","6""","8""",14,-2,1,"DP, Restricted, Weak"
1056,AA Battery,"Fore, Aft, Port, Starboard","1""","2""","3""","5""",15,-,-,Local (2)
1057,A Turret (3 x 14-inch),"Fore, Port, Starboard","8""","17""","25""","34""",3,1,2,-
1057,B Turret (3 x 14-inch),"Fore, Port, Starboard","8""","17""","25""","34""",3,1,2,-
1057,Y Turret (3 x 14-inch),"Aft, Port, Starboard","8""","17""","25""","34""",3,1,2,-
1057,X Turret (3 x 14-inch),"Aft, Port, Starboard","8""","17""","25""","34""",3,1,2,-
1057,Light Guns (12 x 5-inch),"Fore, Aft, Port, Starboard","4""","8""","12""","16""",6,-2,1,"Restricted, Weak"
1057,Light Guns (8 x 5-inch),"Fore, Aft, Port, Starboard","4""","8""","12""","16""",6,-2,1,"DP, Restricted, Weak"
1057,AA Battery,"Fore, Aft, Port, Starboard",-,-,-,-,-,-,-,Local (1)
1058,A Turret (3 x 14-inch),"Fore, Port, Starboard","9""","18""","27""","37""",3,2,3,-
1058,B Turret (3 x 14-inch),"Fore, Port, Starboard","9""","18""","27""","37""",3,2,3,-
1058,Y Turret (3 x 14-inch),"Aft, Port, Starboard","9""","18""","27""","37""",3,2,3,-
1058,X Turret (3 x 14-inch),"Aft, Port, Starboard","9""","18""","27""","37""",3,2,3,-
1058,Light Guns (12 x 5-inch),"Fore, Aft, Port, Starboard","4""","8""","12""","16""",6,-2,1,"Restricted, Weak"
1058,Light Guns (8 x 5-inch),"Fore, Aft, Port, Starboard","4""","8""","12""","16""",6,-2,1,"DP, Restricted, Weak"
1058,AA Battery,"Fore, Aft, Port, Starboard",-,-,-,-,-,-,-,Local (3)
1059,A Turret (3 x 14-inch),"Fore, Port, Starboard","9""","18""","27""","37""",3,2,3,-
1059,B Turret (3 x 14-inch),"Fore, Port, Starboard","9""","18""","27""","37""",3,2,3,-
1059,Y Turret (3 x 14-inch),"Aft, Port, Starboard","9""","18""","27""","37""",3,2,3,-
1059,X Turret (3 x 14-inch),"Aft, Port, Starboard","9""","18""","27""","37""",3,2,3,-
1059,Light Guns (16 x 5-inch),"Fore, Aft, Port, Starboard","4""","9""","13""","18""",10,-2,1,"DP, Restricted, Weak"
1059,AA Battery,"Fore, Aft, Port, Starboard","1""","2""","3""","5""",8,-,-,Local (3)
1060,A Turret (3 x 14-inch),"Fore, Port, Starboard","8""","17""","25""","34""",3,1,2,-
1060,B Turret (3 x 14-inch),"Fore, Port, Starboard","8""","17""","25""","34""",3,1,2,-
1060,Y Turret (3 x 14-inch),"Aft, Port, Starboard","8""","17""","25""","34""",3,1,2,-
1060,X Turret (3 x 14-inch),"Aft, Port, Starboard","8""","17""","25""","34""",3,1,2,-
1060,Light Guns (12 x 5-inch),"Fore, Aft, Port, Starboard","4""","8""","12""","16""",6,-2,1,"Restricted, Weak"
1060,Light Guns (8 x 5-inch),"Fore, Aft, Port, Starboard","4""","8""","12""","16""",6,-2,1,"DP, Restricted, Weak"
1060,AA Battery,"Fore, Aft, Port, Starboard",-,-,-,-,-,-,-,Local (1)
1061,A Turret (3 x 14-inch),"Fore, Port, Starboard","9""","18""","27""","37""",3,2,3,-
1061,B Turret (3 x 14-inch),"Fore, Port, Starboard","9""","18""","27""","37""",3,2,3,-
1061,Y Turret (3 x 14-inch),"Aft, Port, Starboard","9""","18""","27""","37""",3,2,3,-
1061,X Turret (3 x 14-inch),"Aft, Port, Starboard","9""","18""","27""","37""",3,2,3,-
1061,Light Guns (16 x 5-inch),"Fore, Aft, Port, Starboard","4""","9""","13""","18""",10,-2,1,"DP, Restricted, Weak"
1061,AA Battery,"Fore, Aft, Port, Starboard","1""","2""","3""","5""",11,-,-,Local (5)
1062,A Turret (2 x 12-inch),"Fore, Port, Starboard","6""","12""","18""","24""",2,-,2,-
1062,B Turret (2 x 12-inch),"Fore, Port, Starboard","6""","12""","18""","24""",2,-,2,-
1062,Q Turret (2 x 12-inch),"Port, Starboard","6""","12""","18""","24""",2,-,2,-
1062,R Turret (2 x 12-inch),"Port, Starboard","6""","12""","18""","24""",2,-,2,-
1062,X Turret (2 x 12-inch),"Aft, Port, Starboard","6""","12""","18""","24""",2,-,2,-
1062,Y Turret (2 x 12-inch),"Aft, Port, Starboard","6""","12""","18""","24""",2,-,2,-
1062,Light Guns (16 x 5-inch),"Fore, Aft, Port, Starboard","4""","8""","12""","16""",8,-2,1,"Restricted, Weak"
1062,AA Battery,"Fore, Aft, Port, Starboard","1""","3""","4""","6""",2,-,-,Local (0)
1063,A Turret (2 x 12-inch),"Fore, Port, Starboard","6""","12""","18""","24""",2,-,2,-
1063,B Turret (2 x 12-inch),"Fore, Port, Starboard","6""","12""","18""","24""",2,-,2,-
1063,Q Turret (2 x 12-inch),"Port, Starboard","6""","12""","18""","24""",2,-,2,-
1063,R Turret (2 x 12-inch),"Port, Starboard","6""","12""","18""","24""",2,-,2,-
1063,X Turret (2 x 12-inch),"Aft, Port, Starboard","6""","12""","18""","24""",2,-,2,-
1063,Y Turret (2 x 12-inch),"Aft, Port, Starboard","6""","12""","18""","24""",2,-,2,-
1063,Light Guns (16 x 5-inch),"Fore, Aft, Port, Starboard","4""","8""","12""","16""",8,-2,1,"Restricted, Weak"
1063,AA Battery,"Fore, Aft, Port, Starboard","1""","3""","4""","6""",2,-,-,Local (0)
1064,A Turret (2 x 12-inch),"Fore, Port, Starboard","6""","12""","18""","24""",2,-,2,-
1064,B Turret (2 x 12-inch),"Fore, Port, Starboard","6""","12""","18""","24""",2,-,2,-
1064,Q Turret (2 x 12-inch),"Port, Starboard","6""","12""","18""","24""",2,-,2,-
1064,R Turret (2 x 12-inch),"Port, Starboard","6""","12""","18""","24""",2,-,2,-
1064,X Turret (2 x 12-inch),"Aft, Port, Starboard","6""","12""","18""","24""",2,-,2,-
1064,Y Turret (2 x 12-inch),"Aft, Port, Starboard","6""","12""","18""","24""",2,-,2,-
1064,Light Guns (16 x 5-inch),"Fore, Aft, Port, Starboard","4""","8""","12""","16""",2,-2,1,"Restricted, Weak"
1064,AA Battery,"Fore, Aft, Port, Starboard","1""","3""","4""","6""",2,-,-,Local (3)
1065,A Turret (2 x 12-inch),"Fore, Port, Starboard","6""","12""","18""","24""",2,-,2,-
1065,B Turret (2 x 12-inch),"Fore, Port, Starboard","6""","12""","18""","24""",2,-,2,-
1065,Q Turret (2 x 12-inch),"Port, Starboard","6""","12""","18""","24""",2,-,2,-
1065,R Turret (2 x 12-inch),"Port, Starboard","6""","12""","18""","24""",2,-,2,-
1065,X Turret (2 x 12-inch),"Aft, Port, Starboard","6""","12""","18""","24""",2,-,2,-
1065,Y Turret (2 x 12-inch),"Aft, Port, Starboard","6""","12""","18""","24""",2,-,2,-
1065,Light Guns (16 x 5-inch),"Fore, Aft, Port, Starboard","4""","8""","12""","16""",2,-2,1,"Restricted, Weak"
1065,AA Battery,"Fore, Aft, Port, Starboard","1""","3""","4""","6""",9,-,-,Local (2)
1066,A Turret (2 x 12-inch),"Fore, Port, Starboard","6""","12""","18""","24""",2,-,2,-
1066,B Turret (2 x 12-inch),"Fore, Port, Starboard","6""","12""","18""","24""",2,-,2,-
1066,Q Turret (2 x 12-inch),"Port, Starboard","6""","12""","18""","24""",2,-,2,-
1066,R Turret (2 x 12-inch),"Port, Starboard","6""","12""","18""","24""",2,-,2,-
1066,X Turret (2 x 12-inch),"Aft, Port, Starboard","6""","12""","18""","24""",2,-,2,-
1066,Y Turret (2 x 12-inch),"Aft, Port, Starboard","6""","12""","18""","24""",2,-,2,-
1066,Light Guns (16 x 5-inch),"Fore, Aft, Port, Starboard","4""","8""","12""","16""",2,-2,1,"Restricted, Weak"
1066,AA Battery,"Fore, Aft, Port, Starboard","1""","3""","4""","6""",10,-,-,Local (2)
1067,Light Guns (2 x 5-inch),"Aft, Port, Starboard","4""","8""","12""","16""",1,-2,1,Weak
1067,AA Battery,"Fore, Aft, Port, Starboard",-,-,-,-,-,-,-,Local (1)
1068,Light Guns (2 x 5-inch),"Aft, Port, Starboard","4""","9""","13""","18""",1,-2,1,"DP, Weak"
1068,AA Battery,"Fore, Aft, Port, Starboard","1""","2""","3""","5""",2,-,-,Local (2)
1069,Light Guns (2 x 5-inch),"Aft, Port, Starboard","4""","9""","13""","18""",1,-2,1,"DP, Weak"
1069,AA Battery,"Fore, Aft, Port, Starboard","1""","2""","3""","5""",4,-,-,Local (2)
1070,Light Guns (2 x 5-inch),"Aft, Port, Starboard","4""","9""","13""","18""",1,-2,1,"DP, Weak"
1070,AA Battery,"Fore, Aft, Port, Starboard","1""","2""","3""","5""",2,-,-,Local (2)
1071,Light Guns (2 x 5-inch),"Aft, Port, Starboard","4""","9""","13""","18""",1,-2,1,"DP, Weak"
1071,AA Battery,"Fore, Aft, Port, Starboard","1""","2""","3""","5""",2,-,-,Local (2)
1072,Light Guns (2 x 5-inch),"Aft, Port, Starboard","4""","9""","13""","18""",1,-2,1,"DP, Weak"
1072,AA Battery,"Fore, Aft, Port, Starboard","1""","2""","3""","5""",2,-,-,Local (2)
1073,Light Guns (2 x 5-inch),"Aft, Port, Starboard","4""","9""","13""","18""",1,-2,1,"DP, Weak"
1073,AA Battery,"Fore, Aft, Port, Starboard","1""","2""","3""","5""",3,-,-,Local (2)
1074,Light Guns (2 x 5-inch),"Aft, Port, Starboard","4""","9""","13""","18""",1,-2,1,"DP, Weak"
1074,AA Battery,"Fore, Aft, Port, Starboard","1""","2""","3""","5""",4,-,-,Local (2)
1075,Light Guns (2 x 5-inch),"Aft, Port, Starboard","4""","9""","13""","18""",1,-2,1,"DP, Weak"
1075,AA Battery,"Fore, Aft, Port, Starboard","1""","2""","3""","5""",2,-,-,Local (2)
1076,Light Guns (2 x 5-inch),"Aft, Port, Starboard","4""","9""","13""","18""",1,-2,1,"DP, Weak"
1076,AA Battery,"Fore, Aft, Port, Starboard","1""","2""","3""","5""",3,-,-,Local (2)
1077,Light Guns (2 x 5-inch),"Aft, Port, Starboard","4""","9""","13""","18""",1,-2,1,"DP, Weak"
1077,AA Battery,"Fore, Aft, Port, Starboard","1""","2""","3""","5""",3,-,-,Local (2)
1078,Light Guns (2 x 5-inch),"Aft, Port, Starboard","4""","9""","13""","18""",1,-2,1,"DP, Weak"
1078,AA Battery,"Fore, Aft, Port, Starboard","1""","2""","3""","5""",2,-,-,Local (2)
1079,Light Guns (2 x 5-inch),"Aft, Port, Starboard","4""","9""","13""","18""",1,-2,1,"DP, Weak"
1079,AA Battery,"Fore, Aft, Port, Starboard","1""","2""","3""","5""",1,-,-,Local (2)
1080,Light Guns (2 x 5-inch),"Aft, Port, Starboard","4""","9""","13""","18""",1,-2,1,"DP, Weak"
1080,AA Battery,"Fore, Aft, Port, Starboard","1""","2""","3""","5""",1,-,-,Local (2)
1081,Light Guns (2 x 5-inch),"Aft, Port, Starboard","4""","9""","13""","18""",1,-2,1,"DP, Weak"
1081,AA Battery,"Fore, Aft, Port, Starboard","1""","2""","3""","5""",4,-,-,Local (2)
1082,Light Guns (1 x 5-inch),"Aft, Port, Starboard","4""","9""","13""","18""",1,-2,1,"DP, Weak, Slow-Loading"
1082,AA Battery,"Fore, Aft, Port, Starboard","1""","2""","3""","5""",2,-,-,Local (1)
1083,Light Guns (1 x 5-inch),"Aft, Port, Starboard","4""","9""","13""","18""",1,-2,1,"DP, Weak, Slow-Loading"
1083,AA Battery,"Fore, Aft, Port, Starboard","1""","2""","3""","5""",3,-,-,Local (1)
1084,Light Guns (8 x 5-inch),"Fore, Aft, Port, Starboard","4""","9""","13""","18""",6,-2,1,"DP, Weak"
1084,Light Guns (4 x 5-inch),"Fore, Aft, Port, Starboard","4""","9""","13""","18""",3,-2,1,"DP, Weak"
1084,AA Battery,"Fore, Aft, Port, Starboard","1""","2""","3""","5""",6,-,-,Local (3)
1085,Light Guns (8 x 5-inch),"Fore, Aft, Port, Starboard","4""","9""","13""","18""",6,-2,1,"DP, Weak"
1085,Light Guns (4 x 5-inch),"Fore, Aft, Port, Starboard","4""","9""","13""","18""",3,-2,1,"DP, Weak"
1085,AA Battery,"Fore, Aft, Port, Starboard","1""","2""","3""","5""",9,-,-,Local (3)
1086,Light Guns (8 x 5-inch),"Fore, Aft, Port, Starboard","4""","9""","13""","18""",6,-2,1,"DP, Weak"
1086,Light Guns (4 x 5-inch),"Fore, Aft, Port, Starboard","4""","9""","13""","18""",3,-2,1,"DP, Weak"
1086,AA Battery,"Fore, Aft, Port, Starboard","1""","2""","3""","5""",15,-,-,Local (3)
1087,Light Guns (8 x 5-inch),"Fore, Aft, Port, Starboard","4""","9""","13""","18""",6,-2,1,"DP, Weak"
1087,Light Guns (4 x 5-inch),"Fore, Aft, Port, Starboard","4""","9""","13""","18""",3,-2,1,"DP, Weak"
1087,AA Battery,"Fore, Aft, Port, Starboard","1""","2""","3""","5""",8,-,-,Local (3)
1088,Light Guns (8 x 5-inch),"Fore, Aft, Port, Starboard","4""","9""","13""","18""",6,-2,1,"DP, Weak"
1088,Light Guns (4 x 5-inch),"Fore, Aft, Port, Starboard","4""","9""","13""","18""",3,-2,1,"DP, Weak"
1088,AA Battery,"Fore, Aft, Port, Starboard","1""","2""","3""","5""",15,-,-,Local (3)
1089,Light Guns (8 x 5-inch),"Fore, Aft, Port, Starboard","4""","9""","13""","18""",6,-2,1,"DP, Weak"
1089,Light Guns (4 x 5-inch),"Fore, Aft, Port, Starboard","4""","9""","13""","18""",3,-2,1,"DP, Weak"
1089,AA Battery,"Fore, Aft, Port, Starboard","1""","2""","3""","5""",15,-,-,Local (3)
1090,Light Guns (8 x 5-inch),"Fore, Aft, Port, Starboard","4""","9""","13""","18""",6,-2,1,"DP, Weak"
1090,Light Guns (4 x 5-inch),"Fore, Aft, Port, Starboard","4""","9""","13""","18""",3,-2,1,"DP, Weak"
1090,AA Battery,"Fore, Aft, Port, Starboard","1""","2""","3""","5""",14,-,-,Local (4)
1091,Light Guns (8 x 5-inch),"Fore, Aft, Port, Starboard","4""","9""","13""","18""",6,-2,1,"DP, Weak"
1091,Light Guns (4 x 5-inch),"Fore, Aft, Port, Starboard","4""","9""","13""","18""",3,-2,1,"DP, Weak"
1091,AA Battery,"Fore, Aft, Port, Starboard","1""","2""","3""","5""",8,-,-,Local (3)
1092,Light Guns (8 x 5-inch),"Fore, Aft, Port, Starboard","4""","9""","13""","18""",6,-2,1,"DP, Weak"
1092,Light Guns (4 x 5-inch),"Fore, Aft, Port, Starboard","4""","9""","13""","18""",3,-2,1,"DP, Weak"
1092,AA Battery,"Fore, Aft, Port, Starboard","1""","2""","3""","5""",14,-,-,Local (4)
1093,Light Guns (8 x 5-inch),"Fore, Aft, Port, Starboard","4""","9""","13""","18""",6,-2,1,"DP, Weak"
1093,Light Guns (4 x 5-inch),"Fore, Aft, Port, Starboard","4""","9""","13""","18""",3,-2,1,"DP, Weak"
1093,AA Battery,"Fore, Aft, Port, Starboard","1""","2""","3""","5""",8,-,-,Local (2)
1094,Light Guns (8 x 5-inch),"Fore, Aft, Port, Starboard","4""","9""","13""","18""",6,-2,1,"DP, Weak"
1094,Light Guns (4 x 5-inch),"Fore, Aft, Port, Starboard","4""","9""","13""","18""",3,-2,1,"DP, Weak"
1094,AA Battery,"Fore, Aft, Port, Starboard","1""","2""","3""","5""",8,-,-,Local (3)
1095,Light Guns (8 x 5-inch),"Fore, Aft, Port, Starboard","4""","9""","13""","18""",6,-2,1,"DP, Weak"
1095,Light Guns (4 x 5-inch),"Fore, Aft, Port, Starboard","4""","9""","13""","18""",3,-2,1,"DP, Weak"
1095,AA Battery,"Fore, Aft, Port, Starboard","1""","2""","3""","5""",15,-,-,Local (3)
1096,Light Guns (8 x 5-inch),"Fore, Aft, Port, Starboard","4""","9""","13""","18""",6,-2,1,"DP, Weak"
1096,Light Guns (4 x 5-inch),"Fore, Aft, Port, Starboard","4""","9""","13""","18""",3,-2,1,"DP, Weak"
1096,AA Battery,"Fore, Aft, Port, Starboard","1""","2""","3""","5""",8,-,-,Local (3)
1097,Light Guns (8 x 5-inch),"Fore, Aft, Port, Starboard","4""","9""","13""","18""",6,-2,1,"DP, Weak"
1097,Light Guns (4 x 5-inch),"Fore, Aft, Port, Starboard","4""","9""","13""","18""",3,-2,1,"DP, Weak"
1097,AA Battery,"Fore, Aft, Port, Starboard","1""","2""","3""","5""",9,-,-,Local (7)
1098,AA Battery,"Fore, Aft, Port, Starboard","1""","2""","3""","5""",5,-,-,Local (2)
1099,AA Battery,"Fore, Aft, Port, Starboard","1""","2""","3""","5""",6,-,-,Local (2)
1100,AA Battery,"Fore, Aft, Port, Starboard","1""","2""","3""","5""",4,-,-,Local (2)
1101,AA Battery,"Fore, Aft, Port, Starboard","1""","2""","3""","5""",4,-,-,Local (2)
1102,AA Battery,"Fore, Aft, Port, Starboard","1""","2""","3""","5""",6,-,-,Local (2)
1103,A Turret (2 x 8-inch),"Fore, Port, Starboard","8""","16""","24""","32""",2,-,1,-
1103,B Turret (2 x 8-inch),"Fore, Port, Starboard","8""","16""","24""","32""",2,-,1,-
1103,X Turret (2 x 8-inch),"Aft, Port, Starboard","8""","16""","24""","32""",2,-,1,-
1103,Y Turret (2 x 8-inch),"Aft, Port, Starboard","8""","16""","24""","32""",2,-,1,-
1103,Light Guns (12 x 5-inch),"Fore, Aft, Port, Starboard","3""","7""","11""","15""",8,-2,1,"DP, Restricted, Weak"
1103,AA Battery,"Fore, Aft, Port, Starboard",-,-,-,-,-,-,-,Local (2)
1104,Light Guns (12 x 5-inch),"Fore, Aft, Port, Starboard","3""","7""","11""","15""",8,-2,1,"DP, Restricted, Weak"
1104,Light Guns (12 x 5-inch),"Fore, Aft, Port, Starboard","3""","7""","11""","15""",8,-2,1,"DP, Restricted, Weak"
1104,AA Battery,"Fore, Aft, Port, Starboard",-,-,-,-,-,-,-,Local (4)
1105,Light Guns #1 (8 x 5-inch),"Fore, Aft, Port, Starboard","4""","9""","13""","18""",6,-2,1,"DP, Weak"
1105,Light Guns #2 (8 x 5-inch),"Fore, Aft, Port, Starboard","4""","9""","13""","18""",6,-2,1,"DP, Restricted, Weak"
1105,AA Battery,"Fore, Aft, Port, Starboard",-,-,-,-,-,-,-,Local (3)
1106,Light Guns #1 (8 x 5-inch),"Fore, Aft, Port, Starboard","4""","9""","13""","18""",6,-2,1,"DP, Weak"
1106,Light Guns #2 (8 x 5-inch),"Fore, Aft, Port, Starboard","4""","9""","13""","18""",6,-2,1,"DP, Restricted, Weak"
1106,AA Battery,"Fore, Aft, Port, Starboard","1""","2""","3""","5""",3,-,-,Local (3)
1107,Light Guns #1 (8 x 5-inch),"Fore, Aft, Port, Starboard","4""","9""","13""","18""",6,-2,1,"DP, Weak"
1107,Light Guns #2 (8 x 5-inch),"Fore, Aft, Port, Starboard","4""","9""","13""","18""",6,-2,1,"DP, Restricted, Weak"
1107,AA Battery,"Fore, Aft, Port, Starboard","1""","2""","3""","5""",19,-,-,Local (2)
1108,Light Guns (1 x 4-inch),"Aft, Port, Starboard","3""","7""","11""","15""",1,-2,1,"Slow-Loading, Weak"
1108,AA Battery,"Fore, Aft, Port, Starboard",-,-,-,-,-,-,-,Local (1)
1109,Light Guns (1 x 5-inch),"Aft, Port, Starboard","4""","9""","13""","18""",1,-2,1,"Slow-Loading, Weak, DP"
1109,AA Battery,"Fore, Aft, Port, Starboard",-,-,-,-,-,-,-,Local (1)
1110,Light Guns (1 x 5-inch),"Aft, Port, Starboard","4""","9""","13""","18""",1,-2,1,"Slow-Loading, Weak, DP"
1110,AA Battery,"Fore, Aft, Port, Starboard",-,-,-,-,-,-,-,Local (1)
1111,Light Guns (1 x 5-inch),"Aft, Port, Starboard","4""","9""","13""","18""",1,-2,1,"Slow-Loading, Weak, DP"
1111,AA Battery,"Fore, Aft, Port, Starboard",-,-,-,-,-,-,-,Local (3)
1112,Light Guns (18 x 5-inch),"Fore, Aft, Port, Starboard","6""","13""","19""","26""",16,-1,1,"DP, Restricted, Weak"
1112,AA Battery,"Fore, Aft, Port, Starboard","1""","2""","3""","5""",17,-,-,Local (2)
1113,Light Guns (8 x 5-inch),"Fore, Aft, Port, Starboard","3""","7""","11""","15""",6,-2,1,"DP, Restricted, Weak"
1113,AA Battery,"Fore, Aft, Port, Starboard",-,-,-,-,-,-,-,Local (2)
1114,Light Guns (8 x 5-inch),"Fore, Aft, Port, Starboard","3""","7""","11""","15""",6,-2,1,"DP, Restricted, Weak"
1114,AA Battery,"Fore, Aft, Port, Starboard",-,-,-,-,-,-,-,Local (3)
1115,Light Guns (8 x 5-inch),"Fore, Aft, Port, Starboard","3""","7""","11""","15""",6,-2,1,"DP, Restricted, Weak"
1115,AA Battery,"Fore, Aft, Port, Starboard","1""","2""","3""","5""",5,-,-,Local (2)
1116,AA Battery,"Fore, Aft, Port, Starboard","1""","2""","3""","5""",5,-,-,Local (3)
1117,AA Battery,"Fore, Aft, Port, Starboard",-,-,-,-,-,-,-,Local (3)
1118,Light Guns (2 x 5-inch),"Aft, Port, Starboard","4""","8""","12""","16""",1,-2,1,Weak
1118,AA Battery,"Fore, Aft, Port, Starboard","1""","2""","3""","5""",2,-,-,Local (1)
1119,Light Guns (2 x 5-inch),"Aft, Port, Starboard","4""","9""","13""","18""",1,-2,1,"DP, Weak"
1119,AA Battery,"Fore, Aft, Port, Starboard","1""","2""","3""","5""",2,-,-,Local (1)
1120,Light Guns (2 x 5-inch),"Aft, Port, Starboard","4""","9""","13""","18""",1,-2,1,"DP, Weak"
1120,AA Battery,"Fore, Aft, Port, Starboard","1""","2""","3""","5""",2,-,-,Local (1)
1121,Light Guns (2 x 5-inch),"Aft, Port, Starboard","4""","9""","13""","18""",1,-2,1,"DP, Weak"
1121,AA Battery,"Fore, Aft, Port, Starboard","1""","2""","3""","5""",6,-,-,Local (1)
1122,Light Guns (8 x 5-inch),"Fore, Aft, Port, Starboard","4""","9""","13""","18""",6,-2,1,"DP, Weak, Restricted"
1122,AA Battery,"Fore, Aft, Port, Starboard",-,-,-,-,-,-,-,Local (2)
1123,Light Guns (8 x 5-inch),"Fore, Aft, Port, Starboard","4""","9""","13""","18""",6,-2,1,"DP, Weak, Restricted"
1123,AA Battery,"Fore, Aft, Port, Starboard","1""","2""","3""","5""",1,-,-,Local (4)
1124,Light Guns (8 x 5-inch),"Fore, Aft, Port, Starboard","4""","9""","13""","18""",6,-2,1,"DP, Weak, Restricted"
1124,AA Battery,"Fore, Aft, Port, Starboard",-,-,-,-,-,-,-,Local (2)
1125,Light Guns (8 x 5-inch),"Fore, Aft, Port, Starboard","4""","9""","13""","18""",6,-2,1,"DP, Weak, Restricted"
1125,AA Battery,"Fore, Aft, Port, Starboard",-,-,-,-,-,-,-,Local (2)
1126,Light Guns (8 x 5-inch),"Fore, Aft, Port, Starboard","4""","9""","13""","18""",6,-2,1,"DP, Weak, Restricted"
1126,AA Battery,"Fore, Aft, Port, Starboard",-,-,-,-,-,-,-,Local (3)
1127,Light Guns (8 x 5-inch),"Fore, Aft, Port, Starboard","4""","9""","13""","18""",6,-2,1,"DP, Weak, Restricted"
1127,AA Battery,"Fore, Aft, Port, Starboard",-,-,-,-,-,-,-,Local (2)
1128,Light Guns (8 x 5-inch),"Fore, Aft, Port, Starboard","4""","9""","13""","18""",6,-2,1,"DP, Weak, Restricted"
1128,AA Battery,"Fore, Aft, Port, Starboard",-,-,-,-,-,-,-,Local (3)
1129,Light Guns (8 x 5-inch),"Fore, Aft, Port, Starboard","4""","9""","13""","18""",6,-2,1,"DP, Weak, Restricted"
1129,AA Battery,"Fore, Aft, Port, Starboard",-,-,-,-,-,-,-,Local (2)
1130,Light Guns (8 x 5-inch),"Fore, Aft, Port, Starboard","4""","9""","13""","18""",6,-2,1,"DP, Weak, Restricted"
1130,AA Battery,"Fore, Aft, Port, Starboard",-,-,-,-,-,-,-,Local (4)
1131,Light Guns (8 x 5-inch),"Fore, Aft, Port, Starboard","4""","9""","13""","18""",6,-2,1,"DP, Weak, Restricted"
1131,AA Battery,"Fore, Aft, Port, Starboard","1""","2""","3""","5""",8,-,-,Local (3)
1132,Light Guns (8 x 5-inch),"Fore, Aft, Port, Starboard","4""","9""","13""","18""",6,-2,1,"DP, Weak, Restricted"
1132,AA Battery,"Fore, Aft, Port, Starboard","1""","2""","3""","5""",11,-,-,Local (2)
1133,A Turret (3 x 12-inch),"Fore, Port, Starboard","9""","19""","29""","39""",3,1,2,-
1133,B Turret (3 x 12-inch),"Fore, Port, Starboard","9""","19""","29""","39""",3,1,2,-
1133,Y Turret (3 x 12-inch),"Aft, Port, Starboard","9""","19""","29""","39""",3,1,2,-
1133,Light Guns (12 x 5-inch),"Fore, Aft, Port, Starboard","4""","9""","13""","18""",8,-2,1,"DP, Restricted, Weak"
1133,AA Battery,"Fore, Aft, Port, Starboard","1""","2""","3""","5""",11,-,-,Local (2)
1134,Light Guns (16 x 5-inch),"Fore, Aft, Port, Starboard","4""","9""","13""","18""",11,-2,1,"DP, Weak, Restricted"
1134,Port Mk 15 Torpedoes,Port,"2""","5""","7""","10""",4,-,3,"Devastating, One-Shot"
1134,Starboard Mk 15 Torpedoes,Starboard,"2""","5""","7""","10""",4,-,3,"Devastating, One-Shot"
1134,AA Battery,"Fore, Aft, Port, Starboard",-,-,-,-,-,-,-,Local (2)
1135,Light Guns (16 x 5-inch),"Fore, Aft, Port, Starboard","4""","9""","13""","18""",11,-2,1,"DP, Weak, Restricted"
1135,Port Mk 15 Torpedoes,Port,"2""","5""","7""","10""",4,-,3,"Devastating, One-Shot"
1135,Starboard Mk 15 Torpedoes,Starboard,"2""","5""","7""","10""",4,-,3,"Devastating, One-Shot"
1135,AA Battery,"Fore, Aft, Port, Starboard",-,-,-,-,-,-,-,Local (2)
1136,Light Guns (16 x 5-inch),"Fore, Aft, Port, Starboard","4""","9""","13""","18""",11,-2,1,"DP, Weak, Restricted"
1136,Port Mk 15 Torpedoes,Port,"2""","5""","7""","10""",4,-,3,"Devastating, One-Shot"
1136,Starboard Mk 15 Torpedoes,Starboard,"2""","5""","7""","10""",4,-,3,"Devastating, One-Shot"
1136,AA Battery,"Fore, Aft, Port, Starboard","1""","2""","3""","5""",2,-,-,Local (1)
1137,Light Guns (16 x 5-inch),"Fore, Aft, Port, Starboard","4""","9""","13""","18""",11,-2,1,"DP, Weak, Restricted"
1137,Port Mk 15 Torpedoes,Port,"2""","5""","7""","10""",4,-,3,"Devastating, One-Shot"
1137,Starboard Mk 15 Torpedoes,Starboard,"2""","5""","7""","10""",4,-,3,"Devastating, One-Shot"
1137,AA Battery,"Fore, Aft, Port, Starboard",-,-,-,-,-,-,-,Local (2)
1138,Light Guns (16 x 5-inch),"Fore, Aft, Port, Starboard","4""","9""","13""","18""",11,-2,1,"DP, Weak, Restricted"
1138,Port Mk 15 Torpedoes,Port,"2""","5""","7""","10""",4,-,3,"Devastating, One-Shot"
1138,Starboard Mk 15 Torpedoes,Starboard,"2""","5""","7""","10""",4,-,3,"Devastating, One-Shot"
1138,AA Battery,"Fore, Aft, Port, Starboard","1""","2""","3""","5""",3,-,-,Local (1)
1139,Light Guns (12 x 5-inch),"Fore, Aft, Port, Starboard","4""","9""","13""","18""",8,-2,1,"DP, Weak, Restricted"
1139,Port Mk 15 Torpedoes,Port,"2""","5""","7""","10""",4,-,3,"Devastating, One-Shot"
1139,Starboard Mk 15 Torpedoes,Starboard,"2""","5""","7""","10""",4,-,3,"Devastating, One-Shot"
1139,AA Battery,"Fore, Aft, Port, Starboard","1""","2""","3""","5""",3,-,-,Local (1)
1140,Light Guns (12 x 5-inch),"Fore, Aft, Port, Starboard","4""","9""","13""","18""",8,-2,1,"DP, Weak, Restricted"
1140,AA Battery,"Fore, Aft, Port, Starboard","1""","2""","3""","5""",5,-,-,Local (1)
1141,Light Guns (12 x 5-inch),"Fore, Aft, Port, Starboard","4""","9""","13""","18""",8,-2,1,"DP, Weak, Restricted"
1141,AA Battery,"Fore, Aft, Port, Starboard","1""","2""","3""","5""",3,-,-,Local (1)
1142,A Turret (3 x 8-inch),"Fore, Port, Starboard","7""","15""","22""","30""",3,-,1,-
1142,B Turret (3 x 8-inch),"Fore, Port, Starboard","7""","15""","22""","30""",3,-,1,-
1142,Y Turret (3 x 8-inch),"Fore, Port, Starboard","7""","15""","22""","30""",3,-,1,-
1142,Light Guns (12 x 5-inch),"Fore, Aft, Port, Starboard","4""","9""","13""","18""",8,-2,1,"DP, Restricted, Weak"
1142,AA Battery,"Fore, Aft, Port, Starboard","1""","2""","3""","5""",10,-,-,Local (2)
1143,A Turret (3 x 8-inch),"Fore, Port, Starboard","7""","15""","22""","30""",3,-,1,-
1143,B Turret (3 x 8-inch),"Fore, Port, Starboard","7""","15""","22""","30""",3,-,1,-
1143,Y Turret (3 x 8-inch),"Fore, Port, Starboard","7""","15""","22""","30""",3,-,1,-
1143,Light Guns (12 x 5-inch),"Fore, Aft, Port, Starboard","4""","9""","13""","18""",8,-2,1,"DP, Restricted, Weak"
1143,AA Battery,"Fore, Aft, Port, Starboard","1""","2""","3""","5""",10,-,-,Local (1)
1144,A Turret (3 x 8-inch),"Fore, Port, Starboard","7""","15""","22""","30""",3,-,1,-
1144,B Turret (3 x 8-inch),"Fore, Port, Starboard","7""","15""","22""","30""",3,-,1,-
1144,Y Turret (3 x 8-inch),"Fore, Port, Starboard","7""","15""","22""","30""",3,-,1,-
1144,Light Guns (12 x 5-inch),"Fore, Aft, Port, Starboard","4""","9""","13""","18""",8,-2,1,"DP, Restricted, Weak"
1144,AA Battery,"Fore, Aft, Port, Starboard","1""","2""","3""","5""",10,-,-,Local (2)
1145,A Turret (3 x 8-inch),"Fore, Port, Starboard","7""","15""","22""","30""",3,-,1,-
1145,B Turret (3 x 8-inch),"Fore, Port, Starboard","7""","15""","22""","30""",3,-,1,-
1145,Y Turret (3 x 8-inch),"Fore, Port, Starboard","7""","15""","22""","30""",3,-,1,-
1145,Light Guns (12 x 5-inch),"Fore, Aft, Port, Starboard","4""","9""","13""","18""",8,-2,1,"DP, Restricted, Weak"
1145,AA Battery,"Fore, Aft, Port, Starboard","1""","2""","3""","5""",10,-,-,Local (1)
1146,A Turret (3 x 6-inch),"Fore, Port, Starboard","6""","13""","19""","26""",2,-1,1,Fast Track
1146,B Turret (3 x 6-inch),"Fore, Port, Starboard","6""","13""","19""","26""",2,-1,1,Fast Track
1146,Q Turret (3 x 6-inch),"Port, Starboard","6""","13""","19""","26""",2,-1,1,Fast Track
1146,X Turret (3 x 6-inch),"Aft, Port, Starboard","6""","13""","19""","26""",2,-1,1,Fast Track
1146,Y Turret (3 x 6-inch),"Aft, Port, Starboard","6""","13""","19""","26""",2,-1,1,Fast Track
1146,Light Guns (8 x 5-inch),"Fore, Aft, Port, Starboard","3""","7""","11""","15""",6,-2,1,"DP, Restricted, Weak"
1146,AA Battery,"Fore, Aft, Port, Starboard",-,-,-,-,-,-,-,Local (1)
1147,A Turret (3 x 6-inch),"Fore, Port, Starboard","6""","13""","19""","26""",2,-1,1,Fast Track
1147,B Turret (3 x 6-inch),"Fore, Port, Starboard","6""","13""","19""","26""",2,-1,1,Fast Track
1147,Q Turret (3 x 6-inch),"Port, Starboard","6""","13""","19""","26""",2,-1,1,Fast Track
1147,X Turret (3 x 6-inch),"Aft, Port, Starboard","6""","13""","19""","26""",2,-1,1,Fast Track
1147,Y Turret (3 x 6-inch),"Aft, Port, Starboard","6""","13""","19""","26""",2,-1,1,Fast Track
1147,Light Guns (8 x 5-inch),"Fore, Aft, Port, Starboard","3""","7""","11""","15""",6,-2,1,"DP, Restricted, Weak"
1147,AA Battery,"Fore, Aft, Port, Starboard","1""","3""","4""","6""",1,-,-,Local (1)
1148,A Turret (3 x 6-inch),"Fore, Port, Starboard","6""","13""","19""","26""",2,-1,1,Fast Track
1148,B Turret (3 x 6-inch),"Fore, Port, Starboard","6""","13""","19""","26""",2,-1,1,Fast Track
1148,Q Turret (3 x 6-inch),"Port, Starboard","6""","13""","19""","26""",2,-1,1,Fast Track
1148,X Turret (3 x 6-inch),"Aft, Port, Starboard","6""","13""","19""","26""",2,-1,1,Fast Track
1148,Y Turret (3 x 6-inch),"Aft, Port, Starboard","6""","13""","19""","26""",2,-1,1,Fast Track
1148,Light Guns (8 x 5-inch),"Fore, Aft, Port, Starboard","3""","7""","11""","15""",6,-2,1,"DP, Restricted, Weak"
1148,AA Battery,"Fore, Aft, Port, Starboard",-,-,-,-,-,-,-,Local (2)
1149,A Turret (3 x 6-inch),"Fore, Port, Starboard","6""","13""","19""","26""",2,-1,1,Fast Track
1149,B Turret (3 x 6-inch),"Fore, Port, Starboard","6""","13""","19""","26""",2,-1,1,Fast Track
1149,Q Turret (3 x 6-inch),"Port, Starboard","6""","13""","19""","26""",2,-1,1,Fast Track
1149,X Turret (3 x 6-inch),"Aft, Port, Starboard","6""","13""","19""","26""",2,-1,1,Fast Track
1149,Y Turret (3 x 6-inch),"Aft, Port, Starboard","6""","13""","19""","26""",2,-1,1,Fast Track
1149,Light Guns (8 x 5-inch),"Fore, Aft, Port, Starboard","3""","7""","11""","15""",6,-2,1,"DP, Restricted, Weak"
1149,AA Battery,"Fore, Aft, Port, Starboard",-,-,-,-,-,-,-,Local (2)
1150,A Turret (3 x 6-inch),"Fore, Port, Starboard","6""","13""","19""","26""",2,-1,1,Fast Track
1150,B Turret (3 x 6-inch),"Fore, Port, Starboard","6""","13""","19""","26""",2,-1,1,Fast Track
1150,Q Turret (3 x 6-inch),"Port, Starboard","6""","13""","19""","26""",2,-1,1,Fast Track
1150,X Turret (3 x 6-inch),"Aft, Port, Starboard","6""","13""","19""","26""",2,-1,1,Fast Track
1150,Y Turret (3 x 6-inch),"Aft, Port, Starboard","6""","13""","19""","26""",2,-1,1,Fast Track
1150,Light Guns (8 x 5-inch),"Fore, Aft, Port, Starboard","3""","7""","11""","15""",6,-2,1,"DP, Restricted, Weak"
1150,AA Battery,"Fore, Aft, Port, Starboard","1""","2""","3""","5""",6,-,-,Local (2)
1151,A Turret (3 x 6-inch),"Fore, Port, Starboard","6""","13""","19""","26""",2,-1,1,Fast Track
1151,B Turret (3 x 6-inch),"Fore, Port, Starboard","6""","13""","19""","26""",2,-1,1,Fast Track
1151,Q Turret (3 x 6-inch),"Port, Starboard","6""","13""","19""","26""",2,-1,1,Fast Track
1151,X Turret (3 x 6-inch),"Aft, Port, Starboard","6""","13""","19""","26""",2,-1,1,Fast Track
1151,Y Turret (3 x 6-inch),"Aft, Port, Starboard","6""","13""","19""","26""",2,-1,1,Fast Track
1151,Light Guns (8 x 5-inch),"Fore, Aft, Port, Starboard","3""","7""","11""","15""",6,-2,1,"DP, Restricted, Weak"
1151,AA Battery,"Fore, Aft, Port, Starboard","1""","3""","4""","6""",1,-,-,Local (1)
1152,A Turret (3 x 6-inch),"Fore, Port, Starboard","6""","13""","19""","26""",2,-1,1,Fast Track
1152,B Turret (3 x 6-inch),"Fore, Port, Starboard","6""","13""","19""","26""",2,-1,1,Fast Track
1152,Q Turret (3 x 6-inch),"Port, Starboard","6""","13""","19""","26""",2,-1,1,Fast Track
1152,X Turret (3 x 6-inch),"Aft, Port, Starboard","6""","13""","19""","26""",2,-1,1,Fast Track
1152,Y Turret (3 x 6-inch),"Aft, Port, Starboard","6""","13""","19""","26""",2,-1,1,Fast Track
1152,Light Guns (8 x 5-inch),"Fore, Aft, Port, Starboard","3""","7""","11""","15""",6,-2,1,"DP, Restricted, Weak"
1152,AA Battery,"Fore, Aft, Port, Starboard",-,-,-,-,-,-,-,Local (2)
1153,A Turret (3 x 6-inch),"Fore, Port, Starboard","6""","13""","19""","26""",2,-1,1,Fast Track
1153,B Turret (3 x 6-inch),"Fore, Port, Starboard","6""","13""","19""","26""",2,-1,1,Fast Track
1153,Q Turret (3 x 6-inch),"Port, Starboard","6""","13""","19""","26""",2,-1,1,Fast Track
1153,X Turret (3 x 6-inch),"Aft, Port, Starboard","6""","13""","19""","26""",2,-1,1,Fast Track
1153,Y Turret (3 x 6-inch),"Aft, Port, Starboard","6""","13""","19""","26""",2,-1,1,Fast Track
1153,Light Guns (8 x 5-inch),"Fore, Aft, Port, Starboard","3""","7""","11""","15""",6,-2,1,"DP, Restricted, Weak"
1153,AA Battery,"Fore, Aft, Port, Starboard","1""","2""","3""","5""",5,-,-,Local (1)
1154,A Turret (3 x 6-inch),"Fore, Port, Starboard","6""","13""","19""","26""",2,-1,1,Fast Track
1154,B Turret (3 x 6-inch),"Fore, Port, Starboard","6""","13""","19""","26""",2,-1,1,Fast Track
1154,Q Turret (3 x 6-inch),"Port, Starboard","6""","13""","19""","26""",2,-1,1,Fast Track
1154,X Turret (3 x 6-inch),"Aft, Port, Starboard","6""","13""","19""","26""",2,-1,1,Fast Track
1154,Y Turret (3 x 6-inch),"Aft, Port, Starboard","6""","13""","19""","26""",2,-1,1,Fast Track
1154,Light Guns (8 x 5-inch),"Fore, Aft, Port, Starboard","3""","7""","11""","15""",6,-2,1,"DP, Restricted, Weak"
1154,AA Battery,"Fore, Aft, Port, Starboard","1""","2""","3""","5""",5,-,-,Local (1)
1155,A Turret (3 x 6-inch),"Fore, Port, Starboard","6""","13""","19""","26""",2,-1,1,Fast Track
1155,B Turret (3 x 6-inch),"Fore, Port, Starboard","6""","13""","19""","26""",2,-1,1,Fast Track
1155,Q Turret (3 x 6-inch),"Port, Starboard","6""","13""","19""","26""",2,-1,1,Fast Track
1155,X Turret (3 x 6-inch),"Aft, Port, Starboard","6""","13""","19""","26""",2,-1,1,Fast Track
1155,Y Turret (3 x 6-inch),"Aft, Port, Starboard","6""","13""","19""","26""",2,-1,1,Fast Track
1155,Light Guns (8 x 5-inch),"Fore, Aft, Port, Starboard","3""","7""","11""","15""",6,-2,1,"DP, Restricted, Weak"
1155,AA Battery,"Fore, Aft, Port, Starboard","1""","2""","3""","5""",6,-,-,Local (1)
1156,A Turret (3 x 6-inch),"Fore, Port, Starboard","6""","13""","19""","26""",2,-1,1,Fast Track
1156,B Turret (3 x 6-inch),"Fore, Port, Starboard","6""","13""","19""","26""",2,-1,1,Fast Track
1156,X Turret (3 x 6-inch),"Aft, Port, Starboard","6""","13""","19""","26""",2,-1,1,Fast Track
1156,Y Turret (3 x 6-inch),"Aft, Port, Starboard","6""","13""","19""","26""",2,-1,1,Fast Track
1156,Light Guns (12 x 5-inch),"Fore, Aft, Port, Starboard","4""","9""","13""","18""",8,-2,1,"DP, Restricted, Weak"
1156,AA Battery,"Fore, Aft, Port, Starboard","1""","2""","3""","5""",2,-,-,Local (1)
1157,A Turret (3 x 6-inch),"Fore, Port, Starboard","6""","13""","19""","26""",2,-1,1,Fast Track
1157,B Turret (3 x 6-inch),"Fore, Port, Starboard","6""","13""","19""","26""",2,-1,1,Fast Track
1157,X Turret (3 x 6-inch),"Aft, Port, Starboard","6""","13""","19""","26""",2,-1,1,Fast Track
1157,Y Turret (3 x 6-inch),"Aft, Port, Starboard","6""","13""","19""","26""",2,-1,1,Fast Track
1157,Light Guns (12 x 5-inch),"Fore, Aft, Port, Starboard","4""","9""","13""","18""",8,-2,1,"DP, Restricted, Weak"
1157,AA Battery,"Fore, Aft, Port, Starboard","1""","2""","3""","5""",5,-,-,Local (1)
1158,A Turret (3 x 6-inch),"Fore, Port, Starboard","6""","13""","19""","26""",2,-1,1,Fast Track
1158,B Turret (3 x 6-inch),"Fore, Port, Starboard","6""","13""","19""","26""",2,-1,1,Fast Track
1158,X Turret (3 x 6-inch),"Aft, Port, Starboard","6""","13""","19""","26""",2,-1,1,Fast Track
1158,Y Turret (3 x 6-inch),"Aft, Port, Starboard","6""","13""","19""","26""",2,-1,1,Fast Track
1158,Light Guns (12 x 5-inch),"Fore, Aft, Port, Starboard","4""","9""","13""","18""",8,-2,1,"DP, Restricted, Weak"
1158,AA Battery,"Fore, Aft, Port, Starboard","1""","2""","3""","5""",6,-,-,Local (1)
1159,A Turret (3 x 6-inch),"Fore, Port, Starboard","6""","13""","19""","26""",2,-1,1,Fast Track
1159,B Turret (3 x 6-inch),"Fore, Port, Starboard","6""","13""","19""","26""",2,-1,1,Fast Track
1159,X Turret (3 x 6-inch),"Aft, Port, Starboard","6""","13""","19""","26""",2,-1,1,Fast Track
1159,Y Turret (3 x 6-inch),"Aft, Port, Starboard","6""","13""","19""","26""",2,-1,1,Fast Track
1159,Light Guns (12 x 5-inch),"Fore, Aft, Port, Starboard","4""","9""","13""","18""",8,-2,1,"DP, Restricted, Weak"
1159,AA Battery,"Fore, Aft, Port, Starboard","1""","2""","3""","5""",3,-,-,Local (1)
1160,A Turret (3 x 6-inch),"Fore, Port, Starboard","6""","13""","19""","26""",2,-1,1,Fast Track
1160,B Turret (3 x 6-inch),"Fore, Port, Starboard","6""","13""","19""","26""",2,-1,1,Fast Track
1160,X Turret (3 x 6-inch),"Aft, Port, Starboard","6""","13""","19""","26""",2,-1,1,Fast Track
1160,Y Turret (3 x 6-inch),"Aft, Port, Starboard","6""","13""","19""","26""",2,-1,1,Fast Track
1160,Light Guns (12 x 5-inch),"Fore, Aft, Port, Starboard","4""","9""","13""","18""",8,-2,1,"DP, Restricted, Weak"
1160,AA Battery,"Fore, Aft, Port, Starboard","1""","2""","3""","5""",5,-,-,Local (1)
1161,A Turret (3 x 6-inch),"Fore, Port, Starboard","6""","13""","19""","26""",2,-1,1,Fast Track
1161,B Turret (3 x 6-inch),"Fore, Port, Starboard","6""","13""","19""","26""",2,-1,1,Fast Track
1161,X Turret (3 x 6-inch),"Aft, Port, Starboard","6""","13""","19""","26""",2,-1,1,Fast Track
1161,Y Turret (3 x 6-inch),"Aft, Port, Starboard","6""","13""","19""","26""",2,-1,1,Fast Track
1161,Light Guns (12 x 5-inch),"Fore, Aft, Port, Starboard","4""","9""","13""","18""",8,-2,1,"DP, Restricted, Weak"
1161,AA Battery,"Fore, Aft, Port, Starboard","1""","2""","3""","5""",6,-,-,Local (1)
1162,A Turret (3 x 6-inch),"Fore, Port, Starboard","6""","13""","19""","26""",2,-1,1,Fast Track
1162,B Turret (3 x 6-inch),"Fore, Port, Starboard","6""","13""","19""","26""",2,-1,1,Fast Track
1162,X Turret (3 x 6-inch),"Aft, Port, Starboard","6""","13""","19""","26""",2,-1,1,Fast Track
1162,Y Turret (3 x 6-inch),"Aft, Port, Starboard","6""","13""","19""","26""",2,-1,1,Fast Track
1162,Light Guns (12 x 5-inch),"Fore, Aft, Port, Starboard","4""","9""","13""","18""",8,-2,1,"DP, Restricted, Weak"
1162,AA Battery,"Fore, Aft, Port, Starboard","1""","2""","3""","5""",5,-,-,Local (1)
1163,A Turret (3 x 6-inch),"Fore, Port, Starboard","6""","13""","19""","26""",2,-1,1,Fast Track
1163,B Turret (3 x 6-inch),"Fore, Port, Starboard","6""","13""","19""","26""",2,-1,1,Fast Track
1163,X Turret (3 x 6-inch),"Aft, Port, Starboard","6""","13""","19""","26""",2,-1,1,Fast Track
1163,Y Turret (3 x 6-inch),"Aft, Port, Starboard","6""","13""","19""","26""",2,-1,1,Fast Track
1163,Light Guns (12 x 5-inch),"Fore, Aft, Port, Starboard","4""","9""","13""","18""",8,-2,1,"DP, Restricted, Weak"
1163,AA Battery,"Fore, Aft, Port, Starboard","1""","2""","3""","5""",5,-,-,Local (1)
1164,A Turret (3 x 6-inch),"Fore, Port, Starboard","6""","13""","19""","26""",2,-1,1,Fast Track
1164,B Turret (3 x 6-inch),"Fore, Port, Starboard","6""","13""","19""","26""",2,-1,1,Fast Track
1164,X Turret (3 x 6-inch),"Aft, Port, Starboard","6""","13""","19""","26""",2,-1,1,Fast Track
1164,Y Turret (3 x 6-inch),"Aft, Port, Starboard","6""","13""","19""","26""",2,-1,1,Fast Track
1164,Light Guns (12 x 5-inch),"Fore, Aft, Port, Starboard","4""","9""","13""","18""",8,-2,1,"DP, Restricted, Weak"
1164,AA Battery,"Fore, Aft, Port, Starboard","1""","2""","3""","5""",6,-,-,Local (1)
1165,A Turret (3 x 6-inch),"Fore, Port, Starboard","6""","13""","19""","26""",2,-1,1,Fast Track
1165,B Turret (3 x 6-inch),"Fore, Port, Starboard","6""","13""","19""","26""",2,-1,1,Fast Track
1165,X Turret (3 x 6-inch),"Aft, Port, Starboard","6""","13""","19""","26""",2,-1,1,Fast Track
1165,Y Turret (3 x 6-inch),"Aft, Port, Starboard","6""","13""","19""","26""",2,-1,1,Fast Track
1165,Light Guns (12 x 5-inch),"Fore, Aft, Port, Starboard","4""","9""","13""","18""",8,-2,1,"DP, Restricted, Weak"
1165,AA Battery,"Fore, Aft, Port, Starboard","1""","2""","3""","5""",5,-,-,Local (1)
1166,A Turret (3 x 6-inch),"Fore, Port, Starboard","6""","13""","19""","26""",2,-1,1,Fast Track
1166,B Turret (3 x 6-inch),"Fore, Port, Starboard","6""","13""","19""","26""",2,-1,1,Fast Track
1166,X Turret (3 x 6-inch),"Aft, Port, Starboard","6""","13""","19""","26""",2,-1,1,Fast Track
1166,Y Turret (3 x 6-inch),"Aft, Port, Starboard","6""","13""","19""","26""",2,-1,1,Fast Track
1166,Light Guns (12 x 5-inch),"Fore, Aft, Port, Starboard","4""","9""","13""","18""",8,-2,1,"DP, Restricted, Weak"
1166,AA Battery,"Fore, Aft, Port, Starboard","1""","2""","3""","5""",6,-,-,Local (1)
1167,A Turret (3 x 8-inch),"Fore, Port, Starboard","7""","15""","22""","30""",3,-,1,Twin-Linked
1167,B Turret (3 x 8-inch),"Fore, Port, Starboard","7""","15""","22""","30""",3,-,1,Twin-Linked
1167,Y Turret (3 x 8-inch),"Aft, Port, Starboard","7""","15""","22""","30""",3,-,1,Twin-Linked
1167,Light Guns (12 x 5-inch),"Fore, Aft, Port, Starboard","4""","9""","13""","18""",8,-2,1,"DP, Restricted, Weak"
1167,AA Battery,"Fore, Aft, Port, Starboard","1""","3""","4""","6""",13,-,-,Local (2)
1168,A Turret (3 x 8-inch),"Fore, Port, Starboard","7""","15""","22""","30""",3,-,1,Twin-Linked
1168,B Turret (3 x 8-inch),"Fore, Port, Starboard","7""","15""","22""","30""",3,-,1,Twin-Linked
1168,Y Turret (3 x 8-inch),"Aft, Port, Starboard","7""","15""","22""","30""",3,-,1,Twin-Linked
1168,Light Guns (12 x 5-inch),"Fore, Aft, Port, Starboard","4""","9""","13""","18""",8,-2,1,"DP, Restricted, Weak"
1168,AA Battery,"Fore, Aft, Port, Starboard","1""","3""","4""","6""",13,-,-,Local (2)
1169,A Turret (3 x 6-inch),"Fore, Port, Starboard","6""","13""","19""","26""",2,-1,1,Fast Track
1169,B Turret (3 x 6-inch),"Fore, Port, Starboard","6""","13""","19""","26""",2,-1,1,Fast Track
1169,X Turret (3 x 6-inch),"Aft, Port, Starboard","6""","13""","19""","26""",2,-1,1,Fast Track
1169,Y Turret (3 x 6-inch),"Aft, Port, Starboard","6""","13""","19""","26""",2,-1,1,Fast Track
1169,Light Guns (12 x 5-inch),"Fore, Aft, Port, Starboard","4""","9""","13""","18""",8,-2,1,"DP, Restricted, Weak"
1169,AA Battery,"Fore, Aft, Port, Starboard","1""","2""","3""","5""",6,-,-,Local (2)
1170,A Turret (3 x 8-inch),"Fore, Port, Starboard","8""","16""","24""","32""",3,-,1,-
1170,B Turret (3 x 8-inch),"Fore, Port, Starboard","8""","16""","24""","32""",3,-,1,-
1170,X Turret (3 x 8-inch),"Aft, Port, Starboard","8""","16""","24""","32""",3,-,1,-
1170,Light Guns (8 x 5-inch),"Fore, Aft, Port, Starboard","3""","7""","11""","15""",6,-2,1,"DP, Restricted, Weak"
1170,AA Battery,"Fore, Aft, Port, Starboard",-,-,-,-,-,-,-,Local (1)
1171,A Turret (3 x 8-inch),"Fore, Port, Starboard","8""","16""","24""","32""",3,-,1,-
1171,B Turret (3 x 8-inch),"Fore, Port, Starboard","8""","16""","24""","32""",3,-,1,-
1171,X Turret (3 x 8-inch),"Aft, Port, Starboard","8""","16""","24""","32""",3,-,1,-
1171,Light Guns (8 x 5-inch),"Fore, Aft, Port, Starboard","3""","7""","11""","15""",6,-2,1,"DP, Restricted, Weak"
1171,AA Battery,"Fore, Aft, Port, Starboard",-,-,-,-,-,-,-,Local (2)
1172,A Turret (3 x 8-inch),"Fore, Port, Starboard","8""","16""","24""","32""",3,-,1,-
1172,B Turret (3 x 8-inch),"Fore, Port, Starboard","8""","16""","24""","32""",3,-,1,-
1172,X Turret (3 x 8-inch),"Aft, Port, Starboard","8""","16""","24""","32""",3,-,1,-
1172,Light Guns (8 x 5-inch),"Fore, Aft, Port, Starboard","3""","7""","11""","15""",6,-2,1,"DP, Restricted, Weak"
1172,AA Battery,"Fore, Aft, Port, Starboard",-,-,-,-,-,-,-,Local (2)
1173,A Turret (3 x 8-inch),"Fore, Port, Starboard","8""","16""","24""","32""",3,-,1,-
1173,B Turret (3 x 8-inch),"Fore, Port, Starboard","8""","16""","24""","32""",3,-,1,-
1173,X Turret (3 x 8-inch),"Aft, Port, Starboard","8""","16""","24""","32""",3,-,1,-
1173,Light Guns (8 x 5-inch),"Fore, Aft, Port, Starboard","3""","7""","11""","15""",6,-2,1,"DP, Restricted, Weak"
1173,AA Battery,"Fore, Aft, Port, Starboard",-,-,-,-,-,-,-,Local (2)
1174,A Turret (3 x 8-inch),"Fore, Port, Starboard","8""","16""","24""","32""",3,-,1,-
1174,B Turret (3 x 8-inch),"Fore, Port, Starboard","8""","16""","24""","32""",3,-,1,-
1174,X Turret (3 x 8-inch),"Aft, Port, Starboard","8""","16""","24""","32""",3,-,1,-
1174,Light Guns (8 x 5-inch),"Fore, Aft, Port, Starboard","3""","7""","11""","15""",6,-2,1,"DP, Restricted, Weak"
1174,AA Battery,"Fore, Aft, Port, Starboard",-,-,-,-,-,-,-,Local (2)
1175,A Turret (3 x 8-inch),"Fore, Port, Starboard","8""","16""","24""","32""",3,-,1,-
1175,B Turret (3 x 8-inch),"Fore, Port, Starboard","8""","16""","24""","32""",3,-,1,-
1175,X Turret (3 x 8-inch),"Aft, Port, Starboard","8""","16""","24""","32""",3,-,1,-
1175,Light Guns (8 x 5-inch),"Fore, Aft, Port, Starboard","3""","7""","11""","15""",6,-2,1,"DP, Restricted, Weak"
1175,AA Battery,"Fore, Aft, Port, Starboard",-,-,-,-,-,-,-,Local (2)
1176,A Turret (3 x 8-inch),"Fore, Port, Starboard","8""","16""","24""","32""",3,-,1,-
1176,B Turret (3 x 8-inch),"Fore, Port, Starboard","8""","16""","24""","32""",3,-,1,-
1176,X Turret (3 x 8-inch),"Aft, Port, Starboard","8""","16""","24""","32""",3,-,1,-
1176,Light Guns (8 x 5-inch),"Fore, Aft, Port, Starboard","3""","7""","11""","15""",6,-2,1,"DP, Restricted, Weak"
1176,AA Battery,"Fore, Aft, Port, Starboard","1""","2""","3""","5""",5,-,-,Local (1)
1177,A Turret (3 x 8-inch),"Fore, Port, Starboard","8""","16""","24""","32""",3,-,1,-
1177,B Turret (3 x 8-inch),"Fore, Port, Starboard","8""","16""","24""","32""",3,-,1,-
1177,X Turret (3 x 8-inch),"Aft, Port, Starboard","8""","16""","24""","32""",3,-,1,-
1177,Light Guns (8 x 5-inch),"Fore, Aft, Port, Starboard","3""","7""","11""","15""",6,-2,1,"DP, Restricted, Weak"
1177,AA Battery,"Fore, Aft, Port, Starboard","1""","2""","3""","5""",5,-,-,Local (2)
1178,A Turret (3 x 8-inch),"Fore, Port, Starboard","8""","16""","24""","32""",3,-,1,-
1178,B Turret (3 x 8-inch),"Fore, Port, Starboard","8""","16""","24""","32""",3,-,1,-
1178,X Turret (3 x 8-inch),"Aft, Port, Starboard","8""","16""","24""","32""",3,-,1,-
1178,Light Guns (8 x 5-inch),"Fore, Aft, Port, Starboard","3""","7""","11""","15""",6,-2,1,"DP, Restricted, Weak"
1178,AA Battery,"Fore, Aft, Port, Starboard","1""","2""","3""","5""",5,-,-,Local (2)
1179,A Turret (3 x 8-inch),"Fore, Port, Starboard","8""","16""","24""","32""",3,-,1,-
1179,B Turret (3 x 8-inch),"Fore, Port, Starboard","8""","16""","24""","32""",3,-,1,-
1179,X Turret (3 x 8-inch),"Aft, Port, Starboard","8""","16""","24""","32""",3,-,1,-
1179,Light Guns (8 x 5-inch),"Fore, Aft, Port, Starboard","3""","7""","11""","15""",6,-2,1,"DP, Restricted, Weak"
1179,AA Battery,"Fore, Aft, Port, Starboard",-,-,-,-,-,-,-,Local (2)
1180,A Turret (3 x 8-inch),"Fore, Port, Starboard","8""","16""","24""","32""",3,-,1,-
1180,B Turret (3 x 8-inch),"Fore, Port, Starboard","8""","16""","24""","32""",3,-,1,-
1180,X Turret (3 x 8-inch),"Aft, Port, Starboard","8""","16""","24""","32""",3,-,1,-
1180,Light Guns (8 x 5-inch),"Fore, Aft, Port, Starboard","3""","7""","11""","15""",6,-2,1,"DP, Restricted, Weak"
1180,AA Battery,"Fore, Aft, Port, Starboard",-,-,-,-,-,-,-,Local (2)
1181,A Turret (3 x 8-inch),"Fore, Port, Starboard","8""","16""","24""","32""",3,-,1,-
1181,B Turret (3 x 8-inch),"Fore, Port, Starboard","8""","16""","24""","32""",3,-,1,-
1181,X Turret (3 x 8-inch),"Aft, Port, Starboard","8""","16""","24""","32""",3,-,1,-
1181,Light Guns (8 x 5-inch),"Fore, Aft, Port, Starboard","3""","7""","11""","15""",6,-2,1,"DP, Restricted, Weak"
1181,AA Battery,"Fore, Aft, Port, Starboard","1""","2""","3""","5""",5,-,-,Local (1)
1182,A Turret (3 x 8-inch),"Fore, Port, Starboard","8""","16""","24""","32""",3,-,1,-
1182,B Turret (3 x 8-inch),"Fore, Port, Starboard","8""","16""","24""","32""",3,-,1,-
1182,X Turret (3 x 8-inch),"Aft, Port, Starboard","8""","16""","24""","32""",3,-,1,-
1182,Light Guns (8 x 5-inch),"Fore, Aft, Port, Starboard","3""","7""","11""","15""",6,-2,1,"DP, Restricted, Weak"
1182,AA Battery,"Fore, Aft, Port, Starboard","1""","2""","3""","5""",5,-,-,Local (2)
1183,A Turret (3 x 8-inch),"Fore, Port, Starboard","8""","16""","24""","32""",3,-,1,-
1183,B Turret (3 x 8-inch),"Fore, Port, Starboard","8""","16""","24""","32""",3,-,1,-
1183,X Turret (3 x 8-inch),"Aft, Port, Starboard","8""","16""","24""","32""",3,-,1,-
1183,Light Guns (8 x 5-inch),"Fore, Aft, Port, Starboard","3""","7""","11""","15""",6,-2,1,"DP, Restricted, Weak"
1183,AA Battery,"Fore, Aft, Port, Starboard","1""","2""","3""","5""",5,-,-,Local (2)
1184,A Turret (3 x 8-inch),"Fore, Port, Starboard","8""","16""","24""","32""",3,-,1,-
1184,B Turret (3 x 8-inch),"Fore, Port, Starboard","8""","16""","24""","32""",3,-,1,-
1184,X Turret (3 x 8-inch),"Aft, Port, Starboard","8""","16""","24""","32""",3,-,1,-
1184,Light Guns (8 x 5-inch),"Fore, Aft, Port, Starboard","3""","7""","11""","15""",6,-2,1,"DP, Restricted, Weak"
1184,AA Battery,"Fore, Aft, Port, Starboard",-,-,-,-,-,-,-,Local (2)
1185,A Turret (3 x 8-inch),"Fore, Port, Starboard","8""","16""","24""","32""",3,-,1,-
1185,B Turret (3 x 8-inch),"Fore, Port, Starboard","8""","16""","24""","32""",3,-,1,-
1185,X Turret (3 x 8-inch),"Aft, Port, Starboard","8""","16""","24""","32""",3,-,1,-
1185,Light Guns (8 x 5-inch),"Fore, Aft, Port, Starboard","3""","7""","11""","15""",6,-2,1,"DP, Restricted, Weak"
1185,AA Battery,"Fore, Aft, Port, Starboard","1""","2""","3""","5""",5,-,-,Local (1)
1186,A Turret (3 x 8-inch),"Fore, Port, Starboard","8""","16""","24""","32""",3,-,1,-
1186,B Turret (3 x 8-inch),"Fore, Port, Starboard","8""","16""","24""","32""",3,-,1,-
1186,X Turret (3 x 8-inch),"Aft, Port, Starboard","8""","16""","24""","32""",3,-,1,-
1186,Light Guns (8 x 5-inch),"Fore, Aft, Port, Starboard","3""","7""","11""","15""",6,-2,1,"DP, Restricted, Weak"
1186,AA Battery,"Fore, Aft, Port, Starboard","1""","2""","3""","5""",5,-,-,Local (2)
1187,A Turret (3 x 8-inch),"Fore, Port, Starboard","8""","16""","24""","32""",3,-,1,-
1187,B Turret (3 x 8-inch),"Fore, Port, Starboard","8""","16""","24""","32""",3,-,1,-
1187,X Turret (3 x 8-inch),"Aft, Port, Starboard","8""","16""","24""","32""",3,-,1,-
1187,Light Guns (8 x 5-inch),"Fore, Aft, Port, Starboard","3""","7""","11""","15""",6,-2,1,"DP, Restricted, Weak"
1187,AA Battery,"Fore, Aft, Port, Starboard","1""","2""","3""","5""",5,-,-,Local (2)
1188,A Turret (3 x 8-inch),"Fore, Port, Starboard","8""","16""","24""","32""",3,-,1,-
1188,B Turret (3 x 8-inch),"Fore, Port, Starboard","8""","16""","24""","32""",3,-,1,-
1188,X Turret (3 x 8-inch),"Aft, Port, Starboard","8""","16""","24""","32""",3,-,1,-
1188,Light Guns (8 x 5-inch),"Fore, Aft, Port, Starboard","3""","7""","11""","15""",6,-2,1,"DP, Restricted, Weak"
1188,AA Battery,"Fore, Aft, Port, Starboard",-,-,-,-,-,-,-,Local (1)
1189,A Turret (3 x 8-inch),"Fore, Port, Starboard","8""","16""","24""","32""",3,-,1,-
1189,B Turret (3 x 8-inch),"Fore, Port, Starboard","8""","16""","24""","32""",3,-,1,-
1189,X Turret (3 x 8-inch),"Aft, Port, Starboard","8""","16""","24""","32""",3,-,1,-
1189,Light Guns (8 x 5-inch),"Fore, Aft, Port, Starboard","3""","7""","11""","15""",6,-2,1,"DP, Restricted, Weak"
1189,AA Battery,"Fore, Aft, Port, Starboard",-,-,-,-,-,-,-,Local (1)
1190,A Turret (3 x 8-inch),"Fore, Port, Starboard","8""","16""","24""","32""",3,-,1,-
1190,B Turret (3 x 8-inch),"Fore, Port, Starboard","8""","16""","24""","32""",3,-,1,-
1190,X Turret (3 x 8-inch),"Aft, Port, Starboard","8""","16""","24""","32""",3,-,1,-
1190,Light Guns (8 x 5-inch),"Fore, Aft, Port, Starboard","3""","7""","11""","15""",6,-2,1,"DP, Restricted, Weak"
1190,AA Battery,"Fore, Aft, Port, Starboard","1""","3""","4""","6""",1,-,-,Local (1)
1191,A Turret (3 x 8-inch),"Fore, Port, Starboard","8""","16""","24""","32""",3,-,1,-
1191,B Turret (3 x 8-inch),"Fore, Port, Starboard","8""","16""","24""","32""",3,-,1,-
1191,X Turret (3 x 8-inch),"Aft, Port, Starboard","8""","16""","24""","32""",3,-,1,-
1191,Light Guns (8 x 5-inch),"Fore, Aft, Port, Starboard","3""","7""","11""","15""",6,-2,1,"DP, Restricted, Weak"
1191,AA Battery,"Fore, Aft, Port, Starboard",-,-,-,-,-,-,-,Local (2)
1192,A Turret (3 x 8-inch),"Fore, Port, Starboard","8""","16""","24""","32""",3,-,1,-
1192,B Turret (3 x 8-inch),"Fore, Port, Starboard","8""","16""","24""","32""",3,-,1,-
1192,X Turret (3 x 8-inch),"Aft, Port, Starboard","8""","16""","24""","32""",3,-,1,-
1192,Light Guns (8 x 5-inch),"Fore, Aft, Port, Starboard","3""","7""","11""","15""",6,-2,1,"DP, Restricted, Weak"
1192,AA Battery,"Fore, Aft, Port, Starboard",-,-,-,-,-,-,-,Local (2)
1193,A Turret (3 x 8-inch),"Fore, Port, Starboard","8""","16""","24""","32""",3,-,1,-
1193,B Turret (3 x 8-inch),"Fore, Port, Starboard","8""","16""","24""","32""",3,-,1,-
1193,X Turret (3 x 8-inch),"Aft, Port, Starboard","8""","16""","24""","32""",3,-,1,-
1193,Light Guns (8 x 5-inch),"Fore, Aft, Port, Starboard","3""","7""","11""","15""",6,-2,1,"DP, Restricted, Weak"
1193,AA Battery,"Fore, Aft, Port, Starboard","1""","2""","3""","5""",3,-,-,Local (1)
1194,A Turret (3 x 8-inch),"Fore, Port, Starboard","8""","16""","24""","32""",3,-,1,-
1194,B Turret (3 x 8-inch),"Fore, Port, Starboard","8""","16""","24""","32""",3,-,1,-
1194,X Turret (3 x 8-inch),"Aft, Port, Starboard","8""","16""","24""","32""",3,-,1,-
1194,Light Guns (8 x 5-inch),"Fore, Aft, Port, Starboard","3""","7""","11""","15""",6,-2,1,"DP, Restricted, Weak"
1194,AA Battery,"Fore, Aft, Port, Starboard","1""","2""","3""","5""",4,-,-,Local (1)
1195,A Turret (3 x 8-inch),"Fore, Port, Starboard","8""","16""","24""","32""",3,-,1,-
1195,B Turret (3 x 8-inch),"Fore, Port, Starboard","8""","16""","24""","32""",3,-,1,-
1195,X Turret (3 x 8-inch),"Aft, Port, Starboard","8""","16""","24""","32""",3,-,1,-
1195,Light Guns (8 x 5-inch),"Fore, Aft, Port, Starboard","3""","7""","11""","15""",6,-2,1,"DP, Restricted, Weak"
1195,AA Battery,"Fore, Aft, Port, Starboard",-,-,-,-,-,-,-,Local (2)
1196,A Turret (3 x 8-inch),"Fore, Port, Starboard","8""","16""","24""","32""",3,-,1,-
1196,B Turret (3 x 8-inch),"Fore, Port, Starboard","8""","16""","24""","32""",3,-,1,-
1196,X Turret (3 x 8-inch),"Aft, Port, Starboard","8""","16""","24""","32""",3,-,1,-
1196,Light Guns (8 x 5-inch),"Fore, Aft, Port, Starboard","3""","7""","11""","15""",6,-2,1,"DP, Restricted, Weak"
1196,AA Battery,"Fore, Aft, Port, Starboard","1""","2""","3""","5""",5,-,-,Local (2)
1197,A Turret (3 x 8-inch),"Fore, Port, Starboard","8""","16""","24""","32""",3,-,1,-
1197,B Turret (3 x 8-inch),"Fore, Port, Starboard","8""","16""","24""","32""",3,-,1,-
1197,X Turret (3 x 8-inch),"Aft, Port, Starboard","8""","16""","24""","32""",3,-,1,-
1197,Light Guns (8 x 5-inch),"Fore, Aft, Port, Starboard","3""","7""","11""","15""",6,-2,1,"DP, Restricted, Weak"
1197,AA Battery,"Fore, Aft, Port, Starboard",-,-,-,-,-,-,-,Local (3)
1198,A Turret (2 x 6-inch),"Fore, Port, Starboard","6""","12""","18""","24""",1,-1,1,"Twin-Linked, Fast-Track"
1198,B Turret (2 x 6-inch),"Aft, Port, Starboard","6""","12""","18""","24""",1,-1,1,"Twin-Linked, Fast-Tracked"
1198,Light Guns (6 x 6-inch),"Fore, Aft, Port, Starboard","5""","10""","15""","20""",4,-1,1,-
1198,Port Mk 12 Torpedoes,Port,"2""","5""","7""","10""",3,-,2,"Devastating, One-Shot"
1198,Starboard Mk 12 Torpedoes,Starboard,"2""","5""","7""","10""",3,-,2,"Devastating, One-Shot"
1198,AA Battery,"Fore, Aft, Port, Starboard","1""","3""","4""","6""",1,-,-,Local (0)
1199,A Turret (2 x 6-inch),"Fore, Port, Starboard","6""","12""","18""","24""",1,-1,1,"Twin-Linked, Fast-Track"
1199,B Turret (2 x 6-inch),"Aft, Port, Starboard","6""","12""","18""","24""",1,-1,1,"Twin-Linked, Fast-Tracked"
1199,Light Guns (8 x 6-inch),"Fore, Aft, Port, Starboard","5""","10""","15""","20""",6,-1,1,-
1199,Port Mk 12 Torpedoes,Port,"2""","5""","7""","10""",3,-,2,"Devastating, One-Shot"
1199,Starboard Mk 12 Torpedoes,Starboard,"2""","5""","7""","10""",3,-,2,"Devastating, One-Shot"
1199,AA Battery,"Fore, Aft, Port, Starboard","1""","3""","4""","6""",1,-,-,Local (0)
1200,A Turret (2 x 6-inch),"Fore, Port, Starboard","6""","12""","18""","24""",1,-1,1,"Twin-Linked, Fast-Track"
1200,B Turret (2 x 6-inch),"Aft, Port, Starboard","6""","12""","18""","24""",1,-1,1,"Twin-Linked, Fast-Tracked"
1200,Light Guns (6 x 6-inch),"Fore, Aft, Port, Starboard","5""","10""","15""","20""",4,-1,1,-
1200,Port Mk 12 Torpedoes,Port,"2""","5""","7""","10""",3,-,2,"Devastating, One-Shot"
1200,Starboard Mk 12 Torpedoes,Starboard,"2""","5""","7""","10""",3,-,2,"Devastating, One-Shot"
1200,AA Battery,"Fore, Aft, Port, Starboard","1""","3""","4""","6""",1,-,-,Local (1)
1201,A Turret (2 x 6-inch),"Fore, Port, Starboard","6""","12""","18""","24""",1,-1,1,"Twin-Linked, Fast-Track"
1201,B Turret (2 x 6-inch),"Aft, Port, Starboard","6""","12""","18""","24""",1,-1,1,"Twin-Linked, Fast-Tracked"
1201,Light Guns (6 x 6-inch),"Fore, Aft, Port, Starboard","5""","10""","15""","20""",4,-1,1,-
1201,Port Mk 12 Torpedoes,Port,"2""","5""","7""","10""",3,-,2,"Devastating, One-Shot"
1201,Starboard Mk 12 Torpedoes,Starboard,"2""","5""","7""","10""",3,-,2,"Devastating, One-Shot"
1201,AA Battery,"Fore, Aft, Port, Starboard","1""","3""","4""","6""",2,-,-,Local (1)
1202,A Turret (2 x 6-inch),"Fore, Port, Starboard","6""","12""","18""","24""",1,-1,1,"Twin-Linked, Fast-Track"
1202,B Turret (2 x 6-inch),"Aft, Port, Starboard","6""","12""","18""","24""",1,-1,1,"Twin-Linked, Fast-Tracked"
1202,Light Guns (6 x 6-inch),"Fore, Aft, Port, Starboard","5""","10""","15""","20""",4,-1,1,-
1202,Port Mk 12 Torpedoes,Port,"2""","5""","7""","10""",3,-,2,"Devastating, One-Shot"
1202,Starboard Mk 12 Torpedoes,Starboard,"2""","5""","7""","10""",3,-,2,"Devastating, One-Shot"
1202,AA Battery,"Fore, Aft, Port, Starboard","1""","3""","4""","6""",2,-,-,Local (1)
1203,A Turret (2 x 6-inch),"Fore, Port, Starboard","6""","12""","18""","24""",1,-1,1,"Twin-Linked, Fast-Track"
1203,B Turret (2 x 6-inch),"Aft, Port, Starboard","6""","12""","18""","24""",1,-1,1,"Twin-Linked, Fast-Tracked"
1203,Light Guns (6 x 6-inch),"Fore, Aft, Port, Starboard","5""","10""","15""","20""",4,-1,1,-
1203,AA Battery,"Fore, Aft, Port, Starboard","1""","3""","4""","6""",4,-,-,Local (1)
1204,A Turret (2 x 6-inch),"Fore, Port, Starboard","6""","12""","18""","24""",1,-1,1,"Twin-Linked, Fast-Track"
1204,B Turret (2 x 6-inch),"Aft, Port, Starboard","6""","12""","18""","24""",1,-1,1,"Twin-Linked, Fast-Tracked"
1204,Light Guns (6 x 6-inch),"Fore, Aft, Port, Starboard","5""","10""","15""","20""",4,-1,1,-
1204,Port Mk 12 Torpedoes,Port,"2""","5""","7""","10""",3,-,2,"Devastating, One-Shot"
1204,Starboard Mk 12 Torpedoes,Starboard,"2""","5""","7""","10""",3,-,2,"Devastating, One-Shot"
1204,AA Battery,"Fore, Aft, Port, Starboard","1""","3""","4""","6""",2,-,-,Local (1)
1205,A Turret (2 x 6-inch),"Fore, Port, Starboard","6""","12""","18""","24""",1,-1,1,"Twin-Linked, Fast-Track"
1205,B Turret (2 x 6-inch),"Aft, Port, Starboard","6""","12""","18""","24""",1,-1,1,"Twin-Linked, Fast-Tracked"
1205,Light Guns (8 x 6-inch),"Fore, Aft, Port, Starboard","5""","10""","15""","20""",6,-1,1,-
1205,Port Mk 12 Torpedoes,Port,"2""","5""","7""","10""",3,-,2,"Devastating, One-Shot"
1205,Starboard Mk 12 Torpedoes,Starboard,"2""","5""","7""","10""",3,-,2,"Devastating, One-Shot"
1205,AA Battery,"Fore, Aft, Port, Starboard","1""","3""","4""","6""",1,-,-,Local (1)
1206,A Turret (2 x 6-inch),"Fore, Port, Starboard","6""","12""","18""","24""",1,-1,1,"Twin-Linked, Fast-Track"
1206,B Turret (2 x 6-inch),"Aft, Port, Starboard","6""","12""","18""","24""",1,-1,1,"Twin-Linked, Fast-Tracked"
1206,Light Guns (6 x 6-inch),"Fore, Aft, Port, Starboard","5""","10""","15""","20""",4,-1,1,-
1206,Port Mk 12 Torpedoes,Port,"2""","5""","7""","10""",3,-,2,"Devastating, One-Shot"
1206,Starboard Mk 12 Torpedoes,Starboard,"2""","5""","7""","10""",3,-,2,"Devastating, One-Shot"
1206,AA Battery,"Fore, Aft, Port, Starboard","1""","3""","4""","6""",2,-,-,Local (1)
1207,A Turret (2 x 6-inch),"Fore, Port, Starboard","6""","12""","18""","24""",1,-1,1,"Twin-Linked, Fast-Track"
1207,B Turret (2 x 6-inch),"Aft, Port, Starboard","6""","12""","18""","24""",1,-1,1,"Twin-Linked, Fast-Tracked"
1207,Light Guns (6 x 6-inch),"Fore, Aft, Port, Starboard","5""","10""","15""","20""",4,-1,1,-
1207,Port Mk 12 Torpedoes,Port,"2""","5""","7""","10""",3,-,2,"Devastating, One-Shot"
1207,Starboard Mk 12 Torpedoes,Starboard,"2""","5""","7""","10""",3,-,2,"Devastating, One-Shot"
1207,AA Battery,"Fore, Aft, Port, Starboard","1""","3""","4""","6""",3,-,-,Local (1)
1208,A Turret (2 x 6-inch),"Fore, Port, Starboard","6""","12""","18""","24""",1,-1,1,"Twin-Linked, Fast-Track"
1208,B Turret (2 x 6-inch),"Aft, Port, Starboard","6""","12""","18""","24""",1,-1,1,"Twin-Linked, Fast-Tracked"
1208,Light Guns (6 x 6-inch),"Fore, Aft, Port, Starboard","5""","10""","15""","20""",4,-1,1,-
1208,Port Mk 12 Torpedoes,Port,"2""","5""","7""","10""",3,-,2,"Devastating, One-Shot"
1208,Starboard Mk 12 Torpedoes,Starboard,"2""","5""","7""","10""",3,-,2,"Devastating, One-Shot"
1208,AA Battery,"Fore, Aft, Port, Starboard","1""","3""","4""","6""",2,-,-,Local (1)
1209,A Turret (2 x 6-inch),"Fore, Port, Starboard","6""","12""","18""","24""",1,-1,1,"Twin-Linked, Fast-Track"
1209,B Turret (2 x 6-inch),"Aft, Port, Starboard","6""","12""","18""","24""",1,-1,1,"Twin-Linked, Fast-Tracked"
1209,Light Guns (6 x 6-inch),"Fore, Aft, Port, Starboard","5""","10""","15""","20""",4,-1,1,-
1209,Port Mk 12 Torpedoes,Port,"2""","5""","7""","10""",3,-,2,"Devastating, One-Shot"
1209,Starboard Mk 12 Torpedoes,Starboard,"2""","5""","7""","10""",3,-,2,"Devastating, One-Shot"
1209,AA Battery,"Fore, Aft, Port, Starboard","1""","3""","4""","6""",2,-,-,Local (1)
1210,A Turret (2 x 6-inch),"Fore, Port, Starboard","6""","12""","18""","24""",1,-1,1,"Twin-Linked, Fast-Track"
1210,B Turret (2 x 6-inch),"Aft, Port, Starboard","6""","12""","18""","24""",1,-1,1,"Twin-Linked, Fast-Tracked"
1210,Light Guns (6 x 6-inch),"Fore, Aft, Port, Starboard","5""","10""","15""","20""",4,-1,1,-
1210,Port Mk 12 Torpedoes,Port,"2""","5""","7""","10""",3,-,2,"Devastating, One-Shot"
1210,Starboard Mk 12 Torpedoes,Starboard,"2""","5""","7""","10""",3,-,2,"Devastating, One-Shot"
1210,AA Battery,"Fore, Aft, Port, Starboard","1""","3""","4""","6""",3,-,-,Local (1)
1211,A Turret (2 x 6-inch),"Fore, Port, Starboard","6""","12""","18""","24""",1,-1,1,"Twin-Linked, Fast-Track"
1211,B Turret (2 x 6-inch),"Aft, Port, Starboard","6""","12""","18""","24""",1,-1,1,"Twin-Linked, Fast-Tracked"
1211,Light Guns (4 x 6-inch),"Fore, Aft, Port, Starboard","5""","10""","15""","20""",3,-1,1,-
1211,AA Battery,"Fore, Aft, Port, Starboard","1""","3""","4""","6""",4,-,-,Local (1)
1212,A Turret (2 x 6-inch),"Fore, Port, Starboard","6""","12""","18""","24""",1,-1,1,"Twin-Linked, Fast-Track"
1212,B Turret (2 x 6-inch),"Aft, Port, Starboard","6""","12""","18""","24""",1,-1,1,"Twin-Linked, Fast-Tracked"
1212,Light Guns (7 x 6-inch),"Fore, Aft, Port, Starboard","5""","10""","15""","20""",5,-1,1,-
1212,Port Mk 12 Torpedoes,Port,"2""","5""","7""","10""",3,-,2,"Devastating, One-Shot"
1212,Starboard Mk 12 Torpedoes,Starboard,"2""","5""","7""","10""",3,-,2,"Devastating, One-Shot"
1212,AA Battery,"Fore, Aft, Port, Starboard","1""","3""","4""","6""",2,-,-,Local (1)
1213,A Turret (2 x 6-inch),"Fore, Port, Starboard","6""","12""","18""","24""",1,-1,1,"Twin-Linked, Fast-Track"
1213,B Turret (2 x 6-inch),"Aft, Port, Starboard","6""","12""","18""","24""",1,-1,1,"Twin-Linked, Fast-Tracked"
1213,Light Guns (6 x 6-inch),"Fore, Aft, Port, Starboard","5""","10""","15""","20""",4,-1,1,-
1213,Port Mk 12 Torpedoes,Port,"2""","5""","7""","10""",3,-,2,"Devastating, One-Shot"
1213,Starboard Mk 12 Torpedoes,Starboard,"2""","5""","7""","10""",3,-,2,"Devastating, One-Shot"
1213,AA Battery,"Fore, Aft, Port, Starboard","1""","3""","4""","6""",2,-,-,Local (1)
1214,A Turret (2 x 6-inch),"Fore, Port, Starboard","6""","12""","18""","24""",1,-1,1,"Twin-Linked, Fast-Track"
1214,B Turret (2 x 6-inch),"Aft, Port, Starboard","6""","12""","18""","24""",1,-1,1,"Twin-Linked, Fast-Tracked"
1214,Light Guns (6 x 6-inch),"Fore, Aft, Port, Starboard","5""","10""","15""","20""",4,-1,1,-
1214,Port Mk 12 Torpedoes,Port,"2""","5""","7""","10""",3,-,2,"Devastating, One-Shot"
1214,Starboard Mk 12 Torpedoes,Starboard,"2""","5""","7""","10""",3,-,2,"Devastating, One-Shot"
1214,AA Battery,"Fore, Aft, Port, Starboard","1""","3""","4""","6""",3,-,-,Local (1)
1215,A Turret (2 x 6-inch),"Fore, Port, Starboard","6""","12""","18""","24""",1,-1,1,"Twin-Linked, Fast-Track"
1215,B Turret (2 x 6-inch),"Aft, Port, Starboard","6""","12""","18""","24""",1,-1,1,"Twin-Linked, Fast-Tracked"
1215,Light Guns (8 x 6-inch),"Fore, Aft, Port, Starboard","5""","10""","15""","20""",6,-1,1,-
1215,Port Mk 12 Torpedoes,Port,"2""","5""","7""","10""",3,-,2,"Devastating, One-Shot"
1215,Starboard Mk 12 Torpedoes,Starboard,"2""","5""","7""","10""",3,-,2,"Devastating, One-Shot"
1215,AA Battery,"Fore, Aft, Port, Starboard","1""","3""","4""","6""",2,-,-,Local (1)
1216,A Turret (2 x 6-inch),"Fore, Port, Starboard","6""","12""","18""","24""",1,-1,1,"Twin-Linked, Fast-Track"
1216,B Turret (2 x 6-inch),"Aft, Port, Starboard","6""","12""","18""","24""",1,-1,1,"Twin-Linked, Fast-Tracked"
1216,Light Guns (8 x 6-inch),"Fore, Aft, Port, Starboard","5""","10""","15""","20""",6,-1,1,-
1216,Port Mk 12 Torpedoes,Port,"2""","5""","7""","10""",3,-,2,"Devastating, One-Shot"
1216,Starboard Mk 12 Torpedoes,Starboard,"2""","5""","7""","10""",3,-,2,"Devastating, One-Shot"
1216,AA Battery,"Fore, Aft, Port, Starboard","1""","3""","4""","6""",2,-,-,Local (1)
1217,A Turret (2 x 6-inch),"Fore, Port, Starboard","6""","12""","18""","24""",1,-1,1,"Twin-Linked, Fast-Track"
1217,B Turret (2 x 6-inch),"Aft, Port, Starboard","6""","12""","18""","24""",1,-1,1,"Twin-Linked, Fast-Tracked"
1217,Light Guns (8 x 6-inch),"Fore, Aft, Port, Starboard","5""","10""","15""","20""",6,-1,1,-
1217,Port Mk 12 Torpedoes,Port,"2""","5""","7""","10""",3,-,2,"Devastating, One-Shot"
1217,Starboard Mk 12 Torpedoes,Starboard,"2""","5""","7""","10""",3,-,2,"Devastating, One-Shot"
1217,AA Battery,"Fore, Aft, Port, Starboard","1""","3""","4""","6""",2,-,-,Local (1)
1218,A Turret (2 x 6-inch),"Fore, Port, Starboard","6""","12""","18""","24""",1,-1,1,"Twin-Linked, Fast-Track"
1218,B Turret (2 x 6-inch),"Aft, Port, Starboard","6""","12""","18""","24""",1,-1,1,"Twin-Linked, Fast-Tracked"
1218,Light Guns (8 x 6-inch),"Fore, Aft, Port, Starboard","5""","10""","15""","20""",6,-1,1,-
1218,Port Mk 12 Torpedoes,Port,"2""","5""","7""","10""",3,-,2,"Devastating, One-Shot"
1218,Starboard Mk 12 Torpedoes,Starboard,"2""","5""","7""","10""",3,-,2,"Devastating, One-Shot"
1218,AA Battery,"Fore, Aft, Port, Starboard","1""","3""","4""","6""",3,-,-,Local (1)
1219,A Turret (2 x 6-inch),"Fore, Port, Starboard","6""","12""","18""","24""",1,-1,1,"Twin-Linked, Fast-Track"
1219,B Turret (2 x 6-inch),"Aft, Port, Starboard","6""","12""","18""","24""",1,-1,1,"Twin-Linked, Fast-Tracked"
1219,Light Guns (6 x 6-inch),"Fore, Aft, Port, Starboard","5""","10""","15""","20""",4,-1,1,-
1219,Port Mk 12 Torpedoes,Port,"2""","5""","7""","10""",3,-,2,"Devastating, One-Shot"
1219,Starboard Mk 12 Torpedoes,Starboard,"2""","5""","7""","10""",3,-,2,"Devastating, One-Shot"
1219,AA Battery,"Fore, Aft, Port, Starboard","1""","3""","4""","6""",2,-,-,Local (1)
1220,A Turret (2 x 6-inch),"Fore, Port, Starboard","6""","12""","18""","24""",1,-1,1,"Twin-Linked, Fast-Track"
1220,B Turret (2 x 6-inch),"Aft, Port, Starboard","6""","12""","18""","24""",1,-1,1,"Twin-Linked, Fast-Tracked"
1220,Light Guns (6 x 6-inch),"Fore, Aft, Port, Starboard","5""","10""","15""","20""",4,-1,1,-
1220,Port Mk 12 Torpedoes,Port,"2""","5""","7""","10""",3,-,2,"Devastating, One-Shot"
1220,Starboard Mk 12 Torpedoes,Starboard,"2""","5""","7""","10""",3,-,2,"Devastating, One-Shot"
1220,AA Battery,"Fore, Aft, Port, Starboard","1""","3""","4""","6""",3,-,-,Local (1)
1221,A Turret (2 x 6-inch),"Fore, Port, Starboard","6""","12""","18""","24""",1,-1,1,"Twin-Linked, Fast-Track"
1221,B Turret (2 x 6-inch),"Aft, Port, Starboard","6""","12""","18""","24""",1,-1,1,"Twin-Linked, Fast-Tracked"
1221,Light Guns (6 x 6-inch),"Fore, Aft, Port, Starboard","5""","10""","15""","20""",4,-1,1,-
1221,Port Mk 12 Torpedoes,Port,"2""","5""","7""","10""",3,-,2,"Devastating, One-Shot"
1221,Starboard Mk 12 Torpedoes,Starboard,"2""","5""","7""","10""",3,-,2,"Devastating, One-Shot"
1221,AA Battery,"Fore, Aft, Port, Starboard","1""","3""","4""","6""",3,-,-,Local (1)
1222,A Turret (2 x 6-inch),"Fore, Port, Starboard","6""","12""","18""","24""",1,-1,1,"Twin-Linked, Fast-Track"
1222,B Turret (2 x 6-inch),"Aft, Port, Starboard","6""","12""","18""","24""",1,-1,1,"Twin-Linked, Fast-Tracked"
1222,Light Guns (6 x 6-inch),"Fore, Aft, Port, Starboard","5""","10""","15""","20""",4,-1,1,-
1222,Port Mk 12 Torpedoes,Port,"2""","5""","7""","10""",3,-,2,"Devastating, One-Shot"
1222,Starboard Mk 12 Torpedoes,Starboard,"2""","5""","7""","10""",3,-,2,"Devastating, One-Shot"
1222,AA Battery,"Fore, Aft, Port, Starboard","1""","3""","4""","6""",3,-,-,Local (1)
1223,A Turret (2 x 6-inch),"Fore, Port, Starboard","6""","12""","18""","24""",1,-1,1,"Twin-Linked, Fast-Track"
1223,B Turret (2 x 6-inch),"Aft, Port, Starboard","6""","12""","18""","24""",1,-1,1,"Twin-Linked, Fast-Tracked"
1223,Light Guns (6 x 6-inch),"Fore, Aft, Port, Starboard","5""","10""","15""","20""",4,-1,1,-
1223,Port Mk 12 Torpedoes,Port,"2""","5""","7""","10""",3,-,2,"Devastating, One-Shot"
1223,Starboard Mk 12 Torpedoes,Starboard,"2""","5""","7""","10""",3,-,2,"Devastating, One-Shot"
1223,AA Battery,"Fore, Aft, Port, Starboard","1""","3""","4""","6""",2,-,-,Local (1)
1224,A Turret (3 x 8-inch),"Fore, Port, Starboard","7""","15""","22""","30""",3,-,1,-
1224,B Turret (3 x 8-inch),"Fore, Port, Starboard","7""","15""","22""","30""",3,-,1,-
1224,Y Turret (3 x 8-inch),"Aft, Port, Starboard","7""","15""","22""","30""",3,-,1,-
1224,Light Guns (12 x 5-inch),"Fore, Aft, Port, Starboard","4""","9""","13""","18""",8,-2,1,"DP, Restricted, Weak"
1224,AA Battery,"Fore, Aft, Port, Starboard","1""","2""","3""","5""",10,-,-,Local (1)
1225,A Turret (2 x 8-inch),"Fore, Port, Starboard","8""","16""","24""","32""",2,-,1,-
1225,B Turret (3 x 8-inch),"Fore, Port, Starboard","8""","16""","24""","32""",2,-,1,-
1225,X Turret (3 x 8-inch),"Aft, Port, Starboard","8""","16""","24""","32""",2,-,1,-
1225,Y Turret (2 x 8-inch),"Aft, Port, Starboard","8""","16""","24""","32""",2,-,1,-
1225,Light Guns (4 x 5-inch),"Fore, Aft, Port, Starboard","3""","7""","11""","15""",2,-2,1,"DP, Restricted, Weak"
1225,AA Battery,"Fore, Aft, Port, Starboard",-,-,-,-,-,-,-,Local (1)
1226,A Turret (2 x 8-inch),"Fore, Port, Starboard","8""","16""","24""","32""",2,-,1,-
1226,B Turret (3 x 8-inch),"Fore, Port, Starboard","8""","16""","24""","32""",2,-,1,-
1226,X Turret (3 x 8-inch),"Aft, Port, Starboard","8""","16""","24""","32""",2,-,1,-
1226,Y Turret (2 x 8-inch),"Aft, Port, Starboard","8""","16""","24""","32""",2,-,1,-
1226,Light Guns (4 x 5-inch),"Fore, Aft, Port, Starboard","3""","7""","11""","15""",2,-2,1,"DP, Restricted, Weak"
1226,AA Battery,"Fore, Aft, Port, Starboard",-,-,-,-,-,-,-,Local (1)
1227,A Turret (2 x 8-inch),"Fore, Port, Starboard","8""","16""","24""","32""",2,-,1,-
1227,B Turret (3 x 8-inch),"Fore, Port, Starboard","8""","16""","24""","32""",2,-,1,-
1227,X Turret (3 x 8-inch),"Aft, Port, Starboard","8""","16""","24""","32""",2,-,1,-
1227,Y Turret (2 x 8-inch),"Aft, Port, Starboard","8""","16""","24""","32""",2,-,1,-
1227,Light Guns (8 x 5-inch),"Fore, Aft, Port, Starboard","3""","7""","11""","15""",6,-2,1,"DP, Restricted, Weak"
1227,AA Battery,"Fore, Aft, Port, Starboard",-,-,-,-,-,-,-,Local (1)
1228,A Turret (2 x 8-inch),"Fore, Port, Starboard","8""","16""","24""","32""",2,-,1,-
1228,B Turret (3 x 8-inch),"Fore, Port, Starboard","8""","16""","24""","32""",2,-,1,-
1228,X Turret (3 x 8-inch),"Aft, Port, Starboard","8""","16""","24""","32""",2,-,1,-
1228,Y Turret (2 x 8-inch),"Aft, Port, Starboard","8""","16""","24""","32""",2,-,1,-
1228,Light Guns (8 x 5-inch),"Fore, Aft, Port, Starboard","3""","7""","11""","15""",6,-2,1,"DP, Restricted, Weak"
1228,AA Battery,"Fore, Aft, Port, Starboard",-,-,-,-,-,-,-,Local (2)
1229,A Turret (2 x 8-inch),"Fore, Port, Starboard","8""","16""","24""","32""",2,-,1,-
1229,B Turret (3 x 8-inch),"Fore, Port, Starboard","8""","16""","24""","32""",2,-,1,-
1229,X Turret (3 x 8-inch),"Aft, Port, Starboard","8""","16""","24""","32""",2,-,1,-
1229,Y Turret (2 x 8-inch),"Aft, Port, Starboard","8""","16""","24""","32""",2,-,1,-
1229,Light Guns (8 x 5-inch),"Fore, Aft, Port, Starboard","3""","7""","11""","15""",6,-2,1,"DP, Restricted, Weak"
1229,AA Battery,"Fore, Aft, Port, Starboard","1""","2""","3""","5""",3,-,-,Local (1)
1230,A Turret (2 x 8-inch),"Fore, Port, Starboard","8""","16""","24""","32""",2,-,1,-
1230,B Turret (3 x 8-inch),"Fore, Port, Starboard","8""","16""","24""","32""",2,-,1,-
1230,X Turret (3 x 8-inch),"Aft, Port, Starboard","8""","16""","24""","32""",2,-,1,-
1230,Y Turret (2 x 8-inch),"Aft, Port, Starboard","8""","16""","24""","32""",2,-,1,-
1230,Light Guns (8 x 5-inch),"Fore, Aft, Port, Starboard","3""","7""","11""","15""",6,-2,1,"DP, Restricted, Weak"
1230,AA Battery,"Fore, Aft, Port, Starboard","1""","2""","3""","5""",5,-,-,Local (1)
1231,A Turret (2 x 8-inch),"Fore, Port, Starboard","8""","16""","24""","32""",2,-,1,-
1231,B Turret (3 x 8-inch),"Fore, Port, Starboard","8""","16""","24""","32""",2,-,1,-
1231,X Turret (3 x 8-inch),"Aft, Port, Starboard","8""","16""","24""","32""",2,-,1,-
1231,Y Turret (2 x 8-inch),"Aft, Port, Starboard","8""","16""","24""","32""",2,-,1,-
1231,Light Guns (8 x 5-inch),"Fore, Aft, Port, Starboard","3""","7""","11""","15""",6,-2,1,"DP, Restricted, Weak"
1231,AA Battery,"Fore, Aft, Port, Starboard","1""","2""","3""","5""",6,-,-,Local (1)
1232,A Turret (2 x 8-inch),"Fore, Port, Starboard","8""","16""","24""","32""",2,-,1,-
1232,B Turret (3 x 8-inch),"Fore, Port, Starboard","8""","16""","24""","32""",2,-,1,-
1232,X Turret (3 x 8-inch),"Aft, Port, Starboard","8""","16""","24""","32""",2,-,1,-
1232,Y Turret (2 x 8-inch),"Aft, Port, Starboard","8""","16""","24""","32""",2,-,1,-
1232,Light Guns (8 x 5-inch),"Fore, Aft, Port, Starboard","3""","7""","11""","15""",6,-2,1,"DP, Restricted, Weak"
1232,AA Battery,"Fore, Aft, Port, Starboard",-,-,-,-,-,-,-,Local (1)
1233,A Turret (2 x 8-inch),"Fore, Port, Starboard","8""","16""","24""","32""",2,-,1,-
1233,B Turret (3 x 8-inch),"Fore, Port, Starboard","8""","16""","24""","32""",2,-,1,-
1233,X Turret (3 x 8-inch),"Aft, Port, Starboard","8""","16""","24""","32""",2,-,1,-
1233,Y Turret (2 x 8-inch),"Aft, Port, Starboard","8""","16""","24""","32""",2,-,1,-
1233,Light Guns (8 x 5-inch),"Fore, Aft, Port, Starboard","3""","7""","11""","15""",6,-2,1,"DP, Restricted, Weak"
1233,AA Battery,"Fore, Aft, Port, Starboard",-,-,-,-,-,-,-,Local (2)
1234,A Turret (2 x 8-inch),"Fore, Port, Starboard","8""","16""","24""","32""",2,-,1,-
1234,B Turret (3 x 8-inch),"Fore, Port, Starboard","8""","16""","24""","32""",2,-,1,-
1234,X Turret (3 x 8-inch),"Aft, Port, Starboard","8""","16""","24""","32""",2,-,1,-
1234,Y Turret (2 x 8-inch),"Aft, Port, Starboard","8""","16""","24""","32""",2,-,1,-
1234,Light Guns (8 x 5-inch),"Fore, Aft, Port, Starboard","3""","7""","11""","15""",6,-2,1,"DP, Restricted, Weak"
1234,AA Battery,"Fore, Aft, Port, Starboard","1""","2""","3""","5""",3,-,-,Local (1)
1235,A Turret (2 x 8-inch),"Fore, Port, Starboard","8""","16""","24""","32""",2,-,1,-
1235,B Turret (3 x 8-inch),"Fore, Port, Starboard","8""","16""","24""","32""",2,-,1,-
1235,X Turret (3 x 8-inch),"Aft, Port, Starboard","8""","16""","24""","32""",2,-,1,-
1235,Y Turret (2 x 8-inch),"Aft, Port, Starboard","8""","16""","24""","32""",2,-,1,-
1235,Light Guns (8 x 5-inch),"Fore, Aft, Port, Starboard","3""","7""","11""","15""",6,-2,1,"DP, Restricted, Weak"
1235,AA Battery,"Fore, Aft, Port, Starboard","1""","2""","3""","5""",5,-,-,Local (1)
1236,A Turret (3 x 8-inch),"Fore, Port, Starboard","8""","16""","24""","32""",3,-,1,-
1236,B Turret (3 x 8-inch),"Fore, Port, Starboard","8""","16""","24""","32""",3,-,1,-
1236,X Turret (3 x 8-inch),"Aft, Port, Starboard","8""","16""","24""","32""",3,-,1,-
1236,Light Guns (8 x 5-inch),"Fore, Aft, Port, Starboard","3""","7""","11""","15""",6,-2,1,"DP, Restricted, Weak"
1236,AA Battery,"Fore, Aft, Port, Starboard",-,-,-,-,-,-,-,Local (1)
1237,A Turret (3 x 8-inch),"Fore, Port, Starboard","8""","16""","24""","32""",3,-,1,-
1237,B Turret (3 x 8-inch),"Fore, Port, Starboard","8""","16""","24""","32""",3,-,1,-
1237,X Turret (3 x 8-inch),"Aft, Port, Starboard","8""","16""","24""","32""",3,-,1,-
1237,Light Guns (8 x 5-inch),"Fore, Aft, Port, Starboard","3""","7""","11""","15""",6,-2,1,"DP, Restricted, Weak"
1237,AA Battery,"Fore, Aft, Port, Starboard",-,-,-,-,-,-,-,Local (2)
1238,A Turret (3 x 8-inch),"Fore, Port, Starboard","8""","16""","24""","32""",3,-,1,-
1238,B Turret (3 x 8-inch),"Fore, Port, Starboard","8""","16""","24""","32""",3,-,1,-
1238,X Turret (3 x 8-inch),"Aft, Port, Starboard","8""","16""","24""","32""",3,-,1,-
1238,Light Guns (8 x 5-inch),"Fore, Aft, Port, Starboard","3""","7""","11""","15""",6,-2,1,"DP, Restricted, Weak"
1238,AA Battery,"Fore, Aft, Port, Starboard","1""","2""","3""","5""",3,-,-,Local (1)
1239,A Turret (3 x 8-inch),"Fore, Port, Starboard","8""","16""","24""","32""",3,-,1,-
1239,B Turret (3 x 8-inch),"Fore, Port, Starboard","8""","16""","24""","32""",3,-,1,-
1239,X Turret (3 x 8-inch),"Aft, Port, Starboard","8""","16""","24""","32""",3,-,1,-
1239,Light Guns (8 x 5-inch),"Fore, Aft, Port, Starboard","3""","7""","11""","15""",6,-2,1,"DP, Restricted, Weak"
1239,AA Battery,"Fore, Aft, Port, Starboard","1""","2""","3""","5""",5,-,-,Local (1)
1240,A Turret (3 x 8-inch),"Fore, Port, Starboard","8""","16""","24""","32""",3,-,1,-
1240,B Turret (3 x 8-inch),"Fore, Port, Starboard","8""","16""","24""","32""",3,-,1,-
1240,X Turret (3 x 8-inch),"Aft, Port, Starboard","8""","16""","24""","32""",3,-,1,-
1240,Light Guns (8 x 5-inch),"Fore, Aft, Port, Starboard","3""","7""","11""","15""",6,-2,1,"DP, Restricted, Weak"
1240,AA Battery,"Fore, Aft, Port, Starboard","1""","2""","3""","5""",3,-,-,Local (1)
1241,A Turret (3 x 8-inch),"Fore, Port, Starboard","8""","16""","24""","32""",3,-,1,-
1241,B Turret (3 x 8-inch),"Fore, Port, Starboard","8""","16""","24""","32""",3,-,1,-
1241,X Turret (3 x 8-inch),"Aft, Port, Starboard","8""","16""","24""","32""",3,-,1,-
1241,Light Guns (8 x 5-inch),"Fore, Aft, Port, Starboard","3""","7""","11""","15""",6,-2,1,"DP, Restricted, Weak"
1241,AA Battery,"Fore, Aft, Port, Starboard","1""","2""","3""","5""",5,-,-,Local (1)
1242,A Turret (3 x 6-inch),"Fore, Port, Starboard","6""","13""","19""","26""",2,-1,1,Fast Track
1242,B Turret (3 x 6-inch),"Fore, Port, Starboard","6""","13""","19""","26""",2,-1,1,Fast Track
1242,Q Turret (3 x 6-inch),"Port, Starboard","6""","13""","19""","26""",2,-1,1,Fast Track
1242,X Turret (3 x 6-inch),"Aft, Port, Starboard","6""","13""","19""","26""",2,-1,1,Fast Track
1242,Y Turret (3 x 6-inch),"Aft, Port, Starboard","6""","13""","19""","26""",2,-1,1,Fast Track
1242,Light Guns (8 x 5-inch),"Fore, Aft, Port, Starboard","4""","9""","13""","18""",6,-2,1,"DP, Restricted, Weak"
1242,AA Battery,"Fore, Aft, Port, Starboard",-,-,-,-,-,-,-,Local (1)
1243,A Turret (3 x 6-inch),"Fore, Port, Starboard","6""","13""","19""","26""",2,-1,1,Fast Track
1243,B Turret (3 x 6-inch),"Fore, Port, Starboard","6""","13""","19""","26""",2,-1,1,Fast Track
1243,Q Turret (3 x 6-inch),"Port, Starboard","6""","13""","19""","26""",2,-1,1,Fast Track
1243,X Turret (3 x 6-inch),"Aft, Port, Starboard","6""","13""","19""","26""",2,-1,1,Fast Track
1243,Y Turret (3 x 6-inch),"Aft, Port, Starboard","6""","13""","19""","26""",2,-1,1,Fast Track
1243,Light Guns (8 x 5-inch),"Fore, Aft, Port, Starboard","4""","9""","13""","18""",6,-2,1,"DP, Restricted, Weak"
1243,AA Battery,"Fore, Aft, Port, Starboard","1""","3""","4""","6""",1,-,-,Local (1)
1244,A Turret (3 x 6-inch),"Fore, Port, Starboard","6""","13""","19""","26""",2,-1,1,Fast Track
1244,B Turret (3 x 6-inch),"Fore, Port, Starboard","6""","13""","19""","26""",2,-1,1,Fast Track
1244,Q Turret (3 x 6-inch),"Port, Starboard","6""","13""","19""","26""",2,-1,1,Fast Track
1244,X Turret (3 x 6-inch),"Aft, Port, Starboard","6""","13""","19""","26""",2,-1,1,Fast Track
1244,Y Turret (3 x 6-inch),"Aft, Port, Starboard","6""","13""","19""","26""",2,-1,1,Fast Track
1244,Light Guns (8 x 5-inch),"Fore, Aft, Port, Starboard","4""","9""","13""","18""",6,-2,1,"DP, Restricted, Weak"
1244,AA Battery,"Fore, Aft, Port, Starboard",-,-,-,-,-,-,-,Local (1)
1245,A Turret (3 x 6-inch),"Fore, Port, Starboard","6""","13""","19""","26""",2,-1,1,Fast Track
1245,B Turret (3 x 6-inch),"Fore, Port, Starboard","6""","13""","19""","26""",2,-1,1,Fast Track
1245,Q Turret (3 x 6-inch),"Port, Starboard","6""","13""","19""","26""",2,-1,1,Fast Track
1245,X Turret (3 x 6-inch),"Aft, Port, Starboard","6""","13""","19""","26""",2,-1,1,Fast Track
1245,Y Turret (3 x 6-inch),"Aft, Port, Starboard","6""","13""","19""","26""",2,-1,1,Fast Track
1245,Light Guns (8 x 5-inch),"Fore, Aft, Port, Starboard","4""","9""","13""","18""",6,-2,1,"DP, Restricted, Weak"
1245,AA Battery,"Fore, Aft, Port, Starboard","1""","2""","3""","5""",5,-,-,Local (1)
1246,A Turret (3 x 6-inch),"Fore, Port, Starboard","6""","13""","19""","26""",2,-1,1,Fast Track
1246,B Turret (3 x 6-inch),"Fore, Port, Starboard","6""","13""","19""","26""",2,-1,1,Fast Track
1246,Q Turret (3 x 6-inch),"Port, Starboard","6""","13""","19""","26""",2,-1,1,Fast Track
1246,X Turret (3 x 6-inch),"Aft, Port, Starboard","6""","13""","19""","26""",2,-1,1,Fast Track
1246,Y Turret (3 x 6-inch),"Aft, Port, Starboard","6""","13""","19""","26""",2,-1,1,Fast Track
1246,Light Guns (8 x 5-inch),"Fore, Aft, Port, Starboard","4""","9""","13""","18""",6,-2,1,"DP, Restricted, Weak"
1246,AA Battery,"Fore, Aft, Port, Starboard","1""","2""","3""","5""",6,-,-,Local (1)
1247,A Turret (3 x 8-inch),"Fore, Port, Starboard","7""","15""","22""","30""",3,-,1,-
1247,B Turret (3 x 8-inch),"Fore, Port, Starboard","7""","15""","22""","30""",3,-,1,-
1247,X Turret (3 x 8-inch),"Aft, Port, Starboard","7""","15""","22""","30""",3,-,1,-
1247,Light Guns (8 x 5-inch),"Fore, Aft, Port, Starboard","4""","9""","13""","18""",5,-2,1,"DP, Restricted, Weak"
1247,AA Battery,"Fore, Aft, Port, Starboard",-,-,-,-,-,-,-,Local (1)
1248,A Turret (3 x 8-inch),"Fore, Port, Starboard","7""","15""","22""","30""",3,-,1,-
1248,B Turret (3 x 8-inch),"Fore, Port, Starboard","7""","15""","22""","30""",3,-,1,-
1248,X Turret (3 x 8-inch),"Aft, Port, Starboard","7""","15""","22""","30""",3,-,1,-
1248,Light Guns (8 x 5-inch),"Fore, Aft, Port, Starboard","4""","9""","13""","18""",5,-2,1,"DP, Restricted, Weak"
1248,AA Battery,"Fore, Aft, Port, Starboard",-,-,-,-,-,-,-,Local (1)
1249,A Turret (3 x 8-inch),"Fore, Port, Starboard","7""","15""","22""","30""",3,-,1,-
1249,B Turret (3 x 8-inch),"Fore, Port, Starboard","7""","15""","22""","30""",3,-,1,-
1249,X Turret (3 x 8-inch),"Aft, Port, Starboard","7""","15""","22""","30""",3,-,1,-
1249,Light Guns (8 x 5-inch),"Fore, Aft, Port, Starboard","4""","9""","13""","18""",5,-2,1,"DP, Restricted, Weak"
1249,AA Battery,"Fore, Aft, Port, Starboard","1""","2""","3""","5""",3,-,-,Local (1)
1250,A Turret (3 x 8-inch),"Fore, Port, Starboard","7""","15""","22""","30""",3,-,1,-
1250,B Turret (3 x 8-inch),"Fore, Port, Starboard","7""","15""","22""","30""",3,-,1,-
1250,X Turret (3 x 8-inch),"Aft, Port, Starboard","7""","15""","22""","30""",3,-,1,-
1250,Light Guns (8 x 5-inch),"Fore, Aft, Port, Starboard","4""","9""","13""","18""",5,-2,1,"DP, Restricted, Weak"
1250,AA Battery,"Fore, Aft, Port, Starboard","1""","2""","3""","5""",4,-,-,Local (1)
1251,A Turret (3 x 8-inch),"Fore, Port, Starboard","7""","15""","22""","30""",3,-,1,-
1251,B Turret (3 x 8-inch),"Fore, Port, Starboard","7""","15""","22""","30""",3,-,1,-
1251,X Turret (3 x 8-inch),"Aft, Port, Starboard","7""","15""","22""","30""",3,-,1,-
1251,Light Guns (8 x 5-inch),"Fore, Aft, Port, Starboard","4""","9""","13""","18""",5,-2,1,"DP, Restricted, Weak"
1251,AA Battery,"Fore, Aft, Port, Starboard","1""","2""","3""","5""",5,-,-,Local (1)
1252,Light Guns (4 x 5-inch),"Fore, Aft, Port, Starboard","4""","9""","13""","18""",2,-2,1,"DP, Weak"
1252,Port Mk 15 Torpedoes,Port,"2""","5""","7""","10""",4,-,3,"Devastating, One-Shot"
1252,Port Mk 15 Torpedoes,Port,"2""","5""","7""","10""",4,-,3,"Devastating, One-Shot"
1252,Starboard Mk 15 Torpedoes,Starboard,"2""","5""","7""","10""",4,-,3,"Devastating, One-Shot"
1252,Starboard Mk 15 Torpedoes,Starboard,"2""","5""","7""","10""",4,-,3,"Devastating, One-Shot"
1252,AA Battery,"Fore, Aft, Port, Starboard",-,-,-,-,-,-,-,Local (1)
1253,Light Guns (4 x 5-inch),"Fore, Aft, Port, Starboard","4""","9""","13""","18""",2,-2,1,"DP, Weak"
1253,Port Mk 15 Torpedoes,Port,"2""","5""","7""","10""",4,-,3,"Devastating, One-Shot"
1253,Port Mk 15 Torpedoes,Port,"2""","5""","7""","10""",4,-,3,"Devastating, One-Shot"
1253,Starboard Mk 15 Torpedoes,Starboard,"2""","5""","7""","10""",4,-,3,"Devastating, One-Shot"
1253,Starboard Mk 15 Torpedoes,Starboard,"2""","5""","7""","10""",4,-,3,"Devastating, One-Shot"
1253,AA Battery,"Fore, Aft, Port, Starboard",-,-,-,-,-,-,-,Local (1)
1254,Light Guns (4 x 5-inch),"Fore, Aft, Port, Starboard","4""","9""","13""","18""",2,-2,1,"DP, Weak"
1254,Port Mk 15 Torpedoes,Port,"2""","5""","7""","10""",4,-,3,"Devastating, One-Shot"
1254,Port Mk 15 Torpedoes,Port,"2""","5""","7""","10""",4,-,3,"Devastating, One-Shot"
1254,Starboard Mk 15 Torpedoes,Starboard,"2""","5""","7""","10""",4,-,3,"Devastating, One-Shot"
1254,Starboard Mk 15 Torpedoes,Starboard,"2""","5""","7""","10""",4,-,3,"Devastating, One-Shot"
1254,AA Battery,"Fore, Aft, Port, Starboard",-,-,-,-,-,-,-,Local (1)
1255,Light Guns (4 x 5-inch),"Fore, Aft, Port, Starboard","4""","9""","13""","18""",2,-2,1,"DP, Weak"
1255,Port Mk 15 Torpedoes,Port,"2""","5""","7""","10""",4,-,3,"Devastating, One-Shot"
1255,Port Mk 15 Torpedoes,Port,"2""","5""","7""","10""",4,-,3,"Devastating, One-Shot"
1255,Starboard Mk 15 Torpedoes,Starboard,"2""","5""","7""","10""",4,-,3,"Devastating, One-Shot"
1255,Starboard Mk 15 Torpedoes,Starboard,"2""","5""","7""","10""",4,-,3,"Devastating, One-Shot"
1255,AA Battery,"Fore, Aft, Port, Starboard",-,-,-,-,-,-,-,Local (1)
1256,Light Guns (4 x 5-inch),"Fore, Aft, Port, Starboard","4""","9""","13""","18""",2,-2,1,"DP, Weak"
1256,Port Mk 15 Torpedoes,Port,"2""","5""","7""","10""",4,-,3,"Devastating, One-Shot"
1256,Port Mk 15 Torpedoes,Port,"2""","5""","7""","10""",4,-,3,"Devastating, One-Shot"
1256,Starboard Mk 15 Torpedoes,Starboard,"2""","5""","7""","10""",4,-,3,"Devastating, One-Shot"
1256,Starboard Mk 15 Torpedoes,Starboard,"2""","5""","7""","10""",4,-,3,"Devastating, One-Shot"
1256,AA Battery,"Fore, Aft, Port, Starboard",-,-,-,-,-,-,-,Local (1)
1257,Light Guns (4 x 5-inch),"Fore, Aft, Port, Starboard","4""","9""","13""","18""",2,-2,1,"DP, Weak"
1257,Port Mk 15 Torpedoes,Port,"2""","5""","7""","10""",4,-,3,"Devastating, One-Shot"
1257,Port Mk 15 Torpedoes,Port,"2""","5""","7""","10""",4,-,3,"Devastating, One-Shot"
1257,Starboard Mk 15 Torpedoes,Starboard,"2""","5""","7""","10""",4,-,3,"Devastating, One-Shot"
1257,Starboard Mk 15 Torpedoes,Starboard,"2""","5""","7""","10""",4,-,3,"Devastating, One-Shot"
1257,AA Battery,"Fore, Aft, Port, Starboard",-,-,-,-,-,-,-,Local (1)
1258,Light Guns (4 x 5-inch),"Fore, Aft, Port, Starboard","4""","9""","13""","18""",2,-2,1,"DP, Weak"
1258,Port Mk 15 Torpedoes,Port,"2""","5""","7""","10""",4,-,3,"Devastating, One-Shot"
1258,Port Mk 15 Torpedoes,Port,"2""","5""","7""","10""",4,-,3,"Devastating, One-Shot"
1258,Starboard Mk 15 Torpedoes,Starboard,"2""","5""","7""","10""",4,-,3,"Devastating, One-Shot"
1258,Starboard Mk 15 Torpedoes,Starboard,"2""","5""","7""","10""",4,-,3,"Devastating, One-Shot"
1258,AA Battery,"Fore, Aft, Port, Starboard",-,-,-,-,-,-,-,Local (1)
1259,Light Guns (4 x 5-inch),"Fore, Aft, Port, Starboard","4""","9""","13""","18""",2,-2,1,"DP, Weak"
1259,Port Mk 15 Torpedoes,Port,"2""","5""","7""","10""",4,-,3,"Devastating, One-Shot"
1259,Port Mk 15 Torpedoes,Port,"2""","5""","7""","10""",4,-,3,"Devastating, One-Shot"
1259,Starboard Mk 15 Torpedoes,Starboard,"2""","5""","7""","10""",4,-,3,"Devastating, One-Shot"
1259,Starboard Mk 15 Torpedoes,Starboard,"2""","5""","7""","10""",4,-,3,"Devastating, One-Shot"
1259,AA Battery,"Fore, Aft, Port, Starboard",-,-,-,-,-,-,-,Local (1)
1260,Light Guns (4 x 5-inch),"Fore, Aft, Port, Starboard","4""","9""","13""","18""",2,-2,1,"DP, Weak"
1260,Port Mk 15 Torpedoes,Port,"2""","5""","7""","10""",4,-,3,"Devastating, One-Shot"
1260,Starboard Mk 15 Torpedoes,Starboard,"2""","5""","7""","10""",4,-,3,"Devastating, One-Shot"
1260,AA Battery,"Fore, Aft, Port, Starboard",-,-,-,-,-,-,-,Local (1)
1261,Light Guns (4 x 5-inch),"Fore, Aft, Port, Starboard","4""","9""","13""","18""",2,-2,1,"DP, Weak"
1261,Port Mk 15 Torpedoes,Port,"2""","5""","7""","10""",4,-,3,"Devastating, One-Shot"
1261,Starboard Mk 15 Torpedoes,Starboard,"2""","5""","7""","10""",4,-,3,"Devastating, One-Shot"
1261,AA Battery,"Fore, Aft, Port, Starboard","1""","2""","3""","5""",1,-,-,Local (1)
1262,Light Guns (4 x 5-inch),"Fore, Aft, Port, Starboard","4""","9""","13""","18""",2,-2,1,"DP, Weak"
1262,AA Battery,"Fore, Aft, Port, Starboard","1""","2""","3""","5""",2,-,-,Local (1)
1263,Light Guns (4 x 5-inch),"Fore, Aft, Port, Starboard","4""","9""","13""","18""",2,-2,1,"DP, Weak"
1263,Port Mk 15 Torpedoes,Port,"2""","5""","7""","10""",4,-,3,"Devastating, One-Shot"
1263,Port Mk 15 Torpedoes,Port,"2""","5""","7""","10""",4,-,3,"Devastating, One-Shot"
1263,Starboard Mk 15 Torpedoes,Starboard,"2""","5""","7""","10""",4,-,3,"Devastating, One-Shot"
1263,Starboard Mk 15 Torpedoes,Starboard,"2""","5""","7""","10""",4,-,3,"Devastating, One-Shot"
1263,AA Battery,"Fore, Aft, Port, Starboard",-,-,-,-,-,-,-,Local (1)
1264,Light Guns (4 x 5-inch),"Fore, Aft, Port, Starboard","4""","9""","13""","18""",2,-2,1,"DP, Weak"
1264,Port Mk 15 Torpedoes,Port,"2""","5""","7""","10""",4,-,3,"Devastating, One-Shot"
1264,Port Mk 15 Torpedoes,Port,"2""","5""","7""","10""",4,-,3,"Devastating, One-Shot"
1264,Starboard Mk 15 Torpedoes,Starboard,"2""","5""","7""","10""",4,-,3,"Devastating, One-Shot"
1264,Starboard Mk 15 Torpedoes,Starboard,"2""","5""","7""","10""",4,-,3,"Devastating, One-Shot"
1264,AA Battery,"Fore, Aft, Port, Starboard","1""","2""","3""","5""",1,-,-,Local (1)
1265,Light Guns (4 x 5-inch),"Fore, Aft, Port, Starboard","4""","9""","13""","18""",2,-2,1,"DP, Weak"
1265,Port Mk 15 Torpedoes,Port,"2""","5""","7""","10""",4,-,3,"Devastating, One-Shot"
1265,Starboard Mk 15 Torpedoes,Starboard,"2""","5""","7""","10""",4,-,3,"Devastating, One-Shot"
1265,AA Battery,"Fore, Aft, Port, Starboard","1""","2""","3""","5""",1,-,-,Local (1)
1266,Light Guns (4 x 5-inch),"Fore, Aft, Port, Starboard","4""","9""","13""","18""",2,-2,1,"DP, Weak"
1266,AA Battery,"Fore, Aft, Port, Starboard","1""","2""","3""","5""",2,-,-,Local (1)
1267,Light Guns (5 x 5-inch),"Fore, Aft, Port, Starboard","4""","9""","13""","18""",3,-2,1,"DP, Weak"
1267,Port/ Starboard Mk 15 Torpedoes,"Port, Starboard","2""","5""","7""","10""",5,-,3,"Devastating, One-Shot"
1267,Port/ Starboard Mk 15 Torpedoes,"Port, Starboard","2""","5""","7""","10""",5,-,3,"Devastating, One-Shot"
1267,AA Battery,"Fore, Aft, Port, Starboard",-,-,-,-,-,-,-,Local (1)
1268,Light Guns (5 x 5-inch),"Fore, Aft, Port, Starboard","4""","9""","13""","18""",3,-2,1,"DP, Weak"
1268,Port/ Starboard Mk 15 Torpedoes,"Port, Starboard","2""","5""","7""","10""",5,-,3,"Devastating, One-Shot"
1268,AA Battery,"Fore, Aft, Port, Starboard",-,-,-,-,-,-,-,Local (1)
1269,Light Guns (5 x 5-inch),"Fore, Aft, Port, Starboard","4""","9""","13""","18""",3,-2,1,"DP, Weak"
1269,Port/ Starboard Mk 15 Torpedoes,"Port, Starboard","2""","5""","7""","10""",5,-,3,"Devastating, One-Shot"
1269,AA Battery,"Fore, Aft, Port, Starboard",-,-,-,-,-,-,-,Local (1)
1270,Light Guns (5 x 5-inch),"Fore, Aft, Port, Starboard","4""","9""","13""","18""",3,-2,1,"DP, Weak"
1270,Port/ Starboard Mk 15 Torpedoes,"Port, Starboard","2""","5""","7""","10""",5,-,3,"Devastating, One-Shot"
1270,AA Battery,"Fore, Aft, Port, Starboard",-,-,-,-,-,-,-,Local (1)
1271,Light Guns (4 x 5-inch),"Fore, Aft, Port, Starboard","4""","9""","13""","18""",2,-2,1,"DP, Weak"
1271,Port/ Starboard Mk 15 Torpedoes,"Port, Starboard","2""","5""","7""","10""",5,-,3,"Devastating, One-Shot"
1271,Port/ Starboard Mk 15 Torpedoes,"Port, Starboard","2""","5""","7""","10""",5,-,3,"Devastating, One-Shot"
1271,AA Battery,"Fore, Aft, Port, Starboard","1""","2""","3""","5""",1,-,-,Local (1)
1272,Light Guns (4 x 5-inch),"Fore, Aft, Port, Starboard","4""","9""","13""","18""",2,-2,1,"DP, Weak"
1272,Port/ Starboard Mk 15 Torpedoes,"Port, Starboard","2""","5""","7""","10""",5,-,3,"Devastating, One-Shot"
1272,AA Battery,"Fore, Aft, Port, Starboard","1""","2""","3""","5""",1,-,-,Local (1)
1273,Light Guns (4 x 5-inch),"Fore, Aft, Port, Starboard","4""","9""","13""","18""",2,-2,1,"DP, Weak"
1273,Port/ Starboard Mk 15 Torpedoes,"Port, Starboard","2""","5""","7""","10""",5,-,3,"Devastating, One-Shot"
1273,AA Battery,"Fore, Aft, Port, Starboard",-,-,-,-,-,-,-,Local (2)
1274,Light Guns (4 x 5-inch),"Fore, Aft, Port, Starboard","4""","9""","13""","18""",2,-2,1,"DP, Weak"
1274,Port/ Starboard Mk 15 Torpedoes,"Port, Starboard","2""","5""","7""","10""",5,-,3,"Devastating, One-Shot"
1274,Port/ Starboard Mk 15 Torpedoes,"Port, Starboard","2""","5""","7""","10""",5,-,3,"Devastating, One-Shot"
1274,AA Battery,"Fore, Aft, Port, Starboard","1""","2""","3""","5""",1,-,-,Local (1)
1275,Light Guns (4 x 4-inch),"Fore, Aft, Port, Starboard","3""","7""","11""","15""",2,-2,1,Weak
1275,Port Mk 8 Torpedoes,Port,"2""","5""","7""","10""",3,-,2,"Devastating, One-Shot"
1275,Port Mk 8 Torpedoes,Port,"2""","5""","7""","10""",3,-,2,"Devastating, One-Shot"
1275,Starboard Mk 8 Torpedoes,Starboard,"2""","5""","7""","10""",3,-,2,"Devastating, One-Shot"
1275,Starboard Mk 8 Torpedoes,Starboard,"2""","5""","7""","10""",3,-,2,"Devastating, One-Shot"
1275,AA Battery,"Fore, Aft, Port, Starboard",-,-,-,-,-,-,-,Local (1)
1276,Light Guns (4 x 4-inch),"Fore, Aft, Port, Starboard","3""","7""","11""","15""",2,-2,1,Weak
1276,Port Mk 8 Mod Torpedoes,Port,"4""","8""","12""","16""",3,-,2,"Devastating, One-Shot"
1276,Port Mk 8 Mod Torpedoes,Port,"4""","8""","12""","16""",3,-,2,"Devastating, One-Shot"
1276,Starboard Mk 8 Mod Torpedoes,Starboard,"4""","8""","12""","16""",3,-,2,"Devastating, One-Shot"
1276,Starboard Mk 8 Mod Torpedoes,Starboard,"4""","8""","12""","16""",3,-,2,"Devastating, One-Shot"
1276,AA Battery,"Fore, Aft, Port, Starboard",-,-,-,-,-,-,-,Local (1)
1277,Light Guns (4 x 4-inch),"Fore, Aft, Port, Starboard","3""","7""","11""","15""",2,-2,1,Weak
1277,Port Mk 8 Torpedoes,Port,"2""","5""","7""","10""",3,-,2,"Devastating, One-Shot"
1277,Port Mk 8 Torpedoes,Port,"2""","5""","7""","10""",3,-,2,"Devastating, One-Shot"
1277,Starboard Mk 8 Torpedoes,Starboard,"2""","5""","7""","10""",3,-,2,"Devastating, One-Shot"
1277,Starboard Mk 8 Torpedoes,Starboard,"2""","5""","7""","10""",3,-,2,"Devastating, One-Shot"
1277,AA Battery,"Fore, Aft, Port, Starboard",-,-,-,-,-,-,-,Local (1)
1278,Light Guns (4 x 4-inch),"Fore, Aft, Port, Starboard","3""","7""","11""","15""",2,-2,1,Weak
1278,Port Mk 15 Torpedoes,Port,"2""","5""","7""","10""",3,-,3,"Devastating, One-Shot"
1278,Starboard Mk 15 Torpedoes,Starboard,"2""","5""","7""","10""",3,-,3,"Devastating, One-Shot"
1278,AA Battery,"Fore, Aft, Port, Starboard",-,-,-,-,-,-,-,Local (1)
1279,Port Mk 8 Mod Torpedoes,Port,"4""","8""","12""","16""",3,-,2,"Devastating, One-Shot"
1279,Starboard Mk 8 Mod Torpedoes,Starboard,"4""","8""","12""","16""",3,-,2,"Devastating, One-Shot"
1279,AA Battery,"Fore, Aft, Port, Starboard","1""","3""","4""","6""",1,-,-,Local (1)
1280,Port Mk 8 Mod Torpedoes,Port,"4""","8""","12""","16""",3,-,2,"Devastating, One-Shot"
1280,Starboard Mk 8 Mod Torpedoes,Starboard,"4""","8""","12""","16""",3,-,2,"Devastating, One-Shot"
1280,AA Battery,"Fore, Aft, Port, Starboard","1""","3""","4""","6""",1,-,-,Local (1)
1281,Port Mk 8 Mod Torpedoes,Port,"4""","8""","12""","16""",3,-,2,"Devastating, One-Shot"
1281,Starboard Mk 8 Mod Torpedoes,Starboard,"4""","8""","12""","16""",3,-,2,"Devastating, One-Shot"
1281,AA Battery,"Fore, Aft, Port, Starboard","1""","3""","4""","6""",1,-,-,Local (1)
1282,Light Guns (2 x 4-inch),"Fore, Aft, Port, Starboard","3""","7""","11""","15""",1,-2,1,Weak
1282,AA Battery,"Fore, Aft, Port, Starboard",-,-,-,-,-,-,-,Local (1)
1283,AA Battery,"Fore, Aft, Port, Starboard","1""","3""","4""","6""",1,-,-,Local (1)
1284,Light Guns (4 x 4-inch),"Fore, Aft, Port, Starboard","3""","7""","11""","15""",2,-2,1,Weak
1284,Port Mk 15 Torpedoes,Port,"2""","5""","7""","10""",3,-,3,"Devastating, One-Shot"
1284,Starboard Mk 15 Torpedoes,Starboard,"2""","5""","7""","10""",3,-,3,"Devastating, One-Shot"
1284,AA Battery,"Fore, Aft, Port, Starboard",-,-,-,-,-,-,-,Local (1)
1285,AA Battery,"Fore, Aft, Port, Starboard","1""","3""","4""","6""",1,-,-,Local (1)
1286,Light Guns (4 x 5-inch),"Fore, Aft, Port, Starboard","4""","9""","13""","18""",2,-2,1,"DP, Weak"
1286,Port/ Starboard Mk 15 Torpedoes,"Port, Starboard","2""","5""","7""","10""",5,-,3,"Devastating, One-Shot"
1286,Port/ Starboard Mk 15 Torpedoes,"Port, Starboard","2""","5""","7""","10""",5,-,3,"Devastating, One-Shot"
1286,AA Battery,"Fore, Aft, Port, Starboard",-,-,-,-,-,-,-,Local (1)
1287,Light Guns (4 x 5-inch),"Fore, Aft, Port, Starboard","4""","9""","13""","18""",2,-2,1,"DP, Weak"
1287,Port/ Starboard Mk 15 Torpedoes,"Port, Starboard","2""","5""","7""","10""",5,-,3,"Devastating, One-Shot"
1287,Port/ Starboard Mk 15 Torpedoes,"Port, Starboard","2""","5""","7""","10""",5,-,3,"Devastating, One-Shot"
1287,AA Battery,"Fore, Aft, Port, Starboard",-,-,-,-,-,-,-,Local (1)
1288,Light Guns (4 x 5-inch),"Fore, Aft, Port, Starboard","4""","9""","13""","18""",2,-2,1,"DP, Weak"
1288,Port/ Starboard Mk 15 Torpedoes,"Port, Starboard","2""","5""","7""","10""",5,-,3,"Devastating, One-Shot"
1288,Port/ Starboard Mk 15 Torpedoes,"Port, Starboard","2""","5""","7""","10""",5,-,3,"Devastating, One-Shot"
1288,AA Battery,"Fore, Aft, Port, Starboard",-,-,-,-,-,-,-,Local (1)
1289,Light Guns (4 x 5-inch),"Fore, Aft, Port, Starboard","4""","9""","13""","18""",2,-2,1,"DP, Weak"
1289,Port/ Starboard Mk 15 Torpedoes,"Port, Starboard","2""","5""","7""","10""",5,-,3,"Devastating, One-Shot"
1289,Port/ Starboard Mk 15 Torpedoes,"Port, Starboard","2""","5""","7""","10""",5,-,3,"Devastating, One-Shot"
1289,AA Battery,"Fore, Aft, Port, Starboard","1""","2""","3""","5""",1,-,-,Local (1)
1290,Light Guns (4 x 5-inch),"Fore, Aft, Port, Starboard","4""","9""","13""","18""",2,-2,1,"DP, Weak"
1290,Port/ Starboard Mk 15 Torpedoes,"Port, Starboard","2""","5""","7""","10""",5,-,3,"Devastating, One-Shot"
1290,Port/ Starboard Mk 15 Torpedoes,"Port, Starboard","2""","5""","7""","10""",5,-,3,"Devastating, One-Shot"
1290,AA Battery,"Fore, Aft, Port, Starboard","1""","2""","3""","5""",1,-,-,Local (1)
1291,Light Guns (4 x 5-inch),"Fore, Aft, Port, Starboard","4""","9""","13""","18""",2,-2,1,"DP, Weak"
1291,Port/ Starboard Mk 15 Torpedoes,"Port, Starboard","2""","5""","7""","10""",5,-,3,"Devastating, One-Shot"
1291,Port/ Starboard Mk 15 Torpedoes,"Port, Starboard","2""","5""","7""","10""",5,-,3,"Devastating, One-Shot"
1291,AA Battery,"Fore, Aft, Port, Starboard","1""","2""","3""","5""",1,-,-,Local (1)
1292,Light Guns (4 x 5-inch),"Fore, Aft, Port, Starboard","4""","9""","13""","18""",2,-2,1,"DP, Weak"
1292,Port/ Starboard Mk 15 Torpedoes,"Port, Starboard","2""","5""","7""","10""",5,-,3,"Devastating, One-Shot"
1292,Port/ Starboard Mk 15 Torpedoes,"Port, Starboard","2""","5""","7""","10""",5,-,3,"Devastating, One-Shot"
1292,AA Battery,"Fore, Aft, Port, Starboard",-,-,-,-,-,-,-,Local (1)
1293,Light Guns (4 x 5-inch),"Fore, Aft, Port, Starboard","4""","9""","13""","18""",2,-2,1,"DP, Weak"
1293,Port/ Starboard Mk 15 Torpedoes,"Port, Starboard","2""","5""","7""","10""",5,-,3,"Devastating, One-Shot"
1293,Port/ Starboard Mk 15 Torpedoes,"Port, Starboard","2""","5""","7""","10""",5,-,3,"Devastating, One-Shot"
1293,AA Battery,"Fore, Aft, Port, Starboard","1""","2""","3""","5""",1,-,-,Local (1)
1294,Light Guns (4 x 5-inch),"Fore, Aft, Port, Starboard","4""","9""","13""","18""",2,-2,1,"DP, Weak"
1294,Port/ Starboard Mk 15 Torpedoes,"Port, Starboard","2""","5""","7""","10""",5,-,3,"Devastating, One-Shot"
1294,Port/ Starboard Mk 15 Torpedoes,"Port, Starboard","2""","5""","7""","10""",5,-,3,"Devastating, One-Shot"
1294,AA Battery,"Fore, Aft, Port, Starboard","1""","2""","3""","5""",1,-,-,Local (1)
1295,Light Guns (5 x 5-inch),"Fore, Aft, Port, Starboard","4""","9""","13""","18""",3,-2,1,"DP, Weak"
1295,Port/ Starboard Mk 15 Torpedoes,"Port, Starboard","2""","5""","7""","10""",5,-,3,"Devastating, One-Shot"
1295,Port/ Starboard Mk 15 Torpedoes,"Port, Starboard","2""","5""","7""","10""",5,-,3,"Devastating, One-Shot"
1295,AA Battery,"Fore, Aft, Port, Starboard","1""","2""","3""","5""",1,-,-,Local (1)
1296,Light Guns (5 x 5-inch),"Fore, Aft, Port, Starboard","4""","9""","13""","18""",3,-2,1,"DP, Weak"
1296,Port/ Starboard Mk 15 Torpedoes,"Port, Starboard","2""","5""","7""","10""",5,-,3,"Devastating, One-Shot"
1296,Port/ Starboard Mk 15 Torpedoes,"Port, Starboard","2""","5""","7""","10""",5,-,3,"Devastating, One-Shot"
1296,AA Battery,"Fore, Aft, Port, Starboard",-,-,-,-,-,-,-,Local (1)
1297,Light Guns (5 x 5-inch),"Fore, Aft, Port, Starboard","4""","9""","13""","18""",3,-2,1,"DP, Weak"
1297,Port/ Starboard Mk 15 Torpedoes,"Port, Starboard","2""","5""","7""","10""",5,-,3,"Devastating, One-Shot"
1297,Port/ Starboard Mk 15 Torpedoes,"Port, Starboard","2""","5""","7""","10""",5,-,3,"Devastating, One-Shot"
1297,AA Battery,"Fore, Aft, Port, Starboard","1""","2""","3""","5""",1,-,-,Local (1)
1298,Light Guns (5 x 5-inch),"Fore, Aft, Port, Starboard","4""","9""","13""","18""",3,-2,1,"DP, Weak"
1298,Port/ Starboard Mk 15 Torpedoes,"Port, Starboard","2""","5""","7""","10""",5,-,3,"Devastating, One-Shot"
1298,Port/ Starboard Mk 15 Torpedoes,"Port, Starboard","2""","5""","7""","10""",5,-,3,"Devastating, One-Shot"
1298,AA Battery,"Fore, Aft, Port, Starboard","1""","2""","3""","5""",2,-,-,Local (1)
1299,Light Guns (5 x 5-inch),"Fore, Aft, Port, Starboard","4""","9""","13""","18""",3,-2,1,"DP, Weak"
1299,Port/ Starboard Mk 15 Torpedoes,"Port, Starboard","2""","5""","7""","10""",5,-,3,"Devastating, One-Shot"
1299,AA Battery,"Fore, Aft, Port, Starboard","1""","2""","3""","5""",3,-,-,Local (1)
1300,Light Guns (4 x 5-inch),"Fore, Aft, Port, Starboard","4""","9""","13""","18""",2,-2,1,"DP, Weak"
1300,Port/ Starboard Mk 15 Torpedoes,"Port, Starboard","2""","5""","7""","10""",5,-,3,"Devastating, One-Shot"
1300,AA Battery,"Fore, Aft, Port, Starboard","1""","2""","3""","5""",1,-,-,Local (1)
1301,Light Guns (5 x 5-inch),"Fore, Aft, Port, Starboard","4""","9""","13""","18""",3,-2,1,"DP, Weak"
1301,Port/ Starboard Mk 15 Torpedoes,"Port, Starboard","2""","5""","7""","10""",5,-,3,"Devastating, One-Shot"
1301,Port/ Starboard Mk 15 Torpedoes,"Port, Starboard","2""","5""","7""","10""",5,-,3,"Devastating, One-Shot"
1301,AA Battery,"Fore, Aft, Port, Starboard",-,-,-,-,-,-,-,Local (1)
1302,Light Guns (5 x 5-inch),"Fore, Aft, Port, Starboard","4""","9""","13""","18""",3,-2,1,"DP, Weak"
1302,Port/ Starboard Mk 15 Torpedoes,"Port, Starboard","2""","5""","7""","10""",5,-,3,"Devastating, One-Shot"
1302,AA Battery,"Fore, Aft, Port, Starboard",-,-,-,-,-,-,-,Local (1)
1303,Light Guns (5 x 5-inch),"Fore, Aft, Port, Starboard","4""","9""","13""","18""",3,-2,1,"DP, Weak"
1303,Port/ Starboard Mk 15 Torpedoes,"Port, Starboard","2""","5""","7""","10""",5,-,3,"Devastating, One-Shot"
1303,AA Battery,"Fore, Aft, Port, Starboard",-,-,-,-,-,-,-,Local (1)
1304,Light Guns (5 x 5-inch),"Fore, Aft, Port, Starboard","4""","9""","13""","18""",3,-2,1,"DP, Weak"
1304,Port/ Starboard Mk 15 Torpedoes,"Port, Starboard","2""","5""","7""","10""",5,-,3,"Devastating, One-Shot"
1304,Port/ Starboard Mk 15 Torpedoes,"Port, Starboard","2""","5""","7""","10""",5,-,3,"Devastating, One-Shot"
1304,AA Battery,"Fore, Aft, Port, Starboard","1""","2""","3""","5""",1,-,-,Local (1)
1305,Light Guns (5 x 5-inch),"Fore, Aft, Port, Starboard","4""","9""","13""","18""",3,-2,1,"DP, Weak"
1305,AA Battery,"Fore, Aft, Port, Starboard","1""","2""","3""","5""",3,-,-,Local (1)
1306,Light Guns (4 x 5-inch),"Fore, Aft, Port, Starboard","4""","9""","13""","18""",2,-2,1,"DP, Weak"
1306,Port/ Starboard Mk 15 Torpedoes,"Port, Starboard","2""","5""","7""","10""",5,-,3,"Devastating, One-Shot"
1306,Port/ Starboard Mk 15 Torpedoes,"Port, Starboard","2""","5""","7""","10""",5,-,3,"Devastating, One-Shot"
1306,AA Battery,"Fore, Aft, Port, Starboard",-,-,-,-,-,-,-,Local (1)
1307,Light Guns (4 x 5-inch),"Fore, Aft, Port, Starboard","4""","9""","13""","18""",2,-2,1,"DP, Weak"
1307,Port/ Starboard Mk 15 Torpedoes,"Port, Starboard","2""","5""","7""","10""",5,-,3,"Devastating, One-Shot"
1307,Port/ Starboard Mk 15 Torpedoes,"Port, Starboard","2""","5""","7""","10""",5,-,3,"Devastating, One-Shot"
1307,AA Battery,"Fore, Aft, Port, Starboard",-,-,-,-,-,-,-,Local (1)
1308,Light Guns (4 x 5-inch),"Fore, Aft, Port, Starboard","4""","9""","13""","18""",2,-2,1,"DP, Weak"
1308,Port/ Starboard Mk 15 Torpedoes,"Port, Starboard","2""","5""","7""","10""",5,-,3,"Devastating, One-Shot"
1308,Port/ Starboard Mk 15 Torpedoes,"Port, Starboard","2""","5""","7""","10""",5,-,3,"Devastating, One-Shot"
1308,AA Battery,"Fore, Aft, Port, Starboard","1""","2""","3""","5""",1,-,-,Local (1)
1309,Light Guns (4 x 5-inch),"Fore, Aft, Port, Starboard","4""","9""","13""","18""",2,-2,1,"DP, Weak"
1309,Port/ Starboard Mk 15 Torpedoes,"Port, Starboard","2""","5""","7""","10""",5,-,3,"Devastating, One-Shot"
1309,Port/ Starboard Mk 15 Torpedoes,"Port, Starboard","2""","5""","7""","10""",5,-,3,"Devastating, One-Shot"
1309,AA Battery,"Fore, Aft, Port, Starboard","1""","2""","3""","5""",1,-,-,Local (1)
1310,Light Guns (4 x 5-inch),"Fore, Aft, Port, Starboard","4""","9""","13""","18""",2,-2,1,"DP, Weak"
1310,AA Battery,"Fore, Aft, Port, Starboard","1""","2""","3""","5""",3,-,-,Local (1)
1311,Light Guns (4 x 5-inch),"Fore, Aft, Port, Starboard","4""","9""","13""","18""",2,-2,1,"DP, Weak"
1311,Port/ Starboard Mk 15 Torpedoes,"Port, Starboard","2""","5""","7""","10""",5,-,3,"Devastating, One-Shot"
1311,Port/ Starboard Mk 15 Torpedoes,"Port, Starboard","2""","5""","7""","10""",5,-,3,"Devastating, One-Shot"
1311,AA Battery,"Fore, Aft, Port, Starboard","1""","2""","3""","5""",1,-,-,Local (1)
1312,Light Guns (4 x 5-inch),"Fore, Aft, Port, Starboard","4""","9""","13""","18""",2,-2,1,"DP, Weak"
1312,AA Battery,"Fore, Aft, Port, Starboard","1""","2""","3""","5""",3,-,-,Local (1)
1313,Light Guns (4 x 5-inch),"Fore, Aft, Port, Starboard","4""","9""","13""","18""",2,-2,1,"DP, Weak"
1313,Port/ Starboard Mk 15 Torpedoes,"Port, Starboard","2""","5""","7""","10""",5,-,3,"Devastating, One-Shot"
1313,Port/ Starboard Mk 15 Torpedoes,"Port, Starboard","2""","5""","7""","10""",5,-,3,"Devastating, One-Shot"
1313,AA Battery,"Fore, Aft, Port, Starboard","1""","2""","3""","5""",1,-,-,Local (1)
1314,Light Guns (4 x 5-inch),"Fore, Aft, Port, Starboard","4""","9""","13""","18""",2,-2,1,"DP, Weak"
1314,AA Battery,"Fore, Aft, Port, Starboard","1""","2""","3""","5""",3,-,-,Local (1)
1315,Light Guns (4 x 5-inch),"Fore, Aft, Port, Starboard","4""","9""","13""","18""",2,-2,1,"DP, Weak"
1315,Port Mk 15 Torpedoes,Port,"2""","5""","7""","10""",4,-,3,"Devastating, One-Shot"
1315,Port Mk 15 Torpedoes,Port,"2""","5""","7""","10""",4,-,3,"Devastating, One-Shot"
1315,Starboard Mk 15 Torpedoes,Starboard,"2""","5""","7""","10""",4,-,3,"Devastating, One-Shot"
1315,Starboard Mk 15 Torpedoes,Starboard,"2""","5""","7""","10""",4,-,3,"Devastating, One-Shot"
1315,AA Battery,"Fore, Aft, Port, Starboard",-,-,-,-,-,-,-,Local (1)
1316,Light Guns (4 x 5-inch),"Fore, Aft, Port, Starboard","4""","9""","13""","18""",2,-2,1,"DP, Weak"
1316,Port Mk 15 Torpedoes,Port,"2""","5""","7""","10""",4,-,3,"Devastating, One-Shot"
1316,Port Mk 15 Torpedoes,Port,"2""","5""","7""","10""",4,-,3,"Devastating, One-Shot"
1316,Starboard Mk 15 Torpedoes,Starboard,"2""","5""","7""","10""",4,-,3,"Devastating, One-Shot"
1316,Starboard Mk 15 Torpedoes,Starboard,"2""","5""","7""","10""",4,-,3,"Devastating, One-Shot"
1316,AA Battery,"Fore, Aft, Port, Starboard",-,-,-,-,-,-,-,Local (1)
1317,Light Guns (4 x 5-inch),"Fore, Aft, Port, Starboard","4""","9""","13""","18""",2,-2,1,"DP, Weak"
1317,Port Mk 15 Torpedoes,Port,"2""","5""","7""","10""",4,-,3,"Devastating, One-Shot"
1317,Port Mk 15 Torpedoes,Port,"2""","5""","7""","10""",4,-,3,"Devastating, One-Shot"
1317,Starboard Mk 15 Torpedoes,Starboard,"2""","5""","7""","10""",4,-,3,"Devastating, One-Shot"
1317,Starboard Mk 15 Torpedoes,Starboard,"2""","5""","7""","10""",4,-,3,"Devastating, One-Shot"
1317,AA Battery,"Fore, Aft, Port, Starboard",-,-,-,-,-,-,-,Local (1)
1318,Light Guns (4 x 5-inch),"Fore, Aft, Port, Starboard","4""","9""","13""","18""",2,-2,1,"DP, Weak"
1318,Port Mk 15 Torpedoes,Port,"2""","5""","7""","10""",4,-,3,"Devastating, One-Shot"
1318,Starboard Mk 15 Torpedoes,Starboard,"2""","5""","7""","10""",4,-,3,"Devastating, One-Shot"
1318,AA Battery,"Fore, Aft, Port, Starboard",-,-,-,-,-,-,-,Local (1)
1319,Light Guns (2 x 5-inch),"Fore, Aft, Port, Starboard","4""","9""","13""","18""",1,-2,1,"DP, Weak"
1319,Port/ Starboard Mk 15 Torpedoes,"Port, Starboard","2""","5""","7""","10""",5,-,3,"Devastating, One-Shot"
1319,AA Battery,"Fore, Aft, Port, Starboard",-,-,-,-,-,-,-,Local (1)
1320,Light Guns (2 x 5-inch),"Fore, Aft, Port, Starboard","4""","9""","13""","18""",1,-2,1,"DP, Weak"
1320,AA Battery,"Fore, Aft, Port, Starboard",-,-,-,-,-,-,-,Local (2)
1321,Light Guns (5 x 5-inch),"Fore, Aft, Port, Starboard","4""","9""","13""","18""",3,-2,1,"DP, Weak"
1321,Port Mk 15 Torpedoes,Port,"2""","5""","7""","10""",4,-,3,"Devastating, One-Shot"
1321,Starboard Mk 15 Torpedoes,Starboard,"2""","5""","7""","10""",4,-,3,"Devastating, One-Shot"
1321,Port/ Starboard Mk 15 Torpedoes,"Port, Starboard","2""","5""","7""","10""",5,-,3,"Devastating, One-Shot"
1321,AA Battery,"Fore, Aft, Port, Starboard",-,-,-,-,-,-,-,Local (1)
1322,Light Guns (5 x 5-inch),"Fore, Aft, Port, Starboard","4""","9""","13""","18""",3,-2,1,"DP, Weak"
1322,Port Mk 15 Torpedoes,Port,"2""","5""","7""","10""",4,-,3,"Devastating, One-Shot"
1322,Starboard Mk 15 Torpedoes,Starboard,"2""","5""","7""","10""",4,-,3,"Devastating, One-Shot"
1322,Port/ Starboard Mk 15 Torpedoes,"Port, Starboard","2""","5""","7""","10""",5,-,3,"Devastating, One-Shot"
1322,AA Battery,"Fore, Aft, Port, Starboard",-,-,-,-,-,-,-,Local (1)
1323,Light Guns (4 x 5-inch),"Fore, Aft, Port, Starboard","4""","9""","13""","18""",2,-2,1,"DP, Weak"
1323,Port Mk 15 Torpedoes,Port,"2""","5""","7""","10""",4,-,3,"Devastating, One-Shot"
1323,Starboard Mk 15 Torpedoes,Starboard,"2""","5""","7""","10""",4,-,3,"Devastating, One-Shot"
1323,Port/ Starboard Mk 15 Torpedoes,"Port, Starboard","2""","5""","7""","10""",5,-,3,"Devastating, One-Shot"
1323,AA Battery,"Fore, Aft, Port, Starboard","1""","2""","3""","5""",1,-,-,Local (1)
1324,Light Guns (4 x 5-inch),"Fore, Aft, Port, Starboard","4""","9""","13""","18""",2,-2,1,"DP, Weak"
1324,Port Mk 15 Torpedoes,Port,"2""","5""","7""","10""",4,-,3,"Devastating, One-Shot"
1324,Starboard Mk 15 Torpedoes,Starboard,"2""","5""","7""","10""",4,-,3,"Devastating, One-Shot"
1324,Port/ Starboard Mk 15 Torpedoes,"Port, Starboard","2""","5""","7""","10""",5,-,3,"Devastating, One-Shot"
1324,AA Battery,"Fore, Aft, Port, Starboard","1""","2""","3""","5""",1,-,-,Local (1)
1325,Light Guns (4 x 5-inch),"Fore, Aft, Port, Starboard","4""","9""","13""","18""",2,-2,1,"DP, Weak"
1325,Port Mk 15 Torpedoes,Port,"2""","5""","7""","10""",4,-,3,"Devastating, One-Shot"
1325,Starboard Mk 15 Torpedoes,Starboard,"2""","5""","7""","10""",4,-,3,"Devastating, One-Shot"
1325,Port/ Starboard Mk 15 Torpedoes,"Port, Starboard","2""","5""","7""","10""",5,-,3,"Devastating, One-Shot"
1325,AA Battery,"Fore, Aft, Port, Starboard","1""","2""","3""","5""",1,-,-,Local (1)
1326,Light Guns (4 x 5-inch),"Fore, Aft, Port, Starboard","4""","9""","13""","18""",2,-2,1,"DP, Weak"
1326,Port Mk 15 Torpedoes,Port,"2""","5""","7""","10""",4,-,3,"Devastating, One-Shot"
1326,Starboard Mk 15 Torpedoes,Starboard,"2""","5""","7""","10""",4,-,3,"Devastating, One-Shot"
1326,AA Battery,"Fore, Aft, Port, Starboard","1""","2""","3""","5""",1,-,-,Local (1)
1327,Light Guns (4 x 5-inch),"Fore, Aft, Port, Starboard","4""","9""","13""","18""",2,-2,1,"DP, Weak"
1327,AA Battery,"Fore, Aft, Port, Starboard","1""","2""","3""","5""",2,-,-,Local (1)
1328,Light Guns (4 x 5-inch),"Fore, Aft, Port, Starboard","4""","9""","13""","18""",2,-2,1,"DP, Weak"
1328,AA Battery,"Fore, Aft, Port, Starboard","1""","2""","3""","5""",3,-,-,Local (1)
1329,Light Guns (4 x 5-inch),"Fore, Aft, Port, Starboard","4""","9""","13""","18""",2,-2,1,"DP, Weak"
1329,Port/ Starboard Mk 15 Torpedoes,"Port, Starboard","2""","5""","7""","10""",5,-,3,"Devastating, One-Shot"
1329,Port/ Starboard Mk 15 Torpedoes,"Port, Starboard","2""","5""","7""","10""",5,-,3,"Devastating, One-Shot"
1329,AA Battery,"Fore, Aft, Port, Starboard","1""","2""","3""","5""",1,-,-,Local (1)
1330,Light Guns (8 x 5-inch),"Fore, Aft, Port, Starboard","4""","8""","12""","17""",6,-2,1,Weak
1330,Port/Starboard Mk 12 Torpedoes,"Port, Starboard","2""","5""","7""","10""",4,-,2,"Devastating, One-Shot"
1330,Port/Starboard Mk 12 Torpedoes,"Port, Starboard","2""","5""","7""","10""",4,-,2,"Devastating, One-Shot"
1330,AA Battery,"Fore, Aft, Port, Starboard",-,-,-,-,-,-,-,Local (1)
1331,Light Guns (8 x 5-inch),"Fore, Aft, Port, Starboard","4""","8""","12""","17""",6,-2,1,Weak
1331,Port/Starboard Mk 12 Torpedoes,"Port, Starboard","2""","5""","7""","10""",4,-,2,"Devastating, One-Shot"
1331,Port/Starboard Mk 12 Torpedoes,"Port, Starboard","2""","5""","7""","10""",4,-,2,"Devastating, One-Shot"
1331,AA Battery,"Fore, Aft, Port, Starboard",-,-,-,-,-,-,-,Local (1)
1332,Light Guns (8 x 5-inch),"Fore, Aft, Port, Starboard","4""","8""","12""","17""",6,-2,1,Weak
1332,Port/ Starboard Mk 15 Torpedoes,"Port, Starboard","2""","5""","7""","10""",4,-,3,"Devastating, One-Shot"
1332,Port/ Starboard Mk 15 Torpedoes,"Port, Starboard","2""","5""","7""","10""",4,-,3,"Devastating, One-Shot"
1332,AA Battery,"Fore, Aft, Port, Starboard",-,-,-,-,-,-,-,Local (1)
1333,Light Guns (8 x 5-inch),"Fore, Aft, Port, Starboard","4""","8""","12""","17""",6,-2,1,Weak
1333,Port/ Starboard Mk 15 Torpedoes,"Port, Starboard","2""","5""","7""","10""",4,-,3,"Devastating, One-Shot"
1333,Port/ Starboard Mk 15 Torpedoes,"Port, Starboard","2""","5""","7""","10""",4,-,3,"Devastating, One-Shot"
1333,AA Battery,"Fore, Aft, Port, Starboard","1""","2""","3""","5""",1,-,-,Local (1)
1334,Light Guns (6 x 5-inch),"Fore, Aft, Port, Starboard","4""","8""","12""","17""",4,-2,1,Weak
1334,Port/ Starboard Mk 15 Torpedoes,"Port, Starboard","2""","5""","7""","10""",4,-,3,"Devastating, One-Shot"
1334,Port/ Starboard Mk 15 Torpedoes,"Port, Starboard","2""","5""","7""","10""",4,-,3,"Devastating, One-Shot"
1334,AA Battery,"Fore, Aft, Port, Starboard","1""","2""","3""","5""",2,-,-,Local (1)
1335,Light Guns (5 x 5-inch),"Fore, Aft, Port, Starboard","4""","9""","13""","18""",3,-2,1,"DP, Weak"
1335,Port/ Starboard Mk 15 Torpedoes,"Port, Starboard","2""","5""","7""","10""",4,-,3,"Devastating, One-Shot"
1335,Port/ Starboard Mk 15 Torpedoes,"Port, Starboard","2""","5""","7""","10""",4,-,3,"Devastating, One-Shot"
1335,AA Battery,"Fore, Aft, Port, Starboard","1""","2""","3""","5""",2,-,-,Local (1)
1336,Light Guns (5 x 5-inch),"Fore, Aft, Port, Starboard","4""","9""","13""","18""",3,-2,1,"DP, Weak"
1336,AA Battery,"Fore, Aft, Port, Starboard","1""","2""","3""","5""",3,-,-,Local (1)
1337,Light Guns (5 x 5-inch),"Fore, Aft, Port, Starboard","4""","9""","13""","18""",3,-2,1,"DP, Weak"
1337,AA Battery,"Fore, Aft, Port, Starboard","1""","2""","3""","5""",3,-,-,Local (1)
1338,Light Guns (4 x 5-inch),"Fore, Aft, Port, Starboard","4""","9""","13""","18""",2,-2,1,"DP, Weak"
1338,Port/ Starboard Mk 15 Torpedoes,"Port, Starboard","2""","5""","7""","10""",4,-,2,"Devastating, One-Shot"
1338,Port/ Starboard Mk 15 Torpedoes,"Port, Starboard","2""","5""","7""","10""",4,-,2,"Devastating, One-Shot"
1338,AA Battery,"Fore, Aft, Port, Starboard",-,-,-,-,-,-,-,Local (1)
1339,Light Guns (4 x 5-inch),"Fore, Aft, Port, Starboard","4""","9""","13""","18""",2,-2,1,"DP, Weak"
1339,Port Mk 15 Torpedoes,Port,"2""","5""","7""","10""",4,-,3,"Devastating, One-Shot"
1339,Starboard Mk 15 Torpedoes,Starboard,"2""","5""","7""","10""",4,-,3,"Devastating, One-Shot"
1339,Port/ Starboard Mk 15 Torpedoes,"Port, Starboard","2""","5""","7""","10""",4,-,3,"Devastating, One-Shot"
1339,AA Battery,"Fore, Aft, Port, Starboard",-,-,-,-,-,-,-,Local (1)
1340,Light Guns (4 x 5-inch),"Fore, Aft, Port, Starboard","4""","9""","13""","18""",2,-2,1,"DP, Weak"
1340,Port/ Starboard Mk 15 Torpedoes,"Port, Starboard","2""","5""","7""","10""",4,-,3,"Devastating, One-Shot"
1340,Port/ Starboard Mk 15 Torpedoes,"Port, Starboard","2""","5""","7""","10""",4,-,3,"Devastating, One-Shot"
1340,AA Battery,"Fore, Aft, Port, Starboard",-,-,-,-,-,-,-,Local (1)
1341,Light Guns (4 x 5-inch),"Fore, Aft, Port, Starboard","4""","9""","13""","18""",2,-2,1,"DP, Weak"
1341,Port/ Starboard Mk 15 Torpedoes,"Port, Starboard","2""","5""","7""","10""",4,-,3,"Devastating, One-Shot"
1341,Port/ Starboard Mk 15 Torpedoes,"Port, Starboard","2""","5""","7""","10""",4,-,3,"Devastating, One-Shot"
1341,AA Battery,"Fore, Aft, Port, Starboard",-,-,-,-,-,-,-,Local (1)
1342,Light Guns (4 x 5-inch),"Fore, Aft, Port, Starboard","4""","9""","13""","18""",2,-2,1,"DP, Weak"
1342,Port/ Starboard Mk 15 Torpedoes,"Port, Starboard","2""","5""","7""","10""",4,-,3,"Devastating, One-Shot"
1342,Port/ Starboard Mk 15 Torpedoes,"Port, Starboard","2""","5""","7""","10""",4,-,3,"Devastating, One-Shot"
1342,AA Battery,"Fore, Aft, Port, Starboard",-,-,-,-,-,-,-,Local (1)
1343,Light Guns (4 x 5-inch),"Fore, Aft, Port, Starboard","4""","9""","13""","18""",2,-2,1,"DP, Weak"
1343,Port/ Starboard Mk 15 Torpedoes,"Port, Starboard","2""","5""","7""","10""",4,-,3,"Devastating, One-Shot"
1343,Port/ Starboard Mk 15 Torpedoes,"Port, Starboard","2""","5""","7""","10""",4,-,3,"Devastating, One-Shot"
1343,AA Battery,"Fore, Aft, Port, Starboard",-,-,-,-,-,-,-,Local (1)
1344,Light Guns (4 x 5-inch),"Fore, Aft, Port, Starboard","4""","9""","13""","18""",2,-2,1,"DP, Weak"
1344,Port/ Starboard Mk 15 Torpedoes,"Port, Starboard","2""","5""","7""","10""",4,-,3,"Devastating, One-Shot"
1344,Port/ Starboard Mk 15 Torpedoes,"Port, Starboard","2""","5""","7""","10""",4,-,3,"Devastating, One-Shot"
1344,AA Battery,"Fore, Aft, Port, Starboard","1""","2""","3""","5""",1,-,-,Local (1)
1345,Light Guns (4 x 5-inch),"Fore, Aft, Port, Starboard","4""","9""","13""","18""",2,-2,1,"DP, Weak"
1345,Port/ Starboard Mk 15 Torpedoes,"Port, Starboard","2""","5""","7""","10""",4,-,3,"Devastating, One-Shot"
1345,Port/ Starboard Mk 15 Torpedoes,"Port, Starboard","2""","5""","7""","10""",4,-,3,"Devastating, One-Shot"
1345,AA Battery,"Fore, Aft, Port, Starboard","1""","2""","3""","5""",1,-,-,Local (1)
1346,Light Guns (4 x 5-inch),"Fore, Aft, Port, Starboard","4""","9""","13""","18""",2,-2,1,"DP, Weak"
1346,AA Battery,"Fore, Aft, Port, Starboard","1""","2""","3""","5""",2,-,-,Local (1)
1347,Light Guns (4 x 5-inch),"Fore, Aft, Port, Starboard","4""","9""","13""","18""",2,-2,1,"DP, Weak"
1347,Port/ Starboard Mk 15 Torpedoes,"Port, Starboard","2""","5""","7""","10""",4,-,3,"Devastating, One-Shot"
1347,AA Battery,"Fore, Aft, Port, Starboard","1""","2""","3""","5""",2,-,-,Local (1)
1348,Light Guns (4 x 5-inch),"Fore, Aft, Port, Starboard","4""","9""","13""","18""",2,-2,1,"DP, Weak"
1348,Port/ Starboard Mk 15 Torpedoes,"Port, Starboard","2""","5""","7""","10""",4,-,3,"Devastating, One-Shot"
1348,Port/ Starboard Mk 15 Torpedoes,"Port, Starboard","2""","5""","7""","10""",4,-,3,"Devastating, One-Shot"
1348,AA Battery,"Fore, Aft, Port, Starboard","1""","2""","3""","5""",1,-,-,Local (1)
1349,Light Guns (4 x 5-inch),"Fore, Aft, Port, Starboard","4""","9""","13""","18""",2,-2,1,"DP, Weak"
1349,Port Mk 15 Torpedoes,Port,"2""","5""","7""","10""",4,-,3,"Devastating, One-Shot"
1349,Starboard Mk 15 Torpedoes,Starboard,"2""","5""","7""","10""",4,-,3,"Devastating, One-Shot"
1349,Port/ Starboard Mk 15 Torpedoes,"Port, Starboard","2""","5""","7""","10""",4,-,3,"Devastating, One-Shot"
1349,AA Battery,"Fore, Aft, Port, Starboard",-,-,-,-,-,-,-,Local (1)
1350,Light Guns (4 x 5-inch),"Fore, Aft, Port, Starboard","4""","9""","13""","18""",2,-2,1,"DP, Weak"
1350,Port Mk 15 Torpedoes,Port,"2""","5""","7""","10""",4,-,3,"Devastating, One-Shot"
1350,Starboard Mk 15 Torpedoes,Starboard,"2""","5""","7""","10""",4,-,3,"Devastating, One-Shot"
1350,Port/ Starboard Mk 15 Torpedoes,"Port, Starboard","2""","5""","7""","10""",4,-,3,"Devastating, One-Shot"
1350,AA Battery,"Fore, Aft, Port, Starboard","1""","2""","3""","5""",1,-,-,Local (1)
