ship_id,ship_name,ship_class,ship_type,points,flank_speed,armour,hull,traits,ship_image,nation,nation_name,unit_id
1,Ammunition Ship,Ammunition Ship,Civilian,25,"3""",1+,13/4,"Lumbering, Explosive",ammo_ship.png,french_ensign.png,France,1
2,Ammunition Ship (1942),Ammunition Ship,Civilian,35,"3""",1+,13/4,"Lumbering, Explosive",ammo_ship.png,french_ensign.png,France,2
3,Ammunition Ship (1944),Ammunition Ship,Civilian,35,"3""",1+,13/4,"Lumbering, Explosive",ammo_ship.png,french_ensign.png,France,3
4,Armed Merchant Cruiser,Merchant Cruiser,Civilian,25,"3""",1+,15/5,Lumbering,merch_cruiser.png,french_ensign.png,France,4
5,Liberty Ship,Cargo Ship,Civilian,25,"2""",1+,10/3,Lumbering,liberty.png,french_ensign.png,France,6
6,Liner,Liner,Civilian,25,"6""",1+,72/24,Lumbering,liner.png,french_ensign.png,France,7
7,Oil Tanker,Oil Tanker,Civilian,30,"4""",1+,15/5,"Lumbering, Volatile",tanker.png,french_ensign.png,France,8
8,Oil Tanker (1942),Oil Tanker,Civilian,40,"4""",1+,15/5,"Lumbering, Volatile",tanker.png,french_ensign.png,France,9
9,Oil Tanker (1944),Oil Tanker,Civilian,50,"4""",1+,15/5,"Lumbering, Volatile",tanker.png,french_ensign.png,France,10
10,Seaplane Tender,Seaplane Tender,Civilian,25,"4""",1+,12/4,"Aircraft 6, Lumbering",seaplane_tender.png,french_ensign.png,France,16
11,Tramp Freighter,Tramp Freighter,Civilian,10,"2""",1+,6/2,,tramp_freighter.png,french_ensign.png,France,17
12,Troop Ship,Troop Ship,Civilian,25,"3""",1+,16/5,Lumbering,troop_ship.png,french_ensign.png,France,18
13,Victory Ship,Cargo Ship,Civilian,30,"3""",1+,14/4,Lumbering,victory.png,french_ensign.png,France,19
14,Minerve,Minerve,Submarine,60,"3""",2+,2/1,"Submarine, Agile",minerve_sub.png,french_ensign.png,France,29
15,Surcouf,Surcouf,Submarine,90,"4""",2+,9/3,"Aircraft 1, Submarine, Sub-Hunter",surcouf_sub.png,french_ensign.png,France,30
16,Bretagne,Bretagne,Battleship,350,"4""",5+,53/17,Torpedo Belt 2,bretagne_1940.png,french_ensign.png,France,636
17,Lorraine (1939),Bretagne,Battleship,330,"4""",5+,53/17,"Aircraft 4, Torpedo Belt 2",lorraine_1939.png,french_ensign.png,France,637
18,Lorraine (1940),Bretagne,Battleship,325,"4""",5+,53/17,"Aircraft 3, Torpedo Belt 2",lorraine_1941.png,french_ensign.png,France,638
19,Lorraine (1944),Bretagne,Battleship,330,"4""",5+,53/17,"Aircraft 3, Torpedo Belt 2",lorraine_1944.png,french_ensign.png,France,639
20,Courbet,Courbet,Battleship,250,"3""",5+,51/17,Torpedo Belt 2,courbet_1940.png,french_ensign.png,France,640
21,Dunkerque,Dunkerque,Battleship,360,"6""",5+,70/23,"Aircraft 3, Torpedo Belt 3, Armored Deck",dunkerque_1940.png,french_ensign.png,France,641
22,Strasbourg,Dunkerque,Battleship,370,"6""",5+,73/24,"Aircraft 3, Torpedo Belt 3, Armored Deck",strasbourg_1942.png,french_ensign.png,France,642
23,Richelieu,Richelieu,Battleship,450,"6""",6+,95/31,"Aircraft 3, Torpedo Belt 3, Armored Deck",richelieu_1940.png,french_ensign.png,France,643
24,Richelieu (1943),Richelieu,Battleship,585,"6""",6+,95/31,"Torpedo Belt 3, Armored Deck, Advanced Radar",richelieu_1943.png,french_ensign.png,France,644
25,Richelieu (1945),Richelieu,Battleship,585,"6""",6+,95/31,"Torpedo Belt 3, Armored Deck, Advanced Radar",richelieu_1945.png,french_ensign.png,France,645
26,Jean Bart (1940),Richelieu,Battleship,175,"6""",6+,95/31,"Torpedo Belt 3, Armored Deck",jean_bart_1940.png,french_ensign.png,France,646
27,Jean Bart (1942),Richelieu,Battleship,190,"6""",6+,95/31,"Torpedo Belt 3, Armored Deck",jean_bart_1942.png,french_ensign.png,France,647
28,Bearn,Bearn,Carrier,160,"4""",2+,57/19,"Aircraft 10, Carrier",bearn_1939.png,french_ensign.png,France,648
29,Bearn (1943),Bearn,Carrier,160,"4""",2+,57/19,"Carrier, Advanced Radar",bearn_1945.png,french_ensign.png,France,649
30,Algerie,Algerie,Cruiser,135,"6""",3+,27/9,"Aircraft 2, Armored Deck",algerie_1941.png,french_ensign.png,France,650
31,Duguay-Trouin,Duguay-Trouin,Cruiser,145,"7""",1+,19/6,"Aircraft 2, Armored Deck, Agile",duguay_1939.png,french_ensign.png,France,651
32,Duguay-Trouin (1939),Duguay-Trouin,Cruiser,165,"7""",1+,19/6,"Aircraft 2, Armored Deck, Agile, Sub-Hunter",duguay_1939.png,french_ensign.png,France,652
33,Duguay-Trouin (1943),Duguay-Trouin,Cruiser,140,"7""",1+,19/6,"Armored Deck, Agile, Sub-Hunter",duguay_1939.png,french_ensign.png,France,653
34,Duguay-Trouin (1944),Duguay-Trouin,Cruiser,140,"7""",1+,19/6,"Armored Deck, Agile, Sub-Hunter, Radar",duguay_1945.png,french_ensign.png,France,654
35,Duquesne,Duquesne,Cruiser,135,"7""",2+,24/8,"Aircraft 2, Armored Deck",duquesne_1939.png,french_ensign.png,France,655
36,Duquesne (1945),Duquesne,Cruiser,115,"7""",2+,24/8,"Armored Deck, Advanced Radar",duquesne_1945.png,french_ensign.png,France,656
37,Emile Bertin,Emile Bertin,Cruiser,100,"7""",1+,17/5,"Aircraft 2, Armored Deck, Agile, Depth Charge",emile_bertin_1935.png,french_ensign.png,France,657
38,Emile Bertin (1943),Emile Bertin,Cruiser,110,"7""",1+,17/5,"Armored Deck, Agile, Depth Charge, Radar",emile_bertin_1944.png,french_ensign.png,France,658
39,Jeanne D'Arc,Jeanne D'Arc,Cruiser,75,"5""",1+,18/6,"Aircraft 2, Armored Deck, Agile",jean_darc_1942.png,french_ensign.png,France,659
40,Jeanne D'Arc (1943),Jeanne D'Arc,Cruiser,65,"5""",1+,18/6,"Armored Deck, Agile, Radar",jean_darc_1944.png,french_ensign.png,France,660
41,La Galissonniere,La Galissonniere,Cruiser,90,"6""",3+,18/6,"Aircraft 3, Agile",la_galissonniere_1939.png,french_ensign.png,France,661
42,Gloire (1943),La Galissonniere,Cruiser,115,"6""",3+,18/6,"Agile, Radar",gloire_1944.png,french_ensign.png,France,662
43,Georges Leygues (1945),La Galissonniere,Cruiser,130,"6""",3+,18/6,"Agile, Advanced Radar",georges_leygues_1945.png,french_ensign.png,France,663
44,Suffren,Suffren,Cruiser,125,"6""",2+,26/8,Aircraft 2,suffren_1939.png,french_ensign.png,France,664
45,Suffren (1945),Suffren,Cruiser,105,"6""",2+,26/8,Advanced Radar,suffren_1945.png,french_ensign.png,France,665
46,Colbert (1935),Suffren,Cruiser,135,"6""",2+,26/8,Aircraft 3,colbert_1939.png,french_ensign.png,France,666
47,Dupleix (1935),Suffren,Cruiser,155,"6""",2+,26/8,"Aircraft 3, Armored Deck",dupleix_1939.png,french_ensign.png,France,667
48,Dupleix (1942),Suffren,Cruiser,160,"6""",2+,26/8,"Aircraft 3, Armored Deck",dupleix_1942.png,french_ensign.png,France,668
49,Bourrasque,Bourrasque,Destroyer,40,"7""",1+,4/1,"Agile, Depth Charge",bourrasque_1939.png,french_ensign.png,France,669
50,Mistral (1941),Bourrasque,Destroyer,40,"7""",1+,4/1,"Agile, Depth Charge, Sub-Hunter",bourrasque_1939.png,french_ensign.png,France,670
51,Typhon (1942),Bourrasque,Destroyer,25,"7""",1+,4/1,"Agile, Depth Charge",bourrasque_1939.png,french_ensign.png,France,671
52,Tramontane (1942),Bourrasque,Destroyer,30,"7""",1+,4/1,"Agile, Depth Charge",bourrasque_1939.png,french_ensign.png,France,672
53,Trombe (1943),Bourrasque,Destroyer,45,"7""",1+,4/1,"Agile, Depth Charge, Radar, Sub-Hunter",bourrasque_1939.png,french_ensign.png,France,673
54,Simoun (1943),Bourrasque,Destroyer,35,"7""",1+,4/1,"Agile, Depth Charge, Radar, Sub-Hunter",bourrasque_1939.png,french_ensign.png,France,674
55,Chacal,Chacal,Destroyer,40,"6""",1+,6/2,"Agile, Depth Charge",jaguar_1939.png,french_ensign.png,France,675
56,Leopard (1940),Chacal,Destroyer,55,"6""",1+,6/2,"Agile, Depth Charge, Sub-Hunter",tigre_1939.png,french_ensign.png,France,676
57,Leopard (1942),Chacal,Destroyer,60,"6""",1+,6/2,"Agile, Depth Charge, Sub-Hunter, Radar",tigre_1939.png,french_ensign.png,France,677
58,Tigre (1944),Chacal,Destroyer,40,"6""",1+,6/2,"Agile, Depth Charge, Sub-Hunter, Radar",tigre_1939.png,french_ensign.png,France,678
59,Le Fantasque,Le Fantasque,Destroyer,60,"8""",1+,7/2,"Agile, Depth Charge",le_fantasque_1939.png,french_ensign.png,France,679
60,Le Triomphant (1940),Le Fantasque,Destroyer,75,"8""",1+,7/2,"Agile, Depth Charge, Sub-Hunter, Radar",le_fantasque_1939.png,french_ensign.png,France,680
61,Le Triomphant (1944),Le Fantasque,Destroyer,75,"8""",1+,7/2,"Agile, Depth Charge, Sub-Hunter, Advanced Radar",le_fantasque_1939.png,french_ensign.png,France,681
62,Le Fantasque (1943),Le Fantasque,Destroyer,75,"8""",1+,7/2,"Agile, Depth Charge, Sub-Hunter, Advanced Radar",le_fantasque_1939.png,french_ensign.png,France,682
63,Le Terrible (1943),Le Fantasque,Destroyer,70,"8""",1+,7/2,"Agile, Depth Charge, Sub-Hunter, Advanced Radar",le_fantasque_1939.png,french_ensign.png,France,683
64,Mogador,Mogador,Destroyer,65,"8""",1+,8/2,Depth Charge,mogador_1940.png,french_ensign.png,France,684
65,Mogador (1941),Mogador,Destroyer,60,"8""",1+,8/2,Depth Charge,mogador_1940.png,french_ensign.png,France,685
66,Hindenburg,H-39,Battleship,700,"6""",6+,131/43,"Aircraft 4, Torpedo Belt 3, Armored Deck, Radar, Sub-Hunter",h39.png,kriegsmarine_ensign.png,Germany,1
67,U-70,Type VII,Submarine,45,"3""",2+,2/1,"Submarine, Agile",type7_1941.png,kriegsmarine_ensign.png,Germany,1
68,Ammunition Ship,Ammunition Ship,Civilian,25,"3""",1+,13/4,"Lumbering, Explosive",ammo_ship.png,kriegsmarine_ensign.png,Germany,1
69,O,O,Battleship,360,"7""",4+,71/23,"Aircraft 4, Torpedo Belt 2, Armored Deck, Radar",o_class.png,kriegsmarine_ensign.png,Germany,2
70,U-96,Type VII,Submarine,50,"3""",2+,2/1,"Submarine, Agile, Radar",type7_1941.png,kriegsmarine_ensign.png,Germany,2
71,Ammunition Ship (1942),Ammunition Ship,Civilian,35,"3""",1+,13/4,"Lumbering, Explosive",ammo_ship.png,kriegsmarine_ensign.png,Germany,2
72,Scharnhorst,Scharnhorst,Battleship,425,"6""",6+,78/26,"Aircraft 3, Torpedo Belt 3, Armored Deck, Radar",scharnhorst.png,kriegsmarine_ensign.png,Germany,3
73,U-70 (1943),Type VII,Submarine,40,"3""",2+,2/1,"Submarine, Agile",type7_1943.png,kriegsmarine_ensign.png,Germany,3
74,Ammunition Ship (1944),Ammunition Ship,Civilian,35,"3""",1+,13/4,"Lumbering, Explosive",ammo_ship.png,kriegsmarine_ensign.png,Germany,3
75,Gneisenau,Scharnhorst,Battleship,425,"6""",6+,78/26,"Aircraft 3, Torpedo Belt 3, Armored Deck, Radar",gneisenau.png,kriegsmarine_ensign.png,Germany,4
76,U-96 (1943),Type VII,Submarine,45,"3""",2+,2/1,"Submarine, Agile, Radar",type7_1943.png,kriegsmarine_ensign.png,Germany,4
77,Armed Merchant Cruiser,Merchant Cruiser,Civilian,25,"3""",1+,15/5,Lumbering,merch_cruiser.png,kriegsmarine_ensign.png,Germany,4
78,Scharnhorst (1942),Scharnhorst,Battleship,490,"6""",6+,78/26,"Aircraft 3, Torpedo Belt 3, Armored Deck, Radar",scharnhorst_1942.png,kriegsmarine_ensign.png,Germany,5
79,U-96 (1944),Type VII,Submarine,50,"3""",2+,2/1,"Submarine, Agile, Radar",type7_1944.png,kriegsmarine_ensign.png,Germany,5
80,German Raider,Merchant Cruiser,Civilian,50,"3""",1+,12/4,"Aircraft 2, Lumbering",german_raider.png,kriegsmarine_ensign.png,Germany,5
81,Scharnhorst (1943),Scharnhorst,Battleship,495,"6""",6+,78/26,"Aircraft 3, Torpedo Belt 3, Armored Deck, Radar",scharnhorst_1943.png,kriegsmarine_ensign.png,Germany,6
82,U-37,Type IX,Submarine,50,"4""",2+,3/1,"Submarine, Agile, Sub-Hunter",type9_1938.png,kriegsmarine_ensign.png,Germany,6
83,Liberty Ship,Cargo Ship,Civilian,25,"2""",1+,10/3,Lumbering,liberty.png,kriegsmarine_ensign.png,Germany,6
84,Scharnhorst (1944),Scharnhorst,Battleship,695,"6""",6+,84/28,"Aircraft 3, Torpedo Belt 3, Armored Deck, Advanced Radar",scharnhorst_1944.png,kriegsmarine_ensign.png,Germany,7
85,U-66,Type IX,Submarine,50,"4""",2+,3/1,"Submarine, Agile, Sub-Hunter, Radar",type9_1938.png,kriegsmarine_ensign.png,Germany,7
86,Liner,Liner,Civilian,25,"6""",1+,72/24,Lumbering,liner.png,kriegsmarine_ensign.png,Germany,7
87,Gneisenau (1941),Scharnhorst,Battleship,430,"6""",6+,78/26,"Aircraft 3, Torpedo Belt 3, Armored Deck, Radar",gneisenau_1941.png,kriegsmarine_ensign.png,Germany,8
88,U-37 (1943),Type IX,Submarine,45,"4""",2+,3/1,"Submarine, Agile, Sub-Hunter",type9_1943.png,kriegsmarine_ensign.png,Germany,8
89,Oil Tanker,Oil Tanker,Civilian,30,"4""",1+,15/5,"Lumbering, Volatile",tanker.png,kriegsmarine_ensign.png,Germany,8
90,Gneisenau (1942),Scharnhorst,Battleship,490,"6""",6+,78/26,"Aircraft 3, Torpedo Belt 3, Armored Deck, Radar",gneisenau_1942.png,kriegsmarine_ensign.png,Germany,9
91,U-66 (1943),Type IX,Submarine,45,"4""",2+,3/1,"Submarine, Agile, Sub-Hunter, Radar",type9_1943.png,kriegsmarine_ensign.png,Germany,9
92,Oil Tanker (1942),Oil Tanker,Civilian,40,"4""",1+,15/5,"Lumbering, Volatile",tanker.png,kriegsmarine_ensign.png,Germany,9
93,Bismarck,Bismarck,Battleship,450,"6""",6+,102/34,"Aircraft 4, Torpedo Belt 3, Armored Deck, Radar",bismarck.png,kriegsmarine_ensign.png,Germany,10
94,U-66 (1944),Type IX,Submarine,50,"4""",2+,3/1,"Submarine, Agile, Sub-Hunter, Radar",type9_1944.png,kriegsmarine_ensign.png,Germany,10
95,Oil Tanker (1944),Oil Tanker,Civilian,50,"4""",1+,15/5,"Lumbering, Volatile",tanker.png,kriegsmarine_ensign.png,Germany,10
96,Tirpitz,Bismarck,Battleship,450,"6""",6+,102/34,"Aircraft 4, Torpedo Belt 3, Armored Deck, Radar",tirpitz.png,kriegsmarine_ensign.png,Germany,11
97,U-2501,Type XXI,Submarine,70,"3""",2+,4/1,"Submarine, Agile, Sub-Hunter, Advanced Radar",type21_1944.png,kriegsmarine_ensign.png,Germany,11
98,Bismarck (1941),Bismarck,Battleship,455,"6""",6+,102/34,"Aircraft 4, Torpedo Belt 3, Armored Deck, Radar",bismarck_1941.png,kriegsmarine_ensign.png,Germany,12
99,Tirpitz (1941),Bismarck,Battleship,515,"6""",6+,102/34,"Aircraft 4, Torpedo Belt 3, Armored Deck, Radar, Sub-Hunter",tirpitz_1941.png,kriegsmarine_ensign.png,Germany,13
100,Tirpitz (1943),Bismarck,Battleship,520,"6""",6+,102/34,"Aircraft 4, Torpedo Belt 3, Armored Deck, Radar, Sub-Hunter",tirpitz_1943.png,kriegsmarine_ensign.png,Germany,14
101,Tirpitz (1944),Bismarck,Battleship,525,"6""",6+,102/34,"Aircraft 4, Torpedo Belt 3, Armored Deck, Radar, Sub-Hunter",tirpitz_1944.png,kriegsmarine_ensign.png,Germany,15
102,Schlesien,Deutschland,Battleship,130,"4""",4+,28/9,Torpedo Belt 1,schlesien.png,kriegsmarine_ensign.png,Germany,16
103,Seaplane Tender,Seaplane Tender,Civilian,25,"4""",1+,12/4,"Aircraft 6, Lumbering",seaplane_tender.png,kriegsmarine_ensign.png,Germany,16
104,Schleswig-Holstein,Deutschland,Battleship,130,"4""",4+,28/9,Torpedo Belt 1,schleswig_holstein.png,kriegsmarine_ensign.png,Germany,17
105,Tramp Freighter,Tramp Freighter,Civilian,10,"2""",1+,6/2,,tramp_freighter.png,kriegsmarine_ensign.png,Germany,17
106,Schlesien (1936),Deutschland,Battleship,130,"4""",4+,28/9,Torpedo Belt 1,schlesien.png,kriegsmarine_ensign.png,Germany,18
107,Troop Ship,Troop Ship,Civilian,25,"3""",1+,16/5,Lumbering,troop_ship.png,kriegsmarine_ensign.png,Germany,18
108,Schlesien (1944),Deutschland,Battleship,130,"4""",4+,28/9,Torpedo Belt 1,schlesien.png,kriegsmarine_ensign.png,Germany,19
109,Victory Ship,Cargo Ship,Civilian,30,"3""",1+,14/4,Lumbering,victory.png,kriegsmarine_ensign.png,Germany,19
110,Graf Zeppelin,Graf Zeppelin,Carrier,210,"7""",3+,67/22,"Aircraft 10, Torpedo Belt 2, Carrier, Radar",graf_zeppelin.png,kriegsmarine_ensign.png,Germany,20
111,Jade,Jade,Carrier,110,"4""",1+,49/16,"Aircraft 6, Carrier, Radar, Lumbering",jade.png,kriegsmarine_ensign.png,Germany,21
112,Admiral Graf Spee,Deutschland,Cruiser,280,"6""",3+,32/10,"Aircraft 2, Radar",graf_spee.png,kriegsmarine_ensign.png,Germany,22
113,Admiral Scheer,Deutschland,Cruiser,275,"6""",3+,30/10,"Aircraft 2, Radar",adm_scheer.png,kriegsmarine_ensign.png,Germany,23
114,Lutzow,Deutschland,Cruiser,275,"6""",3+,30/10,"Aircraft 2, Radar",lutzow.png,kriegsmarine_ensign.png,Germany,24
115,Admiral Graf Spee (1939),Deutschland,Cruiser,300,"6""",3+,32/10,"Aircraft 2, Radar",graf_spee_1939.png,kriegsmarine_ensign.png,Germany,25
116,Admiral Scheer (1940),Deutschland,Cruiser,300,"6""",3+,30/10,"Aircraft 2, Radar",admiral_scheer_1940.png,kriegsmarine_ensign.png,Germany,26
117,Admiral Scheer (1942),Deutschland,Cruiser,305,"6""",3+,30/10,"Aircraft 2, Radar",admiral_scheer_1942.png,kriegsmarine_ensign.png,Germany,27
118,Admiral Scheer (1945),Deutschland,Cruiser,305,"6""",3+,30/10,"Aircraft 2, Radar",admiral_scheer_1945.png,kriegsmarine_ensign.png,Germany,28
119,Lutzow (1941),Deutschland,Cruiser,300,"6""",3+,30/10,"Aircraft 2, Radar",lutzow_1941.png,kriegsmarine_ensign.png,Germany,29
120,Lutzow (1944),Deutschland,Cruiser,300,"6""",3+,30/10,"Aircraft 2, Radar",lutzow_1944.png,kriegsmarine_ensign.png,Germany,30
121,Lutzow (1941),Deutschland,Cruiser,300,"6""",3+,30/10,"Aircraft 2, Radar",lutzow_1945.png,kriegsmarine_ensign.png,Germany,31
122,Emden,Emden,Cruiser,75,"6""",2+,14/4,"Armored Deck, Agile",emden.png,kriegsmarine_ensign.png,Germany,32
123,Emden (1940),Emden,Cruiser,80,"6""",2+,14/4,"Armored Deck, Agile",emden_1940.png,kriegsmarine_ensign.png,Germany,33
124,Emden (1942),Emden,Cruiser,100,"6""",2+,14/4,"Armored Deck, Agile, Radar",emden_1942.png,kriegsmarine_ensign.png,Germany,34
125,Emden (1944),Emden,Cruiser,110,"6""",2+,14/4,"Armored Deck, Agile, Radar",emden_1944.png,kriegsmarine_ensign.png,Germany,35
126,Konigsberg,Konigsberg,Cruiser,110,"6""",2+,15/5,"Aircraft 2, Armored Deck, Agile, Sub-Hunter",konigsberg.png,kriegsmarine_ensign.png,Germany,36
127,Karlsruhe,Konigsberg,Cruiser,115,"6""",2+,17/5,"Aircraft 2, Armored Deck, Agile, Sub-Hunter",karlsruhe.png,kriegsmarine_ensign.png,Germany,37
128,Koln,Konigsberg,Cruiser,100,"6""",2+,15/5,"Armored Deck, Agile, Sub-Hunter",koln.png,kriegsmarine_ensign.png,Germany,38
129,Koln (1941),Konigsberg,Cruiser,80,"6""",2+,15/5,"Armored Deck, Agile, Sub-Hunter",koln_1941.png,kriegsmarine_ensign.png,Germany,39
130,Koln (1942),Konigsberg,Cruiser,90,"6""",2+,15/5,"Armored Deck, Agile, Sub-Hunter, Radar",koln_1942.png,kriegsmarine_ensign.png,Germany,40
131,Koln (1944),Konigsberg,Cruiser,95,"6""",2+,15/5,"Armored Deck, Agile, Sub-Hunter",koln_1944.png,kriegsmarine_ensign.png,Germany,41
132,Koln (1945),Konigsberg,Cruiser,100,"6""",2+,15/5,"Armored Deck, Agile, Sub-Hunter",koln_1945.png,kriegsmarine_ensign.png,Germany,42
133,Leipzig,Leipzig,Cruiser,110,"6""",2+,16/5,"Aircraft 2, Armored Deck, Agile, Sub-Hunter",leipzig.png,kriegsmarine_ensign.png,Germany,43
134,Nurnberg,Leipzig,Cruiser,115,"6""",2+,18/6,"Aircraft 2, Armored Deck, Agile, Sub-Hunter",nurnberg.png,kriegsmarine_ensign.png,Germany,44
135,Leipzig (1941),Leipzig,Cruiser,75,"5""",2+,16/5,"Armored Deck, Agile, Sub-Hunter",leipzig_1941.png,kriegsmarine_ensign.png,Germany,45
136,Leipzig (1943),Leipzig,Cruiser,85,"5""",2+,16/5,"Armored Deck, Agile, Sub-Hunter, Radar",leipzig_1944.png,kriegsmarine_ensign.png,Germany,46
137,Leipzig (1944),Leipzig,Cruiser,70,"5""",2+,16/5,"Armored Deck, Agile, Sub-Hunter, Radar",leipzig_1944.png,kriegsmarine_ensign.png,Germany,47
138,Nurnberg (1939),Leipzig,Cruiser,120,"6""",2+,18/6,"Armored Deck, Agile, Sub-Hunter",nurnberg.png,kriegsmarine_ensign.png,Germany,48
139,Nurnberg (1941),Leipzig,Cruiser,120,"6""",2+,18/6,"Aircraft 2, Armored Deck, Agile, Sub-Hunter, Radar",nurnberg.png,kriegsmarine_ensign.png,Germany,49
140,Nurnberg (1942),Leipzig,Cruiser,120,"6""",2+,18/6,"Armored Deck, Agile, Sub-Hunter, Radar",nurnberg.png,kriegsmarine_ensign.png,Germany,50
141,Nurnberg (1944),Leipzig,Cruiser,130,"6""",2+,18/6,"Armored Deck, Agile, Sub-Hunter, Advanced Radar",nurnberg.png,kriegsmarine_ensign.png,Germany,51
142,Nurnberg (1945),Leipzig,Cruiser,140,"6""",2+,18/6,"Armored Deck, Agile, Sub-Hunter, Advanced Radar",nurnberg.png,kriegsmarine_ensign.png,Germany,52
143,M,M,Cruiser,160,"7""",2+,21/7,"Aircraft 2, Armored Deck, Agile, Sub-Hunter, Radar",m_class.png,kriegsmarine_ensign.png,Germany,53
144,P,P,Cruiser,250,"7""",3+,52/17,"Aircraft 2, Armored Deck, Radar",p_class.png,kriegsmarine_ensign.png,Germany,54
145,Admiral Hipper,Admiral Hipper,Cruiser,200,"6""",3+,36/12,"Aircraft 3, Radar, Sub-Hunter",adm_hipper.png,kriegsmarine_ensign.png,Germany,55
146,Prinz Eugen,Admiral Hipper,Cruiser,205,"6""",3+,38/12,"Aircraft 3, Radar, Sub-Hunter",prinz_eugen.png,kriegsmarine_ensign.png,Germany,56
147,Blucher,Admiral Hipper,Cruiser,200,"6""",3+,36/12,"Aircraft 3, Radar, Sub-Hunter",blucher.png,kriegsmarine_ensign.png,Germany,57
148,Admiral Hipper (1942),Admiral Hipper,Cruiser,205,"6""",3+,36/12,"Aircraft 3, Radar, Sub-Hunter",adm_hipper_1942.png,kriegsmarine_ensign.png,Germany,58
149,Admiral Hipper (1944),Admiral Hipper,Cruiser,210,"6""",3+,38/12,"Aircraft 3, Radar, Sub-Hunter",adm_hipper_1944.png,kriegsmarine_ensign.png,Germany,59
150,Admiral Hipper (1945),Admiral Hipper,Cruiser,225,"6""",3+,36/12,"Aircraft 3, Radar, Sub-Hunter",adm_hipper_1945.png,kriegsmarine_ensign.png,Germany,60
151,Prinz Eugen (1942),Admiral Hipper,Cruiser,210,"6""",3+,36/12,"Aircraft 3, Radar, Sub-Hunter",prinz_eugen_1942.png,kriegsmarine_ensign.png,Germany,61
152,Prinz Eugen (1944),Admiral Hipper,Cruiser,215,"6""",3+,38/12,"Aircraft 3, Radar, Sub-Hunter",prinz_eugen_1944.png,kriegsmarine_ensign.png,Germany,62
153,Prinz Eugen (1945),Admiral Hipper,Cruiser,250,"6""",3+,36/12,"Aircraft 3, Advanced Radar, Sub-Hunter",prinz_eugen_1945.png,kriegsmarine_ensign.png,Germany,63
154,Spahkreuzer,Spahkreuzer,Cruiser,90,"7""",2+,12/4,"Armored Deck, Radar, Sub-Hunter, Agile",spahkreuzer.png,kriegsmarine_ensign.png,Germany,64
155,Leberecht Maass,Type 1934,Destroyer,55,"8""",1+,6/2,"Agile, Sub-Hunter, Depth Charge",z1.png,kriegsmarine_ensign.png,Germany,65
156,Richard Beitzen (1941),Type 1934,Destroyer,60,"8""",1+,6/2,"Agile, Sub-Hunter, Depth Charge, Radar",z10_1941.png,kriegsmarine_ensign.png,Germany,66
157,Friedrich Ihn (1944),Type 1934,Destroyer,65,"8""",1+,6/2,"Agile, Sub-Hunter, Depth Charge, Advanced Radar",type1934.png,kriegsmarine_ensign.png,Germany,67
158,Paul Jacobi (1944),Type 1934,Destroyer,70,"8""",1+,6/2,"Agile, Sub-Hunter, Depth Charge, Advanced Radar",z15_1944.png,kriegsmarine_ensign.png,Germany,68
159,Hans Lody (1944),Type 1934,Destroyer,75,"8""",1+,6/2,"Agile, Sub-Hunter, Depth Charge, Advanced Radar",type1934.png,kriegsmarine_ensign.png,Germany,69
160,Z23,Type 1936A,Destroyer,60,"7""",1+,7/2,"Radar, Sub-Hunter",type1936a.png,kriegsmarine_ensign.png,Germany,70
161,Z23 (1942),Type 1936A,Destroyer,65,"7""",1+,7/2,"Radar, Sub-Hunter",type1936a.png,kriegsmarine_ensign.png,Germany,71
162,Z24 (1943),Type 1936A,Destroyer,65,"7""",1+,7/2,"Radar, Sub-Hunter",type1936a.png,kriegsmarine_ensign.png,Germany,72
163,Z25 (1942),Type 1936A,Destroyer,65,"7""",1+,7/2,"Radar, Sub-Hunter",type1936a.png,kriegsmarine_ensign.png,Germany,73
164,Z25 (1945),Type 1936A,Destroyer,75,"7""",1+,7/2,"Radar, Sub-Hunter",type1936a.png,kriegsmarine_ensign.png,Germany,74
165,Z28 (1945),Type 1936A,Destroyer,65,"7""",1+,7/2,"Advanced Radar, Sub-Hunter",type1936a.png,kriegsmarine_ensign.png,Germany,75
166,Z29 (1945),Type 1936A,Destroyer,85,"7""",1+,7/2,"Advanced Radar, Sub-Hunter",type1936a.png,kriegsmarine_ensign.png,Germany,76
167,Z31,Type 1936 MOB,Destroyer,65,"7""",1+,7/2,"Radar, Sub-Hunter, Depth Charge",type1936mob.png,kriegsmarine_ensign.png,Germany,77
168,Z31 (1941),Type 1936 MOB,Destroyer,60,"7""",1+,7/2,"Radar, Sub-Hunter, Depth Charge",type1936mob.png,kriegsmarine_ensign.png,Germany,78
169,Z31 (1944),Type 1936 MOB,Destroyer,65,"7""",1+,7/2,"Radar, Sub-Hunter, Depth Charge",type1936mob.png,kriegsmarine_ensign.png,Germany,79
170,Z31 (1945),Type 1936 MOB,Destroyer,75,"7""",1+,7/2,"Advanced Radar, Sub-Hunter, Depth Charge",type1936mob.png,kriegsmarine_ensign.png,Germany,80
171,Z33 (1945),Type 1936 MOB,Destroyer,80,"7""",1+,7/2,"Radar, Sub-Hunter, Depth Charge",type1936mob.png,kriegsmarine_ensign.png,Germany,81
172,Z34 (1945),Type 1936 MOB,Destroyer,70,"7""",1+,7/2,"Radar, Sub-Hunter, Depth Charge",type1936mob.png,kriegsmarine_ensign.png,Germany,82
173,Z38 (1945),Type 1936 MOB,Destroyer,70,"7""",1+,7/2,"Radar, Sub-Hunter, Depth Charge",type1936mob.png,kriegsmarine_ensign.png,Germany,83
174,Z39 (1945),Type 1936 MOB,Destroyer,75,"7""",1+,7/2,"Radar, Sub-Hunter, Depth Charge",type1936mob.png,kriegsmarine_ensign.png,Germany,84
175,T22,Type 1939,Destroyer,45,"6""",1+,4/1,"Radar, Sub-Hunter, Depth Charge, Agile",type1939.png,kriegsmarine_ensign.png,Germany,85
176,T31 (1944),Type 1939,Destroyer,50,"6""",1+,4/1,"Radar, Sub-Hunter, Depth Charge, Agile",type1939.png,kriegsmarine_ensign.png,Germany,86
177,T33 (1944),Type 1939,Destroyer,55,"6""",1+,4/1,"Advanced Radar, Sub-Hunter, Depth Charge, Agile",type1939.png,kriegsmarine_ensign.png,Germany,87
178,Diether von Roeder,Type 1936,Destroyer,55,"8""",1+,7/2,"Agile, Sub-Hunter",type1936.png,kriegsmarine_ensign.png,Germany,88
179,Karl Galster (1941),Type 1936,Destroyer,60,"8""",1+,7/2,"Radar, Sub-Hunter, Agile",type1936.png,kriegsmarine_ensign.png,Germany,89
180,Karl Galster (1944),Type 1936,Destroyer,65,"8""",1+,7/2,"Radar, Sub-Hunter, Agile",type1936.png,kriegsmarine_ensign.png,Germany,90
181,Karl Galster (1945),Type 1936,Destroyer,70,"8""",1+,7/2,"Radar, Sub-Hunter, Agile",type1936.png,kriegsmarine_ensign.png,Germany,91
182,ZH1,ZH1,Destroyer,50,"7""",1+,4/1,"Agile, Depth Charge",zh1.png,kriegsmarine_ensign.png,Germany,92
183,TA-31,Freccia,Destroyer,25,"6""",1+,4/1,Depth Charge,ta31.png,kriegsmarine_ensign.png,Germany,765
184,TA-44,Navigatori,Destroyer,40,"6""",1+,6/2,"Depth Charge, Agile",ta44.png,kriegsmarine_ensign.png,Germany,779
185,Ammunition Ship,Ammunition Ship,Civilian,25,"3""",1+,13/4,"Lumbering, Explosive",ammo_ship.png,italian_ensign.png,Italy,1
186,Ammunition Ship (1942),Ammunition Ship,Civilian,35,"3""",1+,13/4,"Lumbering, Explosive",ammo_ship.png,italian_ensign.png,Italy,2
187,Ammunition Ship (1944),Ammunition Ship,Civilian,35,"3""",1+,13/4,"Lumbering, Explosive",ammo_ship.png,italian_ensign.png,Italy,3
188,Armed Merchant Cruiser,Merchant Cruiser,Civilian,25,"3""",1+,15/5,Lumbering,merch_cruiser.png,italian_ensign.png,Italy,4
189,Liberty Ship,Cargo Ship,Civilian,25,"2""",1+,10/3,Lumbering,liberty.png,italian_ensign.png,Italy,6
190,Liner,Liner,Civilian,25,"6""",1+,72/24,Lumbering,liner.png,italian_ensign.png,Italy,7
191,Oil Tanker,Oil Tanker,Civilian,30,"4""",1+,15/5,"Lumbering, Volatile",tanker.png,italian_ensign.png,Italy,8
192,Oil Tanker (1942),Oil Tanker,Civilian,40,"4""",1+,15/5,"Lumbering, Volatile",tanker.png,italian_ensign.png,Italy,9
193,Oil Tanker (1944),Oil Tanker,Civilian,50,"4""",1+,15/5,"Lumbering, Volatile",tanker.png,italian_ensign.png,Italy,10
194,Comandante Cappellini,Marcello,Submarine,30,"3""",2+,3/1,"Submarine, Agile",marcello_sub.png,italian_ensign.png,Italy,14
195,Seaplane Tender,Seaplane Tender,Civilian,25,"4""",1+,12/4,"Aircraft 6, Lumbering",seaplane_tender.png,italian_ensign.png,Italy,16
196,Tramp Freighter,Tramp Freighter,Civilian,10,"2""",1+,6/2,,tramp_freighter.png,italian_ensign.png,Italy,17
197,Troop Ship,Troop Ship,Civilian,25,"3""",1+,16/5,Lumbering,troop_ship.png,italian_ensign.png,Italy,18
198,Victory Ship,Cargo Ship,Civilian,30,"3""",1+,14/4,Lumbering,victory.png,italian_ensign.png,Italy,19
199,Andrea Doria,Andrea Doria,Battleship,365,"5""",5+,58/19,Torpedo Belt 2,andrea_doria_1940.png,italian_ensign.png,Italy,721
200,Andrea Doria (1942),Andrea Doria,Battleship,375,"5""",5+,59/19,Torpedo Belt 2,andrea_doria_1942.png,italian_ensign.png,Italy,722
201,Caio Duilio (1940),Andrea Doria,Battleship,370,"5""",5+,59/19,Torpedo Belt 2,caio_duilio_1940.png,italian_ensign.png,Italy,723
202,Caio Duilio (1942),Andrea Doria,Battleship,375,"5""",5+,59/19,Torpedo Belt 2,caio_duilio_1942.png,italian_ensign.png,Italy,724
203,Conte Di Cavour,Conte Di Cavour,Battleship,375,"5""",5+,58/19,"Torpedo Belt 2, Star Shell (2)",conte_di_cavour_1937.png,italian_ensign.png,Italy,725
204,Giulio Cesare,Conte Di Cavour,Battleship,370,"5""",5+,58/19,"Torpedo Belt 2, Star Shell (1)",giulio_cesare_1937.png,italian_ensign.png,Italy,726
205,Giulio Cesare (1941),Conte Di Cavour,Battleship,370,"5""",5+,58/19,Torpedo Belt 2,giulio_cesare_1937.png,italian_ensign.png,Italy,727
206,Littorio,Littorio,Battleship,550,"6""",6+,90/30,"Aircraft 3, Torpedo Belt 2, Armored Deck, Star Shell (2)",littorio_1937.png,italian_ensign.png,Italy,728
207,Littorio (1942),Littorio,Battleship,610,"6""",6+,90/30,"Aircraft 3, Torpedo Belt 2, Armored Deck, Star Shell (2), Radar",littorio_1942.png,italian_ensign.png,Italy,729
208,Littorio (1943),Littorio,Battleship,605,"6""",6+,90/30,"Aircraft 2, Torpedo Belt 2, Armored Deck, Star Shell (2), Radar",roma_1943.png,italian_ensign.png,Italy,730
209,Aquila,Aquila,Carrier,210,"6""",1+,57/19,"Aircraft 12, Torpedo Belt 2, Carrier, Radar",aquila_1943.png,italian_ensign.png,Italy,731
210,Aquila (1944),Aquila,Carrier,230,"6""",1+,57/19,"Aircraft 16, Torpedo Belt 2, Carrier, Radar",aquila_1943.png,italian_ensign.png,Italy,732
211,Scipione Africano,Capitani Romani,Cruiser,65,"8""",1+,11/3,"Agile, Depth Charge",scip_africano_1942.png,italian_ensign.png,Italy,733
212,Scipione Africano (1943),Capitani Romani,Cruiser,70,"8""",1+,11/3,"Agile, Depth Charge, Radar",scip_africano_1943.png,italian_ensign.png,Italy,734
213,Alberto da Giussano,Alberto da Giussano,Cruiser,80,"6""",2+,14/4,Aircraft 2,giussano_1932.png,italian_ensign.png,Italy,735
214,Duca D'Aosta,Duca D'Aosta,Cruiser,90,"7""",3+,21/7,Aircraft 2,daosta_1935.png,italian_ensign.png,Italy,736
215,Duca D'Aosta (1943),Duca D'Aosta,Cruiser,100,"7""",3+,21/7,"Aircraft 2, Radar",daosta_1942.png,italian_ensign.png,Italy,737
216,Duca D'Aosta (1944),Duca D'Aosta,Cruiser,70,"7""",3+,21/7,Radar,daosta_1942.png,italian_ensign.png,Italy,738
217,Duca Delgi Abruzzi,Duca Delgi Abruzzi,Cruiser,110,"6""",3+,23/7,Aircraft 2,abruzzi_1938.png,italian_ensign.png,Italy,739
218,Duca Delgi Abruzzi (1943),Duca Delgi Abruzzi,Cruiser,120,"6""",3+,23/7,"Aircraft 2, Radar",abruzzi_1942.png,italian_ensign.png,Italy,740
219,Duca Delgi Abruzzi (1944),Duca Delgi Abruzzi,Cruiser,100,"6""",3+,23/7,"Aircraft 2, Radar",abruzzi_1944.png,italian_ensign.png,Italy,741
220,Duca Delgi Abruzzi (1945),Duca Delgi Abruzzi,Cruiser,90,"6""",3+,23/7,Radar,abruzzi_1945.png,italian_ensign.png,Italy,742
221,Giuseppe Garibaldi (1937),Duca Delgi Abruzzi,Cruiser,105,"6""",3+,22/7,Aircraft 2,garibaldi_1938.png,italian_ensign.png,Italy,743
222,Giuseppe Garibaldi (1944),Duca Delgi Abruzzi,Cruiser,105,"6""",3+,22/7,"Aircraft 2, Radar",garibaldi_1942.png,italian_ensign.png,Italy,744
223,Giuseppe Garibaldi (1945),Duca Delgi Abruzzi,Cruiser,95,"6""",3+,22/7,Radar,garibaldi_1942.png,italian_ensign.png,Italy,745
224,Etna,Etna,Cruiser,60,"6""",2+,13/4,"Armored Deck, Radar",etna_1944.png,italian_ensign.png,Italy,746
225,Luigi Cadorna,Luigi Cadorna,Cruiser,70,"6""",2+,14/5,Aircraft 2,cadorna_1933.png,italian_ensign.png,Italy,747
226,Armando Diaz (1933),Luigi Cadorna,Cruiser,75,"6""",2+,15/5,Aircraft 2,armando_diaz_1933.png,italian_ensign.png,Italy,748
227,Luigi Cadorna (1943),Luigi Cadorna,Cruiser,70,"6""",2+,14/5,,cadorna_1933.png,italian_ensign.png,Italy,749
228,Luigi Cadorna (1944),Luigi Cadorna,Cruiser,50,"6""",2+,14/5,,cadorna_1933.png,italian_ensign.png,Italy,750
229,Montecuccoli,Montecuccoli,Cruiser,85,"7""",3+,18/6,Aircraft 2,montecuccoli_1935.png,italian_ensign.png,Italy,751
230,Montecuccoli (1943),Montecuccoli,Cruiser,100,"7""",3+,18/6,"Aircraft 2, Radar",montecuccoli_1935.png,italian_ensign.png,Italy,752
231,Montecuccoli (1944),Montecuccoli,Cruiser,70,"7""",3+,18/6,Radar,montecuccoli_1935.png,italian_ensign.png,Italy,753
232,Trento,Trento,Cruiser,150,"7""",2+,27/9,"Aircraft 3, Armored Deck",trento_1942.png,italian_ensign.png,Italy,754
233,Balzano,Trento,Cruiser,155,"7""",2+,27/9,"Aircraft 3, Armored Deck",balzano_1942.png,italian_ensign.png,Italy,755
234,Zara,Zara,Cruiser,130,"7""",2+,27/9,Aircraft 2,zara_1931.png,italian_ensign.png,Italy,756
235,Pola,Zara,Cruiser,125,"7""",2+,26/9,Aircraft 2,pola_1932.png,italian_ensign.png,Italy,757
236,Zara (1940),Zara,Cruiser,135,"7""",2+,27/9,"Aircraft 2, Star Shell (1)",zara_1940.png,italian_ensign.png,Italy,758
237,Pola (1940),Zara,Cruiser,130,"7""",2+,26/9,"Aircraft 2, Star Shell (1)",pola_1940.png,italian_ensign.png,Italy,759
238,Gorizia (1942),Zara,Cruiser,135,"7""",2+,27/9,Aircraft 2,gorizia_1942.png,italian_ensign.png,Italy,760
239,Folgore,Folgore,Destroyer,30,"6""",1+,4/1,,folgore_1932.png,italian_ensign.png,Italy,761
240,Folgore (1942),Folgore,Destroyer,25,"6""",1+,4/1,,folgore_1932.png,italian_ensign.png,Italy,762
241,Freccia,Freccia,Destroyer,30,"6""",1+,4/1,Depth Charge,freccia_1931.png,italian_ensign.png,Italy,763
242,Freccia (1943),Freccia,Destroyer,25,"6""",1+,4/1,Depth Charge,freccia_1942.png,italian_ensign.png,Italy,764
243,Maestrale,Maestrale,Destroyer,30,"6""",1+,4/1,Depth Charge,maestrale_1934.png,italian_ensign.png,Italy,766
244,Maestrale (1941),Maestrale,Destroyer,30,"6""",1+,4/1,"Depth Charge, Star Shell (1)",maestrale_1934.png,italian_ensign.png,Italy,767
245,Maestrale (1942),Maestrale,Destroyer,30,"6""",1+,4/1,Depth Charge,maestrale_1934.png,italian_ensign.png,Italy,768
246,Maestrale (1943),Maestrale,Destroyer,25,"6""",1+,4/1,Depth Charge,maestrale_1943.png,italian_ensign.png,Italy,769
247,Grecale (1942),Maestrale,Destroyer,30,"6""",1+,4/1,"Depth Charge, Star Shell (1)",grecale_1939.png,italian_ensign.png,Italy,770
248,Grecale (1943),Maestrale,Destroyer,25,"6""",1+,4/1,Depth Charge,grecale_1943.png,italian_ensign.png,Italy,771
249,Navigatori,Navigatori,Destroyer,35,"7""",1+,5/2,"Depth Charge, Agile",malocello_1932.png,italian_ensign.png,Italy,772
250,Navigatori (1940),Navigatori,Destroyer,35,"6""",1+,6/2,"Depth Charge, Agile",usodimare_1940.png,italian_ensign.png,Italy,773
251,Verrazzano (1940),Navigatori,Destroyer,40,"6""",1+,6/2,"Depth Charge, Agile",da_masto_1940.png,italian_ensign.png,Italy,774
252,Zeno (1942),Navigatori,Destroyer,40,"6""",1+,6/2,"Depth Charge, Agile, Sub-Hunter",zeno_1931.png,italian_ensign.png,Italy,775
253,Malocello (1942),Navigatori,Destroyer,40,"6""",1+,6/2,"Depth Charge, Agile, Radar",malocello_1942.png,italian_ensign.png,Italy,776
254,Vivaldi (1942),Navigatori,Destroyer,30,"6""",1+,6/2,"Depth Charge, Agile",vivaldi_1939.png,italian_ensign.png,Italy,777
255,Pigafetta (1942),Navigatori,Destroyer,40,"6""",1+,6/2,"Depth Charge, Agile",pigafetta_1942.png,italian_ensign.png,Italy,778
256,Oriani,Oriani,Destroyer,35,"7""",1+,5/2,"Depth Charge, Agile",oriani_1937.png,italian_ensign.png,Italy,780
257,Oriani (1942),Oriani,Destroyer,30,"7""",1+,5/2,"Depth Charge, Agile, Star Shell (1)",oriani_1942.png,italian_ensign.png,Italy,781
258,Soldati,Soldati,Destroyer,35,"7""",1+,5/2,"Depth Charge, Agile, Star Shell (1)",soldati_1938.png,italian_ensign.png,Italy,782
259,Ascari (1942),Soldati,Destroyer,35,"7""",1+,5/2,"Depth Charge, Agile",soldati_1942.png,italian_ensign.png,Italy,783
260,Artigliere (1944),Soldati,Destroyer,35,"7""",1+,5/2,"Depth Charge, Agile",soldati_1942.png,italian_ensign.png,Italy,784
261,Carabiniere (1943),Soldati,Destroyer,30,"7""",1+,5/2,"Depth Charge, Agile, Star Shell (1)",carabiniere_1938.png,italian_ensign.png,Italy,785
262,Fuciliere (1943),Soldati,Destroyer,35,"7""",1+,5/2,"Depth Charge, Agile, Radar",soldati_1942.png,italian_ensign.png,Italy,786
263,Legionario (1943),Soldati,Destroyer,35,"7""",1+,5/2,"Depth Charge, Agile, Star Shell (1), Radar",soldati_1942.png,italian_ensign.png,Italy,787
264,Ammunition Ship,Ammunition Ship,Civilian,25,"3""",1+,13/4,"Lumbering, Explosive",ammo_ship.png,japan.png,Japan,1
265,Ammunition Ship (1942),Ammunition Ship,Civilian,35,"3""",1+,13/4,"Lumbering, Explosive",ammo_ship.png,japan.png,Japan,2
266,Ammunition Ship (1944),Ammunition Ship,Civilian,35,"3""",1+,13/4,"Lumbering, Explosive",ammo_ship.png,japan.png,Japan,3
267,Armed Merchant Cruiser,Merchant Cruiser,Civilian,25,"3""",1+,15/5,Lumbering,merch_cruiser.png,japan.png,Japan,4
268,Liberty Ship,Cargo Ship,Civilian,25,"2""",1+,10/3,Lumbering,liberty.png,japan.png,Japan,6
269,Liner,Liner,Civilian,25,"6""",1+,72/24,Lumbering,liner.png,japan.png,Japan,7
270,Oil Tanker,Oil Tanker,Civilian,30,"4""",1+,15/5,"Lumbering, Volatile",tanker.png,japan.png,Japan,8
271,Oil Tanker (1942),Oil Tanker,Civilian,40,"4""",1+,15/5,"Lumbering, Volatile",tanker.png,japan.png,Japan,9
272,Oil Tanker (1944),Oil Tanker,Civilian,50,"4""",1+,15/5,"Lumbering, Volatile",tanker.png,japan.png,Japan,10
273,Type C,Type C,Submarine,100,"4""",2+,7/2,Submarine,typec_sub.png,japan.png,Japan,12
274,Kaidai VII,Kaidai VII,Submarine,50,"4""",2+,5/2,Submarine,kaidai7_sub.png,japan.png,Japan,13
275,Shiretoko,Oil Tanker,Civilian,30,"4""",1+,15/5,"Lumbering, Volatile",jp_tanker.png,japan.png,Japan,15
276,Seaplane Tender,Seaplane Tender,Civilian,25,"4""",1+,12/4,"Aircraft 6, Lumbering",seaplane_tender.png,japan.png,Japan,16
277,Tramp Freighter,Tramp Freighter,Civilian,10,"2""",1+,6/2,,tramp_freighter.png,japan.png,Japan,17
278,Troop Ship,Troop Ship,Civilian,25,"3""",1+,16/5,Lumbering,troop_ship.png,japan.png,Japan,18
279,Victory Ship,Cargo Ship,Civilian,30,"3""",1+,14/4,Lumbering,victory.png,japan.png,Japan,19
280,Fuso,Fuso,Battleship,370,"5""",5+,78/26,"Aircraft 3, Torpedo Belt 2",fuso_1938.png,japan.png,Japan,468
281,Fuso (1940),Fuso,Battleship,375,"5""",5+,78/26,"Aircraft 3, Torpedo Belt 2",fuso_1941.png,japan.png,Japan,469
282,Fuso (1940),Fuso,Battleship,435,"5""",5+,78/26,"Aircraft 3, Torpedo Belt 2, Radar",fuso_1941.png,japan.png,Japan,470
283,Yamashiro (1940),Fuso,Battleship,430,"5""",5+,78/26,"Aircraft 3, Torpedo Belt 2, Radar",yamashiro_1941.png,japan.png,Japan,471
284,Ise,Ise,Battleship,370,"5""",5+,80/26,"Aircraft 3, Torpedo Belt 2",ise_1939.png,japan.png,Japan,472
285,Hyuga (1942),Ise,Battleship,355,"5""",5+,80/26,"Aircraft 3, Torpedo Belt 2",hyuga_1942.png,japan.png,Japan,473
286,Kongo,Kongo,Battleship,375,"6""",4+,73/24,"Aircraft 3, Torpedo Belt 2, Armored Deck",kongo_1937.png,japan.png,Japan,474
287,Kongo (1943),Kongo,Battleship,365,"6""",4+,73/24,"Aircraft 3, Torpedo Belt 2, Armored Deck",kongo_1942.png,japan.png,Japan,475
288,Kongo (1944),Kongo,Battleship,430,"6""",4+,73/24,"Aircraft 3, Torpedo Belt 2, Armored Deck, Radar",kongo_1944.png,japan.png,Japan,476
289,Haruna (1943),Kongo,Battleship,430,"6""",4+,73/24,"Aircraft 3, Torpedo Belt 2, Armored Deck, Radar",haruna_1943.png,japan.png,Japan,477
290,Haruna (1944),Kongo,Battleship,445,"6""",4+,73/24,"Aircraft 3, Torpedo Belt 2, Armored Deck, Radar",haruna_1944.png,japan.png,Japan,478
291,Haruna (1945),Kongo,Battleship,450,"6""",4+,73/24,"Aircraft 3, Torpedo Belt 2, Armored Deck, Radar",haruna_1945.png,japan.png,Japan,479
292,Nagato,Nagato,Battleship,725,"5""",5+,86/28,"Aircraft 3, Torpedo Belt 2, Armored Deck",nagato_1941.png,japan.png,Japan,480
293,Nagato (1944),Nagato,Battleship,790,"5""",5+,86/28,"Aircraft 3, Torpedo Belt 2, Armored Deck, Radar, Sub-Hunter",nagato_1944.png,japan.png,Japan,481
294,Nagato (1945),Nagato,Battleship,820,"5""",5+,86/28,"Aircraft 3, Torpedo Belt 2, Armored Deck, Radar, Sub-Hunter",nagato_1944.png,japan.png,Japan,482
295,Nagato (1945),Nagato,Battleship,740,"5""",5+,86/28,"Aircraft 3, Torpedo Belt 2, Armored Deck, Radar, Sub-Hunter",nagato_1944.png,japan.png,Japan,483
296,Yamato,Yamato,Battleship,1000,"5""",7+,146/48,"Aircraft 7, Torpedo Belt 3, Armored Deck",yamato_1941.png,japan.png,Japan,484
297,Yamato (1943),Yamato,Battleship,1005,"5""",7+,146/48,"Aircraft 7, Torpedo Belt 3, Armored Deck",yamato_1943.png,japan.png,Japan,485
298,Yamato (1944),Yamato,Battleship,1160,"5""",7+,146/48,"Aircraft 7, Torpedo Belt 3, Armored Deck, Radar, Sub-Hunter",yamato_1944.png,japan.png,Japan,486
299,Yamato (1945),Yamato,Battleship,1165,"5""",7+,146/48,"Aircraft 7, Torpedo Belt 3, Armored Deck, Radar, Sub-Hunter",yamato_1945.png,japan.png,Japan,487
300,Musashi (1942),Yamato,Battleship,1005,"5""",7+,146/48,"Aircraft 7, Torpedo Belt 3, Armored Deck",musashi_1942.png,japan.png,Japan,488
301,Musashi (1944),Yamato,Battleship,1090,"5""",7+,146/48,"Aircraft 7, Torpedo Belt 3, Armored Deck, Radar, Sub-Hunter",musashi_1944.png,japan.png,Japan,489
302,Akagi,Akagi,Carrier,250,"6""",3+,86/28,"Aircraft 17, Torpedo Belt 2, Carrier",akagi_1942.png,japan.png,Japan,490
303,Chitose,Chitose,Carrier,110,"6""",1+,31/10,"Aircraft 7, Carrier, Agile",chitose_1944.png,japan.png,Japan,491
304,Chitose (1944),Chitose,Carrier,115,"6""",1+,31/10,"Aircraft 7, Carrier, Agile",chitose_1944.png,japan.png,Japan,492
305,Hiryu,Hiryu,Carrier,230,"7""",2+,44/14,"Aircraft 14, Torpedo Belt 2, Carrier",hiryu_1942.png,japan.png,Japan,493
306,Hosho,Hosho,Carrier,90,"5""",1+,22/7,"Aircraft 4, Carrier, Agile",hosho_1939.png,japan.png,Japan,494
307,Hosho (1941),Hosho,Carrier,85,"5""",1+,22/7,"Aircraft 4, Carrier, Agile",hosho_1939.png,japan.png,Japan,495
308,Hosho (1942),Hosho,Carrier,65,"5""",1+,22/7,"Aircraft 2, Carrier, Agile",hosho_1939.png,japan.png,Japan,496
309,Ise (1943),Ise,Carrier,350,"5""",5+,77/25,"Aircraft 5, Torpedo Belt 2, Carrier, Radar",ise_1944.png,japan.png,Japan,497
310,Ise (1944),Ise,Carrier,380,"5""",5+,77/25,"Aircraft 5, Torpedo Belt 2, Carrier, Radar, Sub-Hunter",ise_1944.png,japan.png,Japan,498
311,Hyuga (1944),Ise,Carrier,360,"5""",5+,77/25,"Aircraft 5, Torpedo Belt 2, Carrier, Radar",ise_1944.png,japan.png,Japan,499
312,Hiyo,Hiyo,Carrier,200,"5""",1+,57/19,"Aircraft 12, Torpedo Belt 1, Carrier",hiyo_1942.png,japan.png,Japan,500
313,Hiyo (1944),Hiyo,Carrier,210,"5""",1+,57/19,"Aircraft 12, Torpedo Belt 1, Carrier",hiyo_1943.png,japan.png,Japan,501
314,Junyo (1944),Hiyo,Carrier,215,"5""",1+,57/19,"Aircraft 12, Torpedo Belt 1, Carrier",junyo_1944.png,japan.png,Japan,502
315,Kaga,Kaga,Carrier,375,"6""",3+,87/29,"Aircraft 18, Torpedo Belt 2, Carrier",kaga_1930.png,japan.png,Japan,503
316,Kaga (1941),Kaga,Carrier,380,"6""",3+,87/29,"Aircraft 18, Torpedo Belt 2, Carrier",kaga_1942.png,japan.png,Japan,504
317,Ryuho,Ryuho,Carrier,110,"5""",1+,33/11,"Aircraft 7, Carrier, Agile",ryuho_1943.png,japan.png,Japan,505
318,Ryuho (1943),Ryuho,Carrier,115,"5""",1+,33/11,"Aircraft 7, Carrier, Agile",ryuho_1943.png,japan.png,Japan,506
319,Ryuho (1944),Ryuho,Carrier,120,"5""",1+,33/11,"Aircraft 7, Carrier, Agile",ryuho_1943.png,japan.png,Japan,507
320,Ryujo,Ryujo,Carrier,140,"6""",1+,27/9,"Aircraft 10, Carrier, Agile",ryujo_1933.png,japan.png,Japan,508
321,Ryujo (1940),Ryujo,Carrier,145,"6""",1+,27/9,"Aircraft 10, Carrier, Agile",ryujo_1940.png,japan.png,Japan,509
322,Ryujo (1942),Ryujo,Carrier,150,"6""",1+,27/9,"Aircraft 10, Carrier, Agile",ryujo_1942.png,japan.png,Japan,510
323,Shinano,Shinano,Carrier,220,"5""",4+,144/48,"Aircraft 12, Torpedo Belt 3, Carrier",shinano_1944.png,japan.png,Japan,511
324,Shokaku,Shokaku,Carrier,275,"7""",3+,64/21,"Aircraft 18, Torpedo Belt 2, Carrier",shokaku_1941.png,japan.png,Japan,512
325,Shokaku (1942),Shokaku,Carrier,280,"7""",3+,64/21,"Aircraft 18, Torpedo Belt 2, Carrier",shokaku_1942.png,japan.png,Japan,513
326,Shokaku (1943),Shokaku,Carrier,285,"7""",3+,64/21,"Aircraft 18, Torpedo Belt 2, Carrier",shokaku_1942.png,japan.png,Japan,514
327,Zuikaku (1944),Shokaku,Carrier,290,"7""",3+,64/21,"Aircraft 18, Torpedo Belt 2, Carrier",zuikaku_1944.png,japan.png,Japan,515
328,Soryu,Soryu,Carrier,230,"7""",2+,40/13,"Aircraft 14, Torpedo Belt 2, Carrier",soryu_1942.png,japan.png,Japan,516
329,Taiho,Taiho,Carrier,280,"7""",3+,75/25,"Aircraft 18, Torpedo Belt 2, Carrier, Armored Deck",taiho_1944.png,japan.png,Japan,517
330,Zuiho,Zuiho,Carrier,110,"6""",1+,28/9,"Aircraft 7, Carrier, Agile",zuiho_1943.png,japan.png,Japan,518
331,Zuiho (1943),Zuiho,Carrier,120,"6""",1+,28/9,"Aircraft 7, Carrier, Agile",zuiho_1943.png,japan.png,Japan,519
332,Zuiho (1944),Zuiho,Carrier,125,"6""",1+,28/9,"Aircraft 7, Carrier, Agile",zuiho_1944.png,japan.png,Japan,520
333,Agano,Agano,Cruiser,110,"7""",2+,17/5,Aircraft 3,agano_1942.png,japan.png,Japan,521
334,Sakawa (1944),Agano,Cruiser,150,"7""",2+,17/5,"Aircraft 3, Radar, Sub-Hunter",agano_1944.png,japan.png,Japan,522
335,Sakawa (1945),Agano,Cruiser,155,"7""",2+,17/5,"Aircraft 3, Radar, Sub-Hunter",agano_1944.png,japan.png,Japan,523
336,Aoba,Aoba,Cruiser,225,"7""",2+,23/7,Aircraft 2,aoba_1941.png,japan.png,Japan,524
337,Aoba (1943),Aoba,Cruiser,200,"6""",2+,23/7,Aircraft 2,aoba_1943.png,japan.png,Japan,525
338,Aoba (1944),Aoba,Cruiser,235,"7""",2+,23/7,"Aircraft 2, Radar",aoba_1944.png,japan.png,Japan,526
339,Furutaka,Furutaka,Cruiser,225,"7""",2+,23/7,"Aircraft 2, Armored Deck",furutaka_1942.png,japan.png,Japan,527
340,Kuma,Kuma,Cruiser,65,"6""",2+,16/5,"Aircraft 1, Agile",kuma_1941.png,japan.png,Japan,528
341,Kiso,Kuma,Cruiser,60,"6""",2+,16/5,Agile,kuma_1941.png,japan.png,Japan,529
342,Kuma (1940),Kuma,Cruiser,105,"6""",2+,16/5,"Aircraft 1, Agile",kuma_1941.png,japan.png,Japan,530
343,Kiso (1940),Kuma,Cruiser,100,"6""",2+,16/5,Agile,kuma_1941.png,japan.png,Japan,531
344,Kiso (1944),Kuma,Cruiser,210,"6""",2+,16/5,"Agile, Radar",kuma_1941.png,japan.png,Japan,532
345,Kuma (1944),Kuma,Cruiser,115,"6""",2+,16/5,Agile,kuma_1941.png,japan.png,Japan,533
346,Kitakami,Kitakami,Cruiser,200,"6""",2+,16/5,Agile,kitakami_1942.png,japan.png,Japan,534
347,Kitakami (1942),Kitakami,Cruiser,165,"6""",2+,16/5,"Agile, Depth Charge",kitakami_1942.png,japan.png,Japan,535
348,Kitakami (1945),Kitakami,Cruiser,120,"5""",2+,16/5,"Radar, Depth Charge",kitakami_1942.png,japan.png,Japan,536
349,Oi (1942),Kitakami,Cruiser,170,"6""",2+,16/5,"Agile, Depth Charge",kitakami_1942.png,japan.png,Japan,537
350,Mogami,Mogami,Cruiser,280,"7""",3+,30/10,"Aircraft 3, Agile",mogami_1940.png,japan.png,Japan,538
351,Mogami (1943),Mogami,Cruiser,240,"7""",3+,28/9,"Aircraft 7, Agile",mogami_1944.png,japan.png,Japan,539
352,Mogami (1944),Mogami,Cruiser,265,"7""",3+,28/9,"Aircraft 7, Agile, Radar",mogami_1944.png,japan.png,Japan,540
353,Kumano (1944),Mogami,Cruiser,310,"7""",3+,30/10,"Aircraft 3, Agile, Radar",kumano_1944.png,japan.png,Japan,541
354,Mogami (1939),Mogami,Cruiser,180,"7""",3+,28/9,"Aircraft 3, Agile",mogami_1938.png,japan.png,Japan,542
355,Myoko,Myoko,Cruiser,275,"7""",3+,32/10,Aircraft 3,myoko_1936.png,japan.png,Japan,543
356,Myoko (1944),Myoko,Cruiser,275,"7""",3+,32/10,"Aircraft 3, Radar",myoko_1944.png,japan.png,Japan,544
357,Nagara,Nagara,Cruiser,70,"6""",2+,16/5,"Aircraft 1, Agile",nagara_1934.png,japan.png,Japan,545
358,Nagara (1944),Nagara,Cruiser,105,"6""",2+,16/5,"Agile, Radar",nagara_1944.png,japan.png,Japan,546
359,Abukuma (1941),Nagara,Cruiser,100,"6""",2+,16/5,"Aircraft 1, Agile",abukuma_1941.png,japan.png,Japan,547
360,Abukuma (1944),Nagara,Cruiser,115,"6""",2+,16/5,"Agile, Radar",abukuma_1944.png,japan.png,Japan,548
361,Abukuma (1945),Nagara,Cruiser,120,"6""",2+,16/5,"Agile, Radar",abukuma_1944.png,japan.png,Japan,549
362,Kinu (1944),Nagara,Cruiser,65,"6""",2+,16/5,"Agile, Depth Charge",kinu_1943.png,japan.png,Japan,550
363,Natori (1944),Nagara,Cruiser,65,"6""",2+,16/5,Agile,natori_1944.png,japan.png,Japan,551
364,Isuzu (1943),Nagara,Cruiser,70,"6""",2+,16/5,"Aircraft 1, Agile",isuzu_1943.png,japan.png,Japan,552
365,Isuzu (1944),Nagara,Cruiser,115,"6""",2+,16/5,"Agile, Radar",isuzu_1943.png,japan.png,Japan,553
366,Oyodo,Oyodo,Cruiser,80,"7""",2+,23/7,"Aircraft 6, Agile, Armored Deck",oyodo_1943.png,japan.png,Japan,554
367,Oyodo (1944),Oyodo,Cruiser,90,"7""",2+,23/7,"Aircraft 2, Agile, Armored Deck, Radar",oyodo_1944.png,japan.png,Japan,555
368,Sendai,Sendai,Cruiser,80,"6""",2+,16/5,"Aircraft 1, Agile, Armored Deck, Depth Charge",sendai_1941.png,japan.png,Japan,556
369,Jintsu (1941),Sendai,Cruiser,140,"6""",2+,16/5,"Aircraft 1, Agile, Armored Deck, Depth Charge",naka_1942.png,japan.png,Japan,557
370,Naka (1943),Sendai,Cruiser,145,"6""",2+,16/5,"Aircraft 1, Agile, Armored Deck, Depth Charge",jintsu_1939.png,japan.png,Japan,558
371,Takao,Takao,Cruiser,270,"7""",3+,32/10,Aircraft 3,takao_1939.png,japan.png,Japan,559
372,Takao (1942),Takao,Cruiser,290,"7""",3+,32/10,Aircraft 3,takao_1942.png,japan.png,Japan,560
373,Takao (1944),Takao,Cruiser,315,"7""",3+,32/10,"Aircraft 2, Radar",takao_1945.png,japan.png,Japan,561
374,Chokai (1939),Takao,Cruiser,220,"7""",3+,29/9,Aircraft 3,chokai_1937.png,japan.png,Japan,562
375,Chokai (1941),Takao,Cruiser,260,"7""",3+,29/9,Aircraft 3,chokai_1941.png,japan.png,Japan,563
376,Chokai (1944),Takao,Cruiser,285,"7""",3+,29/9,"Aircraft 3, Radar",chokai_1944.png,japan.png,Japan,564
377,Maya (1939),Takao,Cruiser,220,"7""",3+,29/9,Aircraft 3,maya_1933.png,japan.png,Japan,565
378,Maya (1940),Takao,Cruiser,215,"7""",3+,32/10,Aircraft 3,maya_1933.png,japan.png,Japan,566
379,Maya (1941),Takao,Cruiser,300,"7""",3+,29/9,Aircraft 3,maya_1933.png,japan.png,Japan,567
380,Maya (1944),Takao,Cruiser,350,"7""",3+,34/11,"Aircraft 2, Radar",maya_1944.png,japan.png,Japan,568
381,Tenryu,Tenryu,Cruiser,50,"7""",2+,9/3,"Agile, Armored Deck",tenryu_1939.png,japan.png,Japan,569
382,Tone,Tone,Cruiser,250,"7""",3+,30/10,Aircraft 5,tone_1938.png,japan.png,Japan,570
383,Tone (1944),Tone,Cruiser,275,"7""",3+,30/10,"Aircraft 4, Radar",tone_1943.png,japan.png,Japan,571
384,Tone (1945),Tone,Cruiser,280,"7""",3+,30/10,"Aircraft 4, Radar",tone_1945.png,japan.png,Japan,572
385,Yubari,Yubari,Cruiser,55,"7""",2+,9/3,Agile,yubari_1933.png,japan.png,Japan,573
386,Yubari (1944),Yubari,Cruiser,55,"6""",2+,9/3,"Agile, Radar, Depth Charge",yubari_1944.png,japan.png,Japan,574
387,Akatsuki,Akatsuki,Destroyer,60,"7""",1+,5/2,"Agile, Depth Charge",akatsuki_1940.png,japan.png,Japan,575
388,Hibiki (1943),Akatsuki,Destroyer,70,"7""",1+,5/2,"Agile, Depth Charge",akatsuki_1940.png,japan.png,Japan,576
389,Hibiki (1944),Akatsuki,Destroyer,80,"7""",1+,5/2,"Agile, Depth Charge, Radar",akatsuki_1940.png,japan.png,Japan,577
390,Inazuma (1944),Akatsuki,Destroyer,75,"7""",1+,5/2,"Agile, Depth Charge",akatsuki_1940.png,japan.png,Japan,578
391,Akizuki,Akizuki,Destroyer,60,"7""",1+,7/2,"Agile, Depth Charge",akizuki_1942.png,japan.png,Japan,579
392,Akizuki (1944),Akizuki,Destroyer,65,"7""",1+,7/2,"Agile, Depth Charge",akizuki_1944.png,japan.png,Japan,580
393,Hatsuzuki (1943),Akizuki,Destroyer,65,"7""",1+,7/2,"Agile, Depth Charge",hatsuzuki_1943.png,japan.png,Japan,581
394,Harutsuki (1945),Akizuki,Destroyer,80,"7""",1+,7/2,"Agile, Depth Charge, Radar",akizuki_1945.png,japan.png,Japan,582
395,Natsuzuki (1945),Akizuki,Destroyer,70,"7""",1+,7/2,"Agile, Depth Charge, Radar",akizuki_1945.png,japan.png,Japan,583
396,Asashio,Asashio,Destroyer,60,"7""",1+,5/1,Depth Charge,asashio_1939.png,japan.png,Japan,584
397,Arashio (1943),Asashio,Destroyer,65,"7""",1+,5/1,"Depth Charge, Radar",asashio_1943.png,japan.png,Japan,585
398,Michishio (1943),Asashio,Destroyer,60,"7""",1+,5/1,Depth Charge,michishio_1944.png,japan.png,Japan,586
399,Michishio (1944),Asashio,Destroyer,65,"7""",1+,5/1,"Depth Charge, Radar",michishio_1944.png,japan.png,Japan,587
400,Yamagumo (1944),Asashio,Destroyer,65,"7""",1+,5/1,"Depth Charge, Radar",yamagumo_1944.png,japan.png,Japan,588
401,Fubuki,Fubuki,Destroyer,50,"7""",1+,5/2,"Agile, Depth Charge",fubuki_1940.png,japan.png,Japan,589
402,Amagiri (1939),Fubuki,Destroyer,55,"7""",1+,5/2,"Agile, Depth Charge",fubuki_1940.png,japan.png,Japan,590
403,Amagiri (1943),Fubuki,Destroyer,60,"7""",1+,5/2,"Agile, Depth Charge",fubuki_1942.png,japan.png,Japan,591
404,Amagiri (1944),Fubuki,Destroyer,70,"7""",1+,5/2,"Agile, Depth Charge, Radar",fubuki_1944.png,japan.png,Japan,592
405,Hatsuyuki (1943),Fubuki,Destroyer,55,"7""",1+,5/2,"Agile, Depth Charge",fubuki_1942.png,japan.png,Japan,593
406,Shirakumo (1944),Fubuki,Destroyer,65,"7""",1+,5/2,"Agile, Depth Charge, Radar",fubuki_1944.png,japan.png,Japan,594
407,Yugiri (1943),Fubuki,Destroyer,70,"7""",1+,5/2,"Agile, Depth Charge, Radar",fubuki_1942.png,japan.png,Japan,595
408,Hatsuharu,Hatsuharu,Destroyer,60,"7""",1+,4/1,"Agile, Depth Charge",hatsuharu_1935.png,japan.png,Japan,596
409,Hatsuharu (1944),Hatsuharu,Destroyer,65,"7""",1+,4/1,"Agile, Depth Charge, Radar",hatsuharu_1944.png,japan.png,Japan,597
410,Kagero,Kagero,Destroyer,100,"7""",1+,5/2,"Agile, Depth Charge",kagero_1936.png,japan.png,Japan,598
411,Amatsukaze (1943),Kagero,Destroyer,110,"7""",1+,5/2,"Agile, Depth Charge, Radar",amatsukaze_1943.png,japan.png,Japan,599
412,Amatsukaze (1945),Kagero,Destroyer,110,"5""",1+,3/1,"Agile, Depth Charge, Radar, Sub-Hunter",kagero_1945.png,japan.png,Japan,600
413,Akigumo (1944),Kagero,Destroyer,120,"7""",1+,5/2,"Agile, Depth Charge, Radar",kagero_1945.png,japan.png,Japan,601
414,Hamakaze (1944),Kagero,Destroyer,110,"7""",1+,5/2,"Agile, Depth Charge, Radar",kagero_1945.png,japan.png,Japan,602
415,Hamakaze (1945),Kagero,Destroyer,115,"7""",1+,5/2,"Agile, Depth Charge, Radar",kagero_1945.png,japan.png,Japan,603
416,Kamikaze,Kamikaze,Destroyer,60,"7""",1+,4/1,Agile,kamikaze_1936.png,japan.png,Japan,604
417,Asanagi,Kamikaze,Destroyer,70,"7""",1+,4/1,"Agile, Depth Charge",kamikaze_1936.png,japan.png,Japan,605
418,Kamikaze (1941),Kamikaze,Destroyer,60,"7""",1+,4/1,"Agile, Depth Charge",kamikaze_1941.png,japan.png,Japan,606
419,Kamikaze (1944),Kamikaze,Destroyer,65,"7""",1+,4/1,"Agile, Depth Charge",kamikaze_1941.png,japan.png,Japan,607
420,Asanagi (1941),Kamikaze,Destroyer,70,"7""",1+,4/1,"Agile, Depth Charge",kamikaze_1941.png,japan.png,Japan,608
421,Asanagi (1944),Kamikaze,Destroyer,75,"7""",1+,4/1,"Agile, Depth Charge",kamikaze_1941.png,japan.png,Japan,609
422,Matsu,Matsu,Destroyer,55,"5""",1+,3/1,"Agile, Depth Charge, Radar, Sub-Hunter",matsu_1944.png,japan.png,Japan,610
423,Matsu (1945),Matsu,Destroyer,65,"5""",1+,3/1,"Agile, Depth Charge, Radar, Sub-Hunter",matsu_1944.png,japan.png,Japan,611
424,Momi,Momi,Destroyer,60,"6""",1+,2/0,Agile,momi_1924.png,japan.png,Japan,612
425,Kiku (1940),Momi,Destroyer,60,"4""",1+,2/0,"Agile, Depth Charge",momi_1924.png,japan.png,Japan,613
426,Kiku (1941),Momi,Destroyer,60,"4""",1+,2/0,"Agile, Depth Charge",momi_1941.png,japan.png,Japan,614
427,Kiku (1944),Momi,Destroyer,60,"4""",1+,2/0,"Agile, Depth Charge",momi_1941.png,japan.png,Japan,615
428,Ashi (1940),Momi,Destroyer,50,"3""",1+,2/0,Agile,momi_1924.png,japan.png,Japan,616
429,Hasu (1942),Momi,Destroyer,65,"6""",1+,2/0,"Agile, Depth Charge",momi_1941.png,japan.png,Japan,617
430,Mutsuki,Mutsuki,Destroyer,60,"7""",7+,4/1,Agile,mutsuki_1940.png,japan.png,Japan,618
431,Fumizuki (1943),Mutsuki,Destroyer,60,"7""",7+,4/1,"Agile, Depth Charge",mutsuki_1944.png,japan.png,Japan,619
432,Fumizuki (1944),Mutsuki,Destroyer,70,"7""",7+,4/1,"Agile, Depth Charge, Sub-Hunter",mutsuki_1944.png,japan.png,Japan,620
433,Minazuki (1944),Mutsuki,Destroyer,60,"7""",7+,4/1,"Agile, Sub-Hunter",mutsuki_1944.png,japan.png,Japan,621
434,Mochizuki (1943),Mutsuki,Destroyer,60,"7""",7+,4/1,Agile,mutsuki_1940.png,japan.png,Japan,622
435,Satsuki (1942),Mutsuki,Destroyer,60,"7""",7+,4/1,Agile,mutsuki_1940.png,japan.png,Japan,623
436,Satsuki (1944),Mutsuki,Destroyer,70,"7""",7+,4/1,"Agile, Depth Charge, Sub-Hunter",mutsuki_1944.png,japan.png,Japan,624
437,Shimakaze,Shimakaze,Destroyer,100,"8""",1+,6/2,"Agile, Depth Charge, Radar",shimakaze_1944.png,japan.png,Japan,625
438,Shimakaze (1944),Shimakaze,Destroyer,105,"8""",1+,6/2,"Agile, Depth Charge, Radar",shimakaze_1944.png,japan.png,Japan,626
439,Shiratsuyu,Shiratsuyu,Destroyer,95,"7""",1+,4/1,"Agile, Depth Charge",shiratsuyu_1936.png,japan.png,Japan,627
440,Yudachi (1937),Shiratsuyu,Destroyer,100,"7""",1+,4/1,"Agile, Depth Charge",yudachi_1937.png,japan.png,Japan,628
441,Harusame (1943),Shiratsuyu,Destroyer,95,"7""",1+,4/1,"Agile, Depth Charge, Radar",harusame_1943.png,japan.png,Japan,629
442,Shiratsuyu (1944),Shiratsuyu,Destroyer,95,"7""",1+,4/1,"Agile, Depth Charge, Radar",shiratsuyu_1944.png,japan.png,Japan,630
443,Yugumo,Yugumo,Destroyer,55,"7""",1+,5/2,"Agile, Depth Charge",yugumo_1939.png,japan.png,Japan,631
444,Yugumo (1943),Yugumo,Destroyer,60,"7""",1+,5/2,"Agile, Depth Charge, Radar",yugumo_1942.png,japan.png,Japan,632
445,Akishimo (1942),Yugumo,Destroyer,60,"7""",1+,5/2,"Agile, Depth Charge, Radar",yugumo_1942.png,japan.png,Japan,633
446,Akishimo (1944),Yugumo,Destroyer,65,"7""",1+,5/2,"Agile, Depth Charge, Radar",yugumo_1944.png,japan.png,Japan,634
447,Asashimo (1945),Yugumo,Destroyer,65,"7""",1+,5/2,"Agile, Depth Charge, Radar",yugumo_1944.png,japan.png,Japan,635
448,Thracian,Admiralty S,Destroyer,60,"7""",1+,3/1,Agile,admiralty_s_1939.png,japan.png,Japan,1128
449,Ammunition Ship,Ammunition Ship,Civilian,25,"3""",1+,13/4,"Lumbering, Explosive",ammo_ship.png,netherlands.png,The Netherlands,1
450,Ammunition Ship (1942),Ammunition Ship,Civilian,35,"3""",1+,13/4,"Lumbering, Explosive",ammo_ship.png,netherlands.png,The Netherlands,2
451,Ammunition Ship (1944),Ammunition Ship,Civilian,35,"3""",1+,13/4,"Lumbering, Explosive",ammo_ship.png,netherlands.png,The Netherlands,3
452,Armed Merchant Cruiser,Merchant Cruiser,Civilian,25,"3""",1+,15/5,Lumbering,merch_cruiser.png,netherlands.png,The Netherlands,4
453,Liberty Ship,Cargo Ship,Civilian,25,"2""",1+,10/3,Lumbering,liberty.png,netherlands.png,The Netherlands,6
454,Liner,Liner,Civilian,25,"6""",1+,72/24,Lumbering,liner.png,netherlands.png,The Netherlands,7
455,Oil Tanker,Oil Tanker,Civilian,30,"4""",1+,15/5,"Lumbering, Volatile",tanker.png,netherlands.png,The Netherlands,8
456,Oil Tanker (1942),Oil Tanker,Civilian,40,"4""",1+,15/5,"Lumbering, Volatile",tanker.png,netherlands.png,The Netherlands,9
457,Oil Tanker (1944),Oil Tanker,Civilian,50,"4""",1+,15/5,"Lumbering, Volatile",tanker.png,netherlands.png,The Netherlands,10
458,Seaplane Tender,Seaplane Tender,Civilian,25,"4""",1+,12/4,"Aircraft 6, Lumbering",seaplane_tender.png,netherlands.png,The Netherlands,16
459,Tramp Freighter,Tramp Freighter,Civilian,10,"2""",1+,6/2,,tramp_freighter.png,netherlands.png,The Netherlands,17
460,Troop Ship,Troop Ship,Civilian,25,"3""",1+,16/5,Lumbering,troop_ship.png,netherlands.png,The Netherlands,18
461,Victory Ship,Cargo Ship,Civilian,30,"3""",1+,14/4,Lumbering,victory.png,netherlands.png,The Netherlands,19
462,De Ruyter,De Ruyter,Cruiser,90,"6""",2+,15/5,"Aircraft 2, Armored Deck, Agile",de_ruyter_1936.png,netherlands.png,The Netherlands,686
463,Java,Java,Cruiser,90,"6""",2+,16/5,"Aircraft 2, Armored Deck, Agile",java_1942.png,netherlands.png,The Netherlands,687
464,Sumatra,Java,Cruiser,90,"6""",2+,16/5,"Aircraft 2, Armored Deck, Agile",sumatra_1940.png,netherlands.png,The Netherlands,688
465,Celebes,Java,Cruiser,90,"6""",2+,16/5,"Aircraft 2, Armored Deck, Agile",celebes_1939.png,netherlands.png,The Netherlands,689
466,Van Ghent (1939),Admiralen,Destroyer,50,"7""",1+,3/1,"Aircraft 1, Agile, Depth Charges",van_ghent_1935.png,netherlands.png,The Netherlands,690
467,Van Ghent (1942),Admiralen,Destroyer,45,"7""",1+,3/1,"Agile, Depth Charges",van_ghent_1942.png,netherlands.png,The Netherlands,691
468,Evertsen (1939),Admiralen,Destroyer,50,"7""",1+,3/1,"Aircraft 1, Agile, Depth Charges",evertsen_1928.png,netherlands.png,The Netherlands,692
469,Evertsen (1942),Admiralen,Destroyer,45,"7""",1+,3/1,"Agile, Depth Charges",evertsen_1942.png,netherlands.png,The Netherlands,693
470,Kortenaer (1939),Admiralen,Destroyer,50,"7""",1+,3/1,"Aircraft 1, Agile, Depth Charges",kortenaer_1939.png,netherlands.png,The Netherlands,694
471,Kortenaer (1942),Admiralen,Destroyer,45,"7""",1+,3/1,"Agile, Depth Charges",kortenaer_1939.png,netherlands.png,The Netherlands,695
472,Piet Hein (1939),Admiralen,Destroyer,50,"7""",1+,3/1,"Aircraft 1, Agile, Depth Charges",piet_hein_1939.png,netherlands.png,The Netherlands,696
473,Piet Hein (1942),Admiralen,Destroyer,45,"7""",1+,3/1,"Agile, Depth Charges",piet_hein_1939.png,netherlands.png,The Netherlands,697
474,Van Galen (1939),Admiralen,Destroyer,50,"7""",1+,3/1,"Aircraft 1, Agile, Depth Charges",van_galen_1939.png,netherlands.png,The Netherlands,698
475,Witte de With (1939),Admiralen,Destroyer,50,"7""",1+,3/1,"Aircraft 1, Agile, Depth Charges",witte_de_with_1939.png,netherlands.png,The Netherlands,699
476,Witte de With (1942),Admiralen,Destroyer,45,"7""",1+,3/1,"Agile, Depth Charges",witte_de_with_1939.png,netherlands.png,The Netherlands,700
477,Banckert (1939),Admiralen,Destroyer,50,"7""",1+,3/1,"Aircraft 1, Agile, Depth Charges",banckert_1939.png,netherlands.png,The Netherlands,701
478,Banckert (1942),Admiralen,Destroyer,45,"7""",1+,3/1,"Agile, Depth Charges",banckert_1939.png,netherlands.png,The Netherlands,702
479,Van Nes (1939),Admiralen,Destroyer,50,"7""",1+,3/1,"Aircraft 1, Agile, Depth Charges",van_nes_1939.png,netherlands.png,The Netherlands,703
480,Van Nes (1942),Admiralen,Destroyer,45,"7""",1+,3/1,"Agile, Depth Charges",van_nes_1939.png,netherlands.png,The Netherlands,704
481,Van Galen (1942),N-class  (RNN),Destroyer,55,"7""",1+,5/2,"Agile, Depth Charges, Radar",j_class_1942.png,netherlands.png,The Netherlands,705
482,Tjerk Hiddes (1942),N-class (RNN),Destroyer,55,"7""",1+,5/2,"Agile, Depth Charges, Radar",j_class_1942.png,netherlands.png,The Netherlands,706
483,Friso (1943),Flower (RNN),Destroyer,35,"3""",1+,2/1,"Agile, Depth Charges, Radar, Sub Hunter, Hedgehog",friso_1943.png,netherlands.png,The Netherlands,707
484,Marnix,G-class (RNN),Destroyer,55,"7""",1+,4/1,"Agile, Depth Charges, Radar",glowworm_1940.png,netherlands.png,The Netherlands,708
485,Gerard Callenburgh (1941),Gerard Callenburgh (ZH1),Destroyer,50,"7""",1+,4/1,"Agile, Depth Charges",zh1_1942.png,netherlands.png,The Netherlands,709
486,Isaac Sweers (1941),Gerard Callenburgh (ZH1),Destroyer,50,"7""",1+,4/1,"Agile, Depth Charges",zh1_1942.png,netherlands.png,The Netherlands,710
487,Tjerk Hiddes (1941),Gerard Callenburgh (ZH1),Destroyer,50,"7""",1+,4/1,"Agile, Depth Charges",zh1_1942.png,netherlands.png,The Netherlands,711
488,Philips van Almonde (1941),Gerard Callenburgh (ZH1),Destroyer,50,"7""",1+,4/1,"Agile, Depth Charges",zh1_1942.png,netherlands.png,The Netherlands,712
489,Banckert (1945),Q & S (RNN),Destroyer,50,"7""",1+,5/1,"Agile, Depth Charges, Radar, Sub Hunter",s_class_1943.png,netherlands.png,The Netherlands,713
490,Kortenaar (1945),Q & S (RNN),Destroyer,50,"7""",1+,5/1,"Agile, Depth Charges, Radar, Sub Hunter",s_class_1943.png,netherlands.png,The Netherlands,714
491,Evertsen (1945),Q & S (RNN),Destroyer,50,"7""",1+,5/1,"Agile, Depth Charges, Radar, Sub Hunter",s_class_1943.png,netherlands.png,The Netherlands,715
492,Piet Hein (1945),Q & S (RNN),Destroyer,50,"7""",1+,5/1,"Agile, Depth Charges, Radar, Sub Hunter",s_class_1943.png,netherlands.png,The Netherlands,716
493,Karel Doorman (1946),Vindex (RNN),Carrier,75,"3""",1+,34/11,"Aircraft 4, Advanced Radar",karel_doorman_1946.png,netherlands.png,The Netherlands,717
494,Karel Doorman (1948),Colossus (RNN),Carrier,135,"5""",1+,36/12,"Aircraft 9, Advanced Radar, Sub Hunter",karel_doorman_1948.png,netherlands.png,The Netherlands,718
495,Gadila (1943),MAC (RNN),Carrier,40,"2""",1+,32/15,"Aircraft 1, Radar",gadila_1943.png,netherlands.png,The Netherlands,719
496,Macoma (1943),MAC (RNN),Carrier,40,"2""",1+,32/15,"Aircraft 1, Radar",macoma_1943.png,netherlands.png,The Netherlands,720
497,Ammunition Ship,Ammunition Ship,Civilian,25,"3""",1+,13/4,"Lumbering, Explosive",ammo_ship.png,royal_navy_ensign.png,Great Britain,1
498,Ammunition Ship (1942),Ammunition Ship,Civilian,35,"3""",1+,13/4,"Lumbering, Explosive",ammo_ship.png,royal_navy_ensign.png,Great Britain,2
499,Ammunition Ship (1944),Ammunition Ship,Civilian,35,"3""",1+,13/4,"Lumbering, Explosive",ammo_ship.png,royal_navy_ensign.png,Great Britain,3
500,Armed Merchant Cruiser,Merchant Cruiser,Civilian,25,"3""",1+,15/5,Lumbering,merch_cruiser.png,royal_navy_ensign.png,Great Britain,4
501,Liberty Ship,Cargo Ship,Civilian,25,"2""",1+,10/3,Lumbering,liberty.png,royal_navy_ensign.png,Great Britain,6
502,Liner,Liner,Civilian,25,"6""",1+,72/24,Lumbering,liner.png,royal_navy_ensign.png,Great Britain,7
503,Oil Tanker,Oil Tanker,Civilian,30,"4""",1+,15/5,"Lumbering, Volatile",tanker.png,royal_navy_ensign.png,Great Britain,8
504,Oil Tanker (1942),Oil Tanker,Civilian,40,"4""",1+,15/5,"Lumbering, Volatile",tanker.png,royal_navy_ensign.png,Great Britain,9
505,Oil Tanker (1944),Oil Tanker,Civilian,50,"4""",1+,15/5,"Lumbering, Volatile",tanker.png,royal_navy_ensign.png,Great Britain,10
506,Dale,Oil Tanker,Civilian,40,"4""",1+,15/5,"Lumbering, Volatile",dale_tanker.png,royal_navy_ensign.png,Great Britain,11
507,Dale (1944),Oil Tanker,Civilian,45,"4""",1+,15/5,"Lumbering, Volatile",dale_tanker.png,royal_navy_ensign.png,Great Britain,12
508,Swordfish,S (Group 1),Submarine,50,"3""",2+,2/1,"Submarine, Agile, Sub-Hunter",s1_sub.png,royal_navy_ensign.png,Great Britain,15
509,Sealion,S (Group 2),Submarine,50,"3""",2+,2/1,"Submarine, Agile, Sub-Hunter",s2_sub.png,royal_navy_ensign.png,Great Britain,16
510,Seaplane Tender,Seaplane Tender,Civilian,25,"4""",1+,12/4,"Aircraft 6, Lumbering",seaplane_tender.png,royal_navy_ensign.png,Great Britain,16
511,Safari,S (Group 3),Submarine,60,"3""",2+,2/1,"Submarine, Agile, Sub-Hunter",s3_sub.png,royal_navy_ensign.png,Great Britain,17
512,Tramp Freighter,Tramp Freighter,Civilian,10,"2""",1+,6/2,,tramp_freighter.png,royal_navy_ensign.png,Great Britain,17
513,Swordfish (1943),S (Group 1),Submarine,55,"3""",2+,2/1,"Submarine, Agile, Sub-Hunter, Radar",s1_sub.png,royal_navy_ensign.png,Great Britain,18
514,Troop Ship,Troop Ship,Civilian,25,"3""",1+,16/5,Lumbering,troop_ship.png,royal_navy_ensign.png,Great Britain,18
515,Sealion (1943),S (Group 2),Submarine,55,"3""",2+,2/1,"Submarine, Agile, Sub-Hunter, Radar",s2_sub.png,royal_navy_ensign.png,Great Britain,19
516,Victory Ship,Cargo Ship,Civilian,30,"3""",1+,14/4,Lumbering,victory.png,royal_navy_ensign.png,Great Britain,19
517,Safari (1943),S (Group 3),Submarine,65,"3""",2+,2/1,"Submarine, Agile, Sub-Hunter, Radar",s3_sub.png,royal_navy_ensign.png,Great Britain,20
518,Undine,U,Submarine,50,"2""",2+,1/0,"Submarine, Agile, Sub-Hunter, Silent",u1_sub.png,royal_navy_ensign.png,Great Britain,21
519,Undine (1941),U,Submarine,55,"2""",2+,1/0,"Submarine, Agile, Sub-Hunter, Radar",u2_sub.png,royal_navy_ensign.png,Great Britain,22
520,Triton,T,Submarine,100,"3""",2+,3/1,"Submarine, Agile, Sub-Hunter",t1_sub.png,royal_navy_ensign.png,Great Britain,23
521,Triton (1943),T,Submarine,110,"3""",2+,3/1,"Submarine, Agile, Sub-Hunter, Radar",t2_sub.png,royal_navy_ensign.png,Great Britain,24
522,Hood,Admiral,Battleship,400,"6""",5+,96/32,Torpedo Belt 2,hood_1939.png,royal_navy_ensign.png,Great Britain,788
523,Hood (1940),Admiral,Battleship,375,"6""",5+,96/32,Torpedo Belt 2,hood_1939.png,royal_navy_ensign.png,Great Britain,789
524,Hood (1941),Admiral,Battleship,435,"6""",5+,96/32,"Torpedo Belt 2, Radar",hood_1941.png,royal_navy_ensign.png,Great Britain,790
525,Hood (1942),Admiral,Battleship,685,"6""",5+,96/32,"Aircraft 2, Torpedo Belt 2, Armored Deck, Radar",hood_1942.png,royal_navy_ensign.png,Great Britain,791
526,King George V,King George V,Battleship,600,"5""",7+,89/29,"Aircraft 2, Torpedo Belt 3, Armored Deck, Radar",kgv_1941.png,royal_navy_ensign.png,Great Britain,792
527,King George V (1942),King George V,Battleship,620,"5""",7+,89/29,"Aircraft 2, Torpedo Belt 3, Armored Deck, Radar",kgv_1941.png,royal_navy_ensign.png,Great Britain,793
528,King George V (1943),King George V,Battleship,625,"5""",7+,89/29,"Aircraft 2, Torpedo Belt 3, Armored Deck, Radar",kgv_1941.png,royal_navy_ensign.png,Great Britain,794
529,King George V (1944),King George V,Battleship,725,"5""",7+,89/29,"Torpedo Belt 3, Armored Deck, Radar, Sub-Hunter",kgv_1941.png,royal_navy_ensign.png,Great Britain,795
530,Howe (1945),King George V,Battleship,755,"5""",7+,89/29,"Torpedo Belt 3, Armored Deck, Advanced Radar, Sub-Hunter",howe_1944.png,royal_navy_ensign.png,Great Britain,796
531,Anson (1943),King George V,Battleship,630,"5""",7+,89/29,"Aircraft 2, Torpedo Belt 3, Armored Deck, Radar",kgv_1941.png,royal_navy_ensign.png,Great Britain,797
532,Anson (1944),King George V,Battleship,650,"5""",7+,89/29,"Aircraft 2, Torpedo Belt 3, Armored Deck, Radar, Sub-Hunter",kgv_1941.png,royal_navy_ensign.png,Great Britain,798
533,Anson (1945),King George V,Battleship,755,"5""",7+,89/29,"Torpedo Belt 3, Armored Deck, Radar, Sub-Hunter",kgv_1941.png,royal_navy_ensign.png,Great Britain,799
534,Duke of York (1941),King George V,Battleship,620,"5""",7+,89/29,"Aircraft 2, Torpedo Belt 3, Armored Deck, Radar",duke_of_york_1943.png,royal_navy_ensign.png,Great Britain,800
535,Duke of York (1943),King George V,Battleship,625,"5""",7+,89/29,"Aircraft 2, Torpedo Belt 3, Armored Deck, Radar",duke_of_york_1943.png,royal_navy_ensign.png,Great Britain,801
536,Duke of York (1944),King George V,Battleship,645,"5""",7+,89/29,"Aircraft 2, Torpedo Belt 3, Armored Deck, Radar, Sub-Hunter",duke_of_york_1943.png,royal_navy_ensign.png,Great Britain,802
537,Duke of York (1945),King George V,Battleship,750,"5""",7+,89/29,"Torpedo Belt 3, Armored Deck, Advanced Radar, Sub-Hunter",duke_of_york_1943.png,royal_navy_ensign.png,Great Britain,803
538,Prince of Wales (1941),King George V,Battleship,625,"5""",7+,89/29,"Aircraft 2, Torpedo Belt 3, Armored Deck, Radar",pow_1941.png,royal_navy_ensign.png,Great Britain,804
539,Lion,Lion,Battleship,900,"6""",7+,93/31,"Aircraft 3, Torpedo Belt 3, Armored Deck, Advanced Radar",lion_1945.png,royal_navy_ensign.png,Great Britain,805
540,N3,N3,Battleship,950,"5""",7+,108/36,"Torpedo Belt 2, Armored Deck, Lumbering",n3_1933.png,royal_navy_ensign.png,Great Britain,806
541,Nelson,Nelson,Battleship,600,"5""",7+,83/27,"Torpedo Belt 2, Armored Deck",nelson_1940.png,royal_navy_ensign.png,Great Britain,807
542,Nelson (1940),Nelson,Battleship,625,"5""",7+,83/27,"Torpedo Belt 2, Armored Deck",nelson_1940.png,royal_navy_ensign.png,Great Britain,808
543,Nelson (1941),Nelson,Battleship,685,"5""",7+,83/27,"Torpedo Belt 2, Armored Deck, Radar",nelson_1940.png,royal_navy_ensign.png,Great Britain,809
544,Nelson (1942),Nelson,Battleship,685,"5""",7+,83/27,"Torpedo Belt 2, Armored Deck, Radar",nelson_1942.png,royal_navy_ensign.png,Great Britain,810
545,Nelson (1943),Nelson,Battleship,695,"5""",7+,83/27,"Torpedo Belt 2, Armored Deck, Radar",nelson_1942.png,royal_navy_ensign.png,Great Britain,811
546,Nelson (1945),Nelson,Battleship,715,"5""",7+,83/27,"Torpedo Belt 2, Armored Deck, Radar",nelson_1942.png,royal_navy_ensign.png,Great Britain,812
547,Rodney (1939),Nelson,Battleship,610,"5""",7+,83/27,"Torpedo Belt 2, Armored Deck",rodney_1940.png,royal_navy_ensign.png,Great Britain,813
548,Rodney (1941),Nelson,Battleship,635,"5""",7+,83/27,"Torpedo Belt 2, Armored Deck",rodney_1940.png,royal_navy_ensign.png,Great Britain,814
549,Rodney (1942),Nelson,Battleship,700,"5""",7+,83/27,"Torpedo Belt 2, Armored Deck, Radar",rodney_1942.png,royal_navy_ensign.png,Great Britain,815
550,Rodney (1944),Nelson,Battleship,710,"5""",7+,83/27,"Torpedo Belt 2, Armored Deck, Radar",rodney_1942.png,royal_navy_ensign.png,Great Britain,816
551,Barham,Queen Elizabeth (Group 1),Battleship,375,"5""",5+,73/24,"Aircraft 2, Torpedo Belt 2",barham_1941.png,royal_navy_ensign.png,Great Britain,817
552,Malaya,Queen Elizabeth (Group 1),Battleship,370,"5""",5+,71/23,"Aircraft 2, Torpedo Belt 2",malaya_1942.png,royal_navy_ensign.png,Great Britain,818
553,Queen Elizabeth,Queen Elizabeth (Group 2),Battleship,375,"5""",5+,73/24,"Aircraft 2, Torpedo Belt 2",queen_elizabeth_1941.png,royal_navy_ensign.png,Great Britain,819
554,Queen Elizabeth (1941),Queen Elizabeth (Group 2),Battleship,425,"5""",5+,73/24,"Aircraft 2, Torpedo Belt 2, Radar",queen_elizabeth_1941.png,royal_navy_ensign.png,Great Britain,820
555,Queen Elizabeth (1943),Queen Elizabeth (Group 2),Battleship,425,"5""",5+,73/24,"Torpedo Belt 2, Radar",queen_elizabeth_1943.png,royal_navy_ensign.png,Great Britain,821
556,Warspite,Queen Elizabeth (Group 3),Battleship,375,"5""",5+,73/24,"Aircraft 2, Torpedo Belt 2",warspite_1942.png,royal_navy_ensign.png,Great Britain,822
557,Warspite (1942),Queen Elizabeth (Group 3),Battleship,430,"5""",5+,73/24,"Aircraft 2, Torpedo Belt 2, Radar",warspite_1942.png,royal_navy_ensign.png,Great Britain,823
558,Warspite (1943),Queen Elizabeth (Group 3),Battleship,425,"5""",5+,73/24,"Torpedo Belt 2, Radar",warspite_1942.png,royal_navy_ensign.png,Great Britain,824
559,Warspite (1944),Queen Elizabeth (Group 3),Battleship,405,"4""",5+,73/24,"Torpedo Belt 2, Advanced Radar",warspite_1942.png,royal_navy_ensign.png,Great Britain,825
560,Barham (1941),Queen Elizabeth (Group 1),Battleship,400,"5""",5+,73/24,"Aircraft 2, Torpedo Belt 2",barham_1941.png,royal_navy_ensign.png,Great Britain,826
561,Malaya (1942),Queen Elizabeth (Group 1),Battleship,385,"5""",5+,71/23,"Aircraft 2, Torpedo Belt 2",malaya_1937.png,royal_navy_ensign.png,Great Britain,827
562,Malaya (1943),Queen Elizabeth (Group 1),Battleship,435,"5""",5+,71/23,"Torpedo Belt 2, Radar",malaya_1937.png,royal_navy_ensign.png,Great Britain,828
563,Malaya (1944),Queen Elizabeth (Group 1),Battleship,405,"5""",5+,71/23,"Torpedo Belt 2, Radar",malaya_1937.png,royal_navy_ensign.png,Great Britain,829
564,Valiant (1943),Queen Elizabeth (Group 2),Battleship,415,"5""",5+,73/24,"Torpedo Belt 2, Radar",valiant_1939.png,royal_navy_ensign.png,Great Britain,830
565,Valiant (1944),Queen Elizabeth (Group 2),Battleship,435,"5""",5+,73/24,"Torpedo Belt 2, Advanced Radar",valiant_1939.png,royal_navy_ensign.png,Great Britain,831
566,Renown,Renown,Battleship,370,"6""",5+,74/24,"Aircraft 2, Torpedo Belt 2, Armored Deck",renown_1941.png,royal_navy_ensign.png,Great Britain,832
567,Renown (1942),Renown,Battleship,410,"6""",5+,74/24,"Aircraft 2, Torpedo Belt 2, Armored Deck, Radar",renown_1941.png,royal_navy_ensign.png,Great Britain,833
568,Renown (1943),Renown,Battleship,410,"6""",5+,74/24,"Torpedo Belt 2, Armored Deck, Radar",renown_1941.png,royal_navy_ensign.png,Great Britain,834
569,Renown (1944),Renown,Battleship,420,"6""",5+,74/24,"Torpedo Belt 2, Armored Deck, Radar",renown_1944.png,royal_navy_ensign.png,Great Britain,835
570,Renown (1945),Renown,Battleship,400,"6""",5+,74/24,"Torpedo Belt 2, Armored Deck, Radar",renown_1944.png,royal_navy_ensign.png,Great Britain,836
571,Repulse,Renown,Battleship,360,"6""",4+,77/25,"Aircraft 2, Torpedo Belt 2, Armored Deck",repulse_1941.png,royal_navy_ensign.png,Great Britain,837
572,Repulse (1940),Renown,Battleship,360,"6""",4+,77/25,"Aircraft 2, Torpedo Belt 2, Armored Deck",repulse_1941.png,royal_navy_ensign.png,Great Britain,838
573,Repulse (1941),Renown,Battleship,405,"6""",4+,77/25,"Aircraft 2, Torpedo Belt 2, Armored Deck, Radar",repulse_1941.png,royal_navy_ensign.png,Great Britain,839
574,Revenge,Revenge,Battleship,365,"4""",5+,65/21,Torpedo Belt 2,royal_sov_1935.png,royal_navy_ensign.png,Great Britain,840
575,Ramllies,Revenge,Battleship,375,"4""",5+,67/22,Torpedo Belt 2,royal_sov_1935.png,royal_navy_ensign.png,Great Britain,841
576,Resolution,Revenge,Battleship,375,"4""",5+,65/21,"Aircraft 1, Torpedo Belt 2",resolution_1942.png,royal_navy_ensign.png,Great Britain,842
577,Royal Oak,Revenge,Battleship,370,"4""",5+,66/22,Torpedo Belt 2,royal_oak_1940.png,royal_navy_ensign.png,Great Britain,843
578,Ramllies (1942),Revenge,Battleship,415,"4""",5+,67/22,"Torpedo Belt 2, Radar",royal_sov_1935.png,royal_navy_ensign.png,Great Britain,844
579,Ramllies (1943),Revenge,Battleship,410,"4""",5+,67/22,"Torpedo Belt 2, Radar",royal_sov_1935.png,royal_navy_ensign.png,Great Britain,845
580,Resolution (1941),Revenge,Battleship,380,"4""",5+,65/21,"Aircraft 1, Torpedo Belt 2",resolution_1942.png,royal_navy_ensign.png,Great Britain,846
581,Resolution (1942),Revenge,Battleship,455,"4""",5+,65/21,"Aircraft 1, Torpedo Belt 2, Radar",resolution_1942.png,royal_navy_ensign.png,Great Britain,847
582,Resolution (1943),Revenge,Battleship,435,"4""",5+,65/21,"Torpedo Belt 2, Radar",resolution_1942.png,royal_navy_ensign.png,Great Britain,848
583,Revenge (1942),Revenge,Battleship,405,"4""",5+,65/21,"Torpedo Belt 2, Radar",royal_sov_1935.png,royal_navy_ensign.png,Great Britain,849
584,Royal Sovereign (1941),Revenge,Battleship,370,"4""",5+,65/21,Torpedo Belt 2,royal_sov_1935.png,royal_navy_ensign.png,Great Britain,850
585,Royal Sovereign (1942),Revenge,Battleship,415,"4""",5+,65/21,"Torpedo Belt 2, Radar",royal_sov_1935.png,royal_navy_ensign.png,Great Britain,851
586,Royal Sovereign (1943),Revenge,Battleship,425,"4""",5+,65/21,"Torpedo Belt 2, Radar",royal_sov_1935.png,royal_navy_ensign.png,Great Britain,852
587,Vanguard,Vanguard,Battleship,650,"6""",7+,103/34,"Aircraft 3, Torpedo Belt 3, Armored Deck, Advanced Radar, Sub-Hunter",vanguard_1946.png,royal_navy_ensign.png,Great Britain,854
588,Activity,Activity,Carrier,60,"4""",1+,29/9,"Aircraft 3, Carrier, Radar",mac_1943.png,royal_navy_ensign.png,Great Britain,855
589,Archer,Archer,Carrier,60,"3""",1+,26/8,"Aircraft 4, Carrier",archer_1941.png,royal_navy_ensign.png,Great Britain,856
590,Archer (1942),Archer,Carrier,65,"3""",1+,26/8,"Aircraft 4, Carrier",archer_1941.png,royal_navy_ensign.png,Great Britain,857
591,Archer (1943),Archer,Carrier,70,"3""",1+,26/8,"Aircraft 4, Carrier",archer_1941.png,royal_navy_ensign.png,Great Britain,858
592,Argus,Argus,Carrier,80,"4""",1+,34/11,"Aircraft 5, Carrier",argus_1942.png,royal_navy_ensign.png,Great Britain,859
593,Argus (1940),Argus,Carrier,90,"4""",1+,34/11,"Aircraft 5, Carrier",argus_1942.png,royal_navy_ensign.png,Great Britain,860
594,Argus (1942),Argus,Carrier,95,"4""",1+,34/11,"Aircraft 5, Carrier",argus_1942.png,royal_navy_ensign.png,Great Britain,861
595,Ark Royal,Ark Royal,Carrier,250,"6""",3+,55/18,"Aircraft 15, Torpedo Belt 2, Carrier",ark_royal_1941.png,royal_navy_ensign.png,Great Britain,862
596,Ark Royal (1941),Ark Royal,Carrier,265,"6""",3+,55/18,"Aircraft 15, Torpedo Belt 2, Carrier",ark_royal_1941.png,royal_navy_ensign.png,Great Britain,863
597,Attacker,Attacker,Carrier,85,"4""",1+,28/9,"Aircraft 5, Carrier, Radar",attacker_1942.png,royal_navy_ensign.png,Great Britain,864
598,Battler (1943),Attacker,Carrier,95,"4""",1+,28/9,"Aircraft 5, Carrier, Radar",attacker_1942.png,royal_navy_ensign.png,Great Britain,865
599,Searcher (1944),Attacker,Carrier,90,"4""",1+,28/9,"Aircraft 5, Carrier, Radar",attacker_1942.png,royal_navy_ensign.png,Great Britain,866
600,Fencer (1945),Attacker,Carrier,90,"4""",1+,28/9,"Aircraft 5, Carrier, Radar",attacker_1942.png,royal_navy_ensign.png,Great Britain,867
601,Eagle,Audacious,Carrier,300,"6""",3+,92/30,"Aircraft 19, Torpedo Belt 2, Carrier, Advanced Radar, Armored Deck",audacious_1946.png,royal_navy_ensign.png,Great Britain,868
602,Audacity,Audacity,Carrier,50,"3""",1+,22/7,"Aircraft 2, Carrier",mac_1943.png,royal_navy_ensign.png,Great Britain,869
603,Avenger,Avenger,Carrier,60,"3""",1+,30/10,"Aircraft 3, Carrier, Radar",biter_1943.png,royal_navy_ensign.png,Great Britain,870
604,Biter (1941),Avenger,Carrier,65,"3""",1+,31/10,"Aircraft 3, Carrier, Radar",biter_1943.png,royal_navy_ensign.png,Great Britain,871
605,Biter (1942),Avenger,Carrier,70,"3""",1+,31/10,"Aircraft 3, Carrier, Radar",biter_1943.png,royal_navy_ensign.png,Great Britain,872
606,Dasher (1942),Avenger,Carrier,65,"3""",1+,30/10,"Aircraft 3, Carrier, Radar",biter_1943.png,royal_navy_ensign.png,Great Britain,873
607,Campania,Campania,Carrier,65,"3""",1+,32/10,"Aircraft 3, Carrier, Advanced Radar",campania_1945.png,royal_navy_ensign.png,Great Britain,874
608,Colossus,Colossus,Carrier,130,"5""",1+,36/12,"Aircraft 9, Carrier, Advanced Radar, Sub-Hunter",colossus_1944.png,royal_navy_ensign.png,Great Britain,875
609,Colossus (1945),Colossus,Carrier,135,"5""",1+,36/12,"Aircraft 9, Carrier, Advanced Radar, Sub-Hunter",colossus_1944.png,royal_navy_ensign.png,Great Britain,876
610,Ocean (1945),Colossus,Carrier,140,"5""",1+,36/12,"Aircraft 9, Carrier, Advanced Radar, Sub-Hunter",colossus_1944.png,royal_navy_ensign.png,Great Britain,877
611,Courageous,Courageous,Carrier,180,"6""",2+,55/18,"Aircraft 12, Torpedo Belt 2, Carrier",courageous_1939.png,royal_navy_ensign.png,Great Britain,878
612,Eagle,Audacious,Carrier,110,"4""",3+,54/18,"Aircraft 5, Torpedo Belt 2, Carrier",eagle_1942.png,royal_navy_ensign.png,Great Britain,879
613,Eagle (1942),Eagle,Carrier,135,"4""",3+,54/18,"Aircraft 5, Torpedo Belt 2, Carrier, Radar",eagle_1942.png,royal_navy_ensign.png,Great Britain,880
614,Furious,Furious,Carrier,160,"6""",2+,54/18,"Aircraft 9, Torpedo Belt 2, Carrier",furious_1943.png,royal_navy_ensign.png,Great Britain,881
615,Furious (1941),Furious,Carrier,165,"6""",2+,54/18,"Aircraft 9, Torpedo Belt 2, Carrier",furious_1943.png,royal_navy_ensign.png,Great Britain,882
616,Furious (1942),Furious,Carrier,175,"6""",2+,57/19,"Aircraft 9, Torpedo Belt 2, Carrier",furious_1943.png,royal_navy_ensign.png,Great Britain,883
617,Furious (1943),Furious,Carrier,220,"6""",2+,57/19,"Aircraft 9, Torpedo Belt 2, Carrier, Radar",furious_1943.png,royal_navy_ensign.png,Great Britain,884
618,Hermes,Hermes,Carrier,95,"5""",2+,27/9,"Aircraft 5, Torpedo Belt 2, Carrier",hermes_1942.png,royal_navy_ensign.png,Great Britain,885
619,Illustrious,Illustrious,Carrier,180,"6""",3+,57/19,"Aircraft 8, Torpedo Belt 2, Carrier, Armored Deck",illustrious_1943.png,royal_navy_ensign.png,Great Britain,886
620,Illustrious (1941),Illustrious,Carrier,185,"6""",3+,57/19,"Aircraft 8, Torpedo Belt 2, Carrier, Armored Deck",illustrious_1943.png,royal_navy_ensign.png,Great Britain,887
621,Illustrious (1943),Illustrious,Carrier,220,"6""",3+,57/19,"Aircraft 8, Torpedo Belt 2, Carrier, Armored Deck, Advanced Radar",illustrious_1943.png,royal_navy_ensign.png,Great Britain,888
622,Illustrious (1943),Illustrious,Carrier,245,"6""",3+,57/19,"Aircraft 13, Torpedo Belt 2, Carrier, Armored Deck, Advanced Radar",illustrious_1943.png,royal_navy_ensign.png,Great Britain,889
623,Illustrious (1944),Illustrious,Carrier,275,"6""",3+,57/19,"Aircraft 13, Torpedo Belt 2, Carrier, Armored Deck, Advanced Radar, Sub-Hunter",illustrious_1943.png,royal_navy_ensign.png,Great Britain,890
624,Formidable (1943),Illustrious,Carrier,210,"6""",3+,57/19,"Aircraft 8, Torpedo Belt 2, Carrier, Armored Deck, Advanced Radar",formidable_1942.png,royal_navy_ensign.png,Great Britain,891
625,Formidable (1943),Illustrious,Carrier,235,"6""",3+,57/19,"Aircraft 13, Torpedo Belt 2, Carrier, Armored Deck, Advanced Radar",formidable_1942.png,royal_navy_ensign.png,Great Britain,892
626,Formidable (1944),Illustrious,Carrier,270,"6""",3+,57/19,"Aircraft 13, Torpedo Belt 2, Carrier, Armored Deck, Advanced Radar, Sub-Hunter",formidable_1942.png,royal_navy_ensign.png,Great Britain,893
627,Formidable (1945),Illustrious,Carrier,280,"6""",3+,57/19,"Aircraft 13, Torpedo Belt 2, Carrier, Armored Deck, Advanced Radar, Sub-Hunter",formidable_1942.png,royal_navy_ensign.png,Great Britain,894
628,Victorious (1943),Illustrious,Carrier,235,"6""",3+,57/19,"Aircraft 8, Torpedo Belt 2, Carrier, Armored Deck, Advanced Radar",victorious_1945.png,royal_navy_ensign.png,Great Britain,895
629,Victorious (1943),Illustrious,Carrier,260,"6""",3+,57/19,"Aircraft 13, Torpedo Belt 2, Carrier, Armored Deck, Advanced Radar",victorious_1945.png,royal_navy_ensign.png,Great Britain,896
630,Victorious (1944),Illustrious,Carrier,290,"6""",3+,57/19,"Aircraft 13, Torpedo Belt 2, Carrier, Armored Deck, Advanced Radar, Sub-Hunter",victorious_1945.png,royal_navy_ensign.png,Great Britain,897
631,Victorious (1945),Illustrious,Carrier,290,"6""",3+,57/19,"Aircraft 13, Torpedo Belt 2, Carrier, Armored Deck, Advanced Radar, Sub-Hunter",victorious_1945.png,royal_navy_ensign.png,Great Britain,898
632,Implacable,Implacable,Carrier,300,"6""",3+,64/21,"Aircraft 20, Torpedo Belt 2, Carrier, Armored Deck, Advanced Radar",implacable_1944.png,royal_navy_ensign.png,Great Britain,899
633,Implacable (1944),Implacable,Carrier,250,"6""",3+,64/21,"Aircraft 15, Torpedo Belt 2, Carrier, Armored Deck, Advanced Radar",implacable_1944.png,royal_navy_ensign.png,Great Britain,900
634,Implacable (1945),Implacable,Carrier,315,"6""",3+,64/21,"Aircraft 20, Torpedo Belt 2, Carrier, Armored Deck, Advanced Radar",implacable_1944.png,royal_navy_ensign.png,Great Britain,901
635,Indefatigable (1945),Implacable,Carrier,310,"6""",3+,64/21,"Aircraft 20, Torpedo Belt 2, Carrier, Armored Deck, Advanced Radar",indefatigable_1945.png,royal_navy_ensign.png,Great Britain,902
636,Indomitable,Indomitable,Carrier,220,"6""",3+,59/19,"Aircraft 11, Torpedo Belt 2, Carrier, Armored Deck, Radar",indomitable_1942.png,royal_navy_ensign.png,Great Britain,903
637,Indomitable (1942),Indomitable,Carrier,245,"6""",3+,59/19,"Aircraft 11, Torpedo Belt 2, Carrier, Armored Deck, Radar",indomitable_1942.png,royal_navy_ensign.png,Great Britain,904
638,Indomitable (1943),Indomitable,Carrier,295,"6""",3+,59/19,"Aircraft 14, Torpedo Belt 2, Carrier, Armored Deck, Advanced Radar",indomitable_1942.png,royal_navy_ensign.png,Great Britain,905
639,Indomitable (1944),Indomitable,Carrier,345,"6""",3+,59/19,"Aircraft 14, Torpedo Belt 2, Carrier, Armored Deck, Advanced Radar, Sub-Hunter",indomitable_1944.png,royal_navy_ensign.png,Great Britain,906
640,Indomitable (1945),Indomitable,Carrier,345,"6""",3+,59/19,"Aircraft 14, Torpedo Belt 2, Carrier, Armored Deck, Advanced Radar, Sub-Hunter",indomitable_1944.png,royal_navy_ensign.png,Great Britain,907
641,Malta,Malta,Carrier,325,"6""",3+,114/38,"Aircraft 24, Torpedo Belt 3, Carrier, Advanced Radar",malta_1946.png,royal_navy_ensign.png,Great Britain,908
642,Empire MacAlpine,MAC,Carrier,40,"2""",1+,32/10,"Aircraft 1, Carrier, Radar",mac_1943.png,royal_navy_ensign.png,Great Britain,909
643,Pretoria Castle,Pretoria Castle,Carrier,75,"4""",1+,47/15,"Aircraft 3, Carrier, Advanced Radar",pretoria_castle_1943.png,royal_navy_ensign.png,Great Britain,910
644,Ameer,Ruler,Carrier,85,"4""",1+,31/10,"Aircraft 5, Carrier, Advanced Radar",ruler_1943.png,royal_navy_ensign.png,Great Britain,911
645,Arbiter (1945),Ruler,Carrier,90,"4""",1+,31/10,"Aircraft 5, Carrier, Advanced Radar",ruler_1943.png,royal_navy_ensign.png,Great Britain,912
646,Trouncer (1945),Ruler,Carrier,95,"4""",1+,31/10,"Aircraft 5, Carrier, Advanced Radar",ruler_1943.png,royal_navy_ensign.png,Great Britain,913
647,Unicorn,Unicorn,Carrier,135,"5""",1+,41/13,"Aircraft 9, Carrier, Radar",unicorn_1943.png,royal_navy_ensign.png,Great Britain,914
648,Unicorn (1944),Unicorn,Carrier,150,"5""",1+,41/13,"Aircraft 9, Carrier, Advanced Radar, Sub-Hunter",unicorn_1943.png,royal_navy_ensign.png,Great Britain,915
649,Vindex,Vindex,Carrier,75,"3""",1+,34/11,"Aircraft 4, Carrier, Advanced Radar",vindex_1944.png,royal_navy_ensign.png,Great Britain,916
650,Arethusa,Arethusa,Cruiser,80,"6""",2+,13/4,"Aircraft 1, Agile, Sub Hunter",arethusa_1941.png,royal_navy_ensign.png,Great Britain,917
651,Aurora,Arethusa,Cruiser,80,"6""",2+,13/4,"Agile, Sub Hunter",arethusa_1941.png,royal_navy_ensign.png,Great Britain,918
652,Galatea,Arethusa,Cruiser,90,"6""",2+,13/4,"Aircraft 1, Agile, Sub Hunter",arethusa_1941.png,royal_navy_ensign.png,Great Britain,919
653,Arethusa (1941),Arethusa,Cruiser,90,"6""",2+,13/4,"Agile, Radar, Sub-Hunter",arethusa_1941.png,royal_navy_ensign.png,Great Britain,920
654,Arethusa (1942),Arethusa,Cruiser,100,"6""",2+,13/4,"Agile, Radar, Sub-Hunter",arethusa_1941.png,royal_navy_ensign.png,Great Britain,921
655,Arethusa (1944),Arethusa,Cruiser,110,"6""",2+,13/4,"Agile, Radar, Sub-Hunter",arethusa_1941.png,royal_navy_ensign.png,Great Britain,922
656,Aurora (1940),Arethusa,Cruiser,85,"6""",2+,13/4,"Aircraft 1, Agile, Sub Hunter",arethusa_1941.png,royal_navy_ensign.png,Great Britain,923
657,Aurora (1941),Arethusa,Cruiser,95,"6""",2+,13/4,"Agile, Radar, Sub-Hunter",arethusa_1941.png,royal_navy_ensign.png,Great Britain,924
658,Aurora (1944),Arethusa,Cruiser,100,"6""",2+,13/4,"Aircraft 1, Agile, Radar, Sub-Hunter",arethusa_1941.png,royal_navy_ensign.png,Great Britain,925
659,Galatea (1941),Arethusa,Cruiser,100,"6""",2+,13/4,"Agile, Sub Hunter",arethusa_1941.png,royal_navy_ensign.png,Great Britain,926
660,Penelope (1941),Arethusa,Cruiser,100,"6""",2+,13/4,"Agile, Radar",arethusa_1941.png,royal_navy_ensign.png,Great Britain,927
661,Penelope (1944),Arethusa,Cruiser,105,"6""",2+,13/4,"Agile, Radar",arethusa_1941.png,royal_navy_ensign.png,Great Britain,928
662,Bellona,Bellona,Cruiser,85,"6""",3+,15/5,"Agile, Radar, Sub-Hunter",bellona_1943.png,royal_navy_ensign.png,Great Britain,929
663,Bellona (1945),Bellona,Cruiser,90,"6""",3+,15/5,"Agile, Radar, Sub-Hunter",bellona_1943.png,royal_navy_ensign.png,Great Britain,930
664,Royalist (1943),Bellona,Cruiser,90,"6""",3+,15/5,"Agile, Radar, Sub-Hunter",bellona_1943.png,royal_navy_ensign.png,Great Britain,931
665,Black Prince (1944),Bellona,Cruiser,95,"6""",3+,15/5,"Agile, Radar, Sub-Hunter",bellona_1943.png,royal_navy_ensign.png,Great Britain,932
666,Black Prince (1945),Bellona,Cruiser,95,"6""",3+,15/5,"Agile, Radar, Sub-Hunter",bellona_1943.png,royal_navy_ensign.png,Great Britain,933
667,Coventry,C (Type 1),Cruiser,50,"6""",2+,11/3,Agile,c1_class_1936.png,royal_navy_ensign.png,Great Britain,934
668,Caledon,C (Type 2),Cruiser,70,"6""",2+,10/3,Agile,c2_class_1943.png,royal_navy_ensign.png,Great Britain,935
669,Colombo,C (Type 2),Cruiser,75,"6""",2+,11/3,Agile,c2_class_1943.png,royal_navy_ensign.png,Great Britain,936
670,Caledon (1944),C (Type 2),Cruiser,75,"6""",2+,10/3,Agile,c2_class_1943.png,royal_navy_ensign.png,Great Britain,937
671,Colombo (1945),C (Type 2),Cruiser,80,"6""",2+,11/3,Agile,c2_class_1943.png,royal_navy_ensign.png,Great Britain,938
672,Cairo,C (Type 3A),Cruiser,50,"6""",2+,10/3,Agile,c3a_class_1941.png,royal_navy_ensign.png,Great Britain,939
673,Carlisle,C (Type 3A),Cruiser,55,"6""",2+,11/3,Agile,c3a_class_1941.png,royal_navy_ensign.png,Great Britain,940
674,Cairo (1941),C (Type 3A),Cruiser,60,"6""",2+,10/3,"Agile, Radar",c3a_class_1941.png,royal_navy_ensign.png,Great Britain,941
675,Carlisle (1941),C (Type 3A),Cruiser,70,"6""",2+,11/3,"Agile, Radar",c3a_class_1941.png,royal_navy_ensign.png,Great Britain,942
676,Curacoa (1941),C (Type 3A),Cruiser,65,"6""",2+,11/3,"Agile, Radar",c3a_class_1941.png,royal_navy_ensign.png,Great Britain,943
677,Calypso,C (Type 3B),Cruiser,65,"6""",2+,10/3,Agile,c3b_class_1941.png,royal_navy_ensign.png,Great Britain,944
678,Capetown,C (Type 3B),Cruiser,70,"6""",2+,11/3,Agile,c3b_class_1941.png,royal_navy_ensign.png,Great Britain,945
679,Capetown (1942),C (Type 3B),Cruiser,80,"6""",2+,11/3,"Agile, Radar",c3b_class_1941.png,royal_navy_ensign.png,Great Britain,946
680,Cardiff (1943),C (Type 3B),Cruiser,80,"6""",2+,11/3,"Agile, Radar",c3b_class_1941.png,royal_navy_ensign.png,Great Britain,947
681,Danae,Danae,Cruiser,70,"6""",2+,12/4,Agile,danae_1939.png,royal_navy_ensign.png,Great Britain,948
682,Danae (1943),Danae,Cruiser,80,"6""",2+,12/4,"Agile, Radar",danae_1939.png,royal_navy_ensign.png,Great Britain,949
683,Dauntless (1942),Danae,Cruiser,80,"6""",2+,12/4,"Agile, Radar",danae_1939.png,royal_navy_ensign.png,Great Britain,951
684,Delhi (1942),Danae,Cruiser,60,"6""",2+,12/4,"Agile, Radar",danae_1939.png,royal_navy_ensign.png,Great Britain,952
685,Delhi (1944),Danae,Cruiser,65,"6""",2+,12/4,"Agile, Radar",danae_1939.png,royal_navy_ensign.png,Great Britain,953
686,Diomede (1943),Danae,Cruiser,80,"6""",2+,12/4,"Agile, Radar",danae_1939.png,royal_navy_ensign.png,Great Britain,954
687,Dunedin (1941),Danae,Cruiser,80,"6""",2+,12/4,"Agile, Radar",danae_1939.png,royal_navy_ensign.png,Great Britain,957
688,Dido,Dido (Group 1),Cruiser,90,"6""",3+,14/4,"Agile, Radar, Sub-Hunter",dido1_1940.png,royal_navy_ensign.png,Great Britain,958
689,Bonaventure,Dido (Group 1),Cruiser,80,"6""",3+,14/4,"Agile, Sub-Hunter",dido1_1940.png,royal_navy_ensign.png,Great Britain,959
690,Bonaventure (1941),Dido (Group 1),Cruiser,90,"6""",3+,14/4,"Agile, Radar, Sub-Hunter",dido1_1940.png,royal_navy_ensign.png,Great Britain,960
691,Dido (1942),Dido (Group 1),Cruiser,95,"6""",3+,14/4,"Agile, Radar, Sub-Hunter",dido1_1940.png,royal_navy_ensign.png,Great Britain,961
692,Dido (1943),Dido (Group 1),Cruiser,105,"6""",3+,14/4,"Agile, Radar, Sub-Hunter",dido1_1940.png,royal_navy_ensign.png,Great Britain,962
693,Phoebe (1942),Dido (Group 1),Cruiser,100,"6""",3+,14/4,"Agile, Radar, Sub-Hunter",dido1_1940.png,royal_navy_ensign.png,Great Britain,963
694,Phoebe (1943),Dido (Group 1),Cruiser,110,"6""",3+,14/4,"Agile, Radar, Sub-Hunter",dido1_1940.png,royal_navy_ensign.png,Great Britain,964
695,Argonaut,Dido (Group 2),Cruiser,95,"6""",3+,14/4,"Agile, Radar, Sub-Hunter",dido2_1940.png,royal_navy_ensign.png,Great Britain,965
696,Naiad,Dido (Group 2),Cruiser,85,"6""",3+,14/4,"Agile, Sub-Hunter",dido2_1940.png,royal_navy_ensign.png,Great Britain,966
697,Argonaut (1944),Dido (Group 2),Cruiser,120,"6""",3+,14/4,"Agile, Advanced Radar, Sub-Hunter",dido2_1940.png,royal_navy_ensign.png,Great Britain,967
698,Argonaut (1945),Dido (Group 2),Cruiser,130,"6""",3+,14/4,"Agile, Advanced Radar, Sub-Hunter",dido2_1940.png,royal_navy_ensign.png,Great Britain,968
699,Cleopatra (1945),Dido (Group 2),Cruiser,120,"6""",3+,14/4,"Agile, Advanced Radar, Sub-Hunter",dido2_1940.png,royal_navy_ensign.png,Great Britain,969
700,Euralyus (1943),Dido (Group 2),Cruiser,100,"6""",3+,14/4,"Agile, Radar, Sub-Hunter",dido2_1940.png,royal_navy_ensign.png,Great Britain,970
701,Euralyus (1944),Dido (Group 2),Cruiser,110,"6""",3+,14/4,"Agile, Radar, Sub-Hunter",dido2_1940.png,royal_navy_ensign.png,Great Britain,971
702,Sirius (1944),Dido (Group 2),Cruiser,100,"6""",3+,14/4,"Agile, Radar, Sub-Hunter",dido2_1940.png,royal_navy_ensign.png,Great Britain,972
703,Sirius (1945),Dido (Group 2),Cruiser,110,"6""",3+,14/4,"Agile, Radar, Sub-Hunter",dido2_1940.png,royal_navy_ensign.png,Great Britain,973
704,Charybdis,Dido (Group 3),Cruiser,85,"6""",3+,14/4,"Agile, Radar, Sub-Hunter",dido3_1941.png,royal_navy_ensign.png,Great Britain,974
705,Charybdis (1943),Dido (Group 3),Cruiser,90,"6""",3+,14/4,"Agile, Radar, Sub-Hunter",dido3_1941.png,royal_navy_ensign.png,Great Britain,975
706,Scylla (1944),Dido (Group 3),Cruiser,90,"6""",3+,14/4,"Agile, Radar, Sub-Hunter",dido3_1941.png,royal_navy_ensign.png,Great Britain,976
707,Edinburgh,Edinburgh,Cruiser,130,"6""",3+,26/8,Aircraft 3,edinburgh_1939.png,royal_navy_ensign.png,Great Britain,977
708,Edinburgh (1941),Edinburgh,Cruiser,135,"6""",3+,26/8,Aircraft 3,edinburgh_1939.png,royal_navy_ensign.png,Great Britain,978
709,Edinburgh (1942),Edinburgh,Cruiser,150,"6""",3+,26/8,"Aircraft 3, Radar",edinburgh_1939.png,royal_navy_ensign.png,Great Britain,979
710,Belfast (1943),Edinburgh,Cruiser,135,"6""",3+,26/8,Aircraft 3,edinburgh_1939.png,royal_navy_ensign.png,Great Britain,980
711,Belfast (1944),Edinburgh,Cruiser,170,"6""",3+,26/8,"Aircraft 3, Radar, Sub-Hunter",edinburgh_1939.png,royal_navy_ensign.png,Great Britain,981
712,Belfast (1945),Edinburgh,Cruiser,195,"6""",3+,26/8,"Advanced Radar, Sub-Hunter",edinburgh_1939.png,royal_navy_ensign.png,Great Britain,982
713,Emerald,Emerald,Cruiser,110,"7""",2+,20/6,"Aircraft 1, Sub-Hunter",emerald_1939.png,royal_navy_ensign.png,Great Britain,983
714,Enterprise,Emerald,Cruiser,110,"7""",2+,20/6,"Aircraft 1, Sub-Hunter",emerald_1939.png,royal_navy_ensign.png,Great Britain,984
715,Fiji,Crown Colony (Group 1),Cruiser,135,"6""",3+,21/7,"Aircraft 2, Armored Deck",crown_colony_1940.png,royal_navy_ensign.png,Great Britain,985
716,Fiji (1940),Crown Colony (Group 1),Cruiser,150,"6""",3+,21/7,"Aircraft 2, Armored Deck, Radar",crown_colony_1940.png,royal_navy_ensign.png,Great Britain,986
717,Bermuda (1942),Crown Colony (Group 1),Cruiser,150,"6""",3+,21/7,"Aircraft 2, Armored Deck, Radar",crown_colony_1940.png,royal_navy_ensign.png,Great Britain,987
718,Bermuda (1943),Crown Colony (Group 1),Cruiser,155,"6""",3+,21/7,"Aircraft 2, Armored Deck, Radar",crown_colony_1940.png,royal_navy_ensign.png,Great Britain,988
719,Bermuda (1944),Crown Colony (Group 1),Cruiser,155,"6""",3+,21/7,"Armored Deck, Radar, Sub-Hunter",crown_colony_1940.png,royal_navy_ensign.png,Great Britain,989
720,Bermuda (1945),Crown Colony (Group 1),Cruiser,175,"6""",3+,21/7,"Armored Deck, Advanced Radar, Sub-Hunter",crown_colony_1940.png,royal_navy_ensign.png,Great Britain,990
721,Gambia (1942),Crown Colony (Group 1),Cruiser,155,"6""",3+,21/7,"Aircraft 2, Armored Deck, Radar",crown_colony_1940.png,royal_navy_ensign.png,Great Britain,991
722,Gambia (1943),Crown Colony (Group 1),Cruiser,145,"6""",3+,21/7,"Armored Deck, Radar",crown_colony_1940.png,royal_navy_ensign.png,Great Britain,992
723,Jamaica (1944),Crown Colony (Group 1),Cruiser,165,"6""",3+,21/7,"Aircraft 2, Armored Deck, Radar, Sub-Hunter",crown_colony_1940.png,royal_navy_ensign.png,Great Britain,994
724,Jamaica (1945),Crown Colony (Group 1),Cruiser,165,"6""",3+,21/7,"Armored Deck, Advanced Radar, Sub-Hunter",crown_colony_1940.png,royal_navy_ensign.png,Great Britain,995
725,Kenya (1943),Crown Colony (Group 1),Cruiser,165,"6""",3+,21/7,"Aircraft 2, Armored Deck, Radar",crown_colony_1940.png,royal_navy_ensign.png,Great Britain,996
726,Kenya (1944),Crown Colony (Group 1),Cruiser,175,"6""",3+,21/7,"Aircraft 2, Armored Deck, Radar, Sub-Hunter",crown_colony_1940.png,royal_navy_ensign.png,Great Britain,997
727,Kenya (1945),Crown Colony (Group 1),Cruiser,160,"6""",3+,21/7,"Aircraft 2, Armored Deck, Radar, Sub-Hunter",crown_colony_1940.png,royal_navy_ensign.png,Great Britain,998
728,Mauritius (1943),Crown Colony (Group 1),Cruiser,145,"6""",3+,21/7,"Armored Deck, Radar",crown_colony_1940.png,royal_navy_ensign.png,Great Britain,999
729,Mauritius (1944),Crown Colony (Group 1),Cruiser,155,"6""",3+,21/7,"Armored Deck, Radar, Sub-Hunter",crown_colony_1940.png,royal_navy_ensign.png,Great Britain,1000
730,Mauritius (1945),Crown Colony (Group 1),Cruiser,160,"6""",3+,21/7,"Armored Deck, Radar, Sub-Hunter",crown_colony_1940.png,royal_navy_ensign.png,Great Britain,1001
731,Nigeria (1945),Crown Colony (Group 1),Cruiser,170,"6""",3+,21/7,"Armored Deck, Radar, Sub-Hunter",crown_colony_1940.png,royal_navy_ensign.png,Great Britain,1002
732,Ceylon,Crown Colony (Group 2),Cruiser,125,"6""",3+,22/7,"Aircraft 2, Armored Deck, Radar",crown_colony_1943.png,royal_navy_ensign.png,Great Britain,1003
733,Ceylon (1944),Crown Colony (Group 2),Cruiser,140,"6""",3+,22/7,"Aircraft 2, Armored Deck, Radar, Sub-Hunter",crown_colony_1943.png,royal_navy_ensign.png,Great Britain,1004
734,Ceylon (1945),Crown Colony (Group 2),Cruiser,140,"6""",3+,22/7,"Aircraft 2, Armored Deck, Radar, Sub-Hunter",crown_colony_1943.png,royal_navy_ensign.png,Great Britain,1005
735,Newfoundland (1944),Crown Colony (Group 2),Cruiser,155,"6""",3+,22/7,"Armored Deck, Advanced Radar, Sub-Hunter",crown_colony_1943.png,royal_navy_ensign.png,Great Britain,1006
736,Uganda (1943),Crown Colony (Group 2),Cruiser,130,"6""",3+,22/7,"Aircraft 2, Armored Deck, Radar",crown_colony_1943.png,royal_navy_ensign.png,Great Britain,1007
737,Uganda (1944),Crown Colony (Group 2),Cruiser,135,"6""",3+,22/7,"Aircraft 2, Armored Deck, Radar, Sub-Hunter",crown_colony_1943.png,royal_navy_ensign.png,Great Britain,1008
738,Gloucester,Gloucester,Cruiser,135,"6""",3+,23/7,Aircraft 2,gloucester_1939.png,royal_navy_ensign.png,Great Britain,1010
739,Manchester (1940),Gloucester,Cruiser,150,"6""",3+,23/7,"Aircraft 2, Radar",gloucester_1939.png,royal_navy_ensign.png,Great Britain,1011
740,Manchester (1941),Gloucester,Cruiser,155,"6""",3+,23/7,"Aircraft 2, Radar",gloucester_1939.png,royal_navy_ensign.png,Great Britain,1012
741,Liverpool (1944),Gloucester,Cruiser,160,"6""",3+,23/7,"Aircraft 2, Radar, Sub-Hunter",gloucester_1939.png,royal_navy_ensign.png,Great Britain,1013
742,Liverpool (1945),Gloucester,Cruiser,155,"6""",3+,23/7,"Radar, Sub-Hunter",gloucester_1939.png,royal_navy_ensign.png,Great Britain,1014
743,Hawkins,Hawkins (Group 1),Cruiser,85,"6""",2+,26/8,,hawkins_1939.png,royal_navy_ensign.png,Great Britain,1015
744,Hawkins (1942),Hawkins (Group 1),Cruiser,100,"6""",2+,26/8,Radar,hawkins_1939.png,royal_navy_ensign.png,Great Britain,1016
745,Hawkins (1944),Hawkins (Group 1),Cruiser,90,"6""",2+,26/8,Radar,hawkins_1939.png,royal_navy_ensign.png,Great Britain,1017
746,Frobisher (1942),Hawkins (Group 1),Cruiser,100,"6""",2+,26/8,Radar,hawkins_1939.png,royal_navy_ensign.png,Great Britain,1018
747,Frobisher (1944),Hawkins (Group 1),Cruiser,80,"6""",2+,26/8,Radar,hawkins_1939.png,royal_navy_ensign.png,Great Britain,1019
748,Cavendish,Hawkins (Group 2),Cruiser,90,"6""",2+,25/8,Aircraft 1,hawkins_1939.png,royal_navy_ensign.png,Great Britain,1020
749,Cavendish (1941),Hawkins (Group 2),Cruiser,110,"6""",2+,25/8,Aircraft 2,hawkins_1939.png,royal_navy_ensign.png,Great Britain,1021
750,Kent,Kent,Cruiser,135,"6""",3+,30/10,Aircraft 3,kent_1939.png,royal_navy_ensign.png,Great Britain,1022
751,Kent (1941),Kent,Cruiser,160,"6""",3+,30/10,"Aircraft 3, Radar",kent_1939.png,royal_navy_ensign.png,Great Britain,1023
752,Kent (1943),Kent,Cruiser,150,"6""",3+,30/10,Radar,kent_1939.png,royal_navy_ensign.png,Great Britain,1024
753,Kent (1944),Kent,Cruiser,170,"6""",3+,30/10,"Radar, Sub-Hunter",kent_1939.png,royal_navy_ensign.png,Great Britain,1025
754,Australia,Kent,Cruiser,165,"6""",3+,27/9,Aircraft 1,kent_1939.png,royal_navy_ensign.png,Great Britain,1026
755,Australia (1941),Kent,Cruiser,175,"6""",3+,27/9,"Aircraft 1, Radar",kent_1939.png,royal_navy_ensign.png,Great Britain,1027
756,Australia (1942),Kent,Cruiser,155,"6""",3+,27/9,"Aircraft 1, Radar",kent_1939.png,royal_navy_ensign.png,Great Britain,1028
757,Australia (1944),Kent,Cruiser,175,"6""",3+,27/9,"Radar, Sub-Hunter",kent_1939.png,royal_navy_ensign.png,Great Britain,1029
758,Australia (1945),Kent,Cruiser,155,"6""",3+,27/9,"Radar, Sub-Hunter",kent_1939.png,royal_navy_ensign.png,Great Britain,1030
759,Berwick,Kent,Cruiser,130,"6""",3+,30/10,Aircraft 3,kent_1939.png,royal_navy_ensign.png,Great Britain,1031
760,Berwick (1941),Kent,Cruiser,145,"6""",3+,30/10,"Aircraft 3, Radar",kent_1939.png,royal_navy_ensign.png,Great Britain,1032
761,Berwick (1942),Kent,Cruiser,135,"6""",3+,30/10,Radar,kent_1939.png,royal_navy_ensign.png,Great Britain,1033
762,Berwick (1944),Kent,Cruiser,165,"6""",3+,30/10,"Advanced Radar, Sub-Hunter",kent_1939.png,royal_navy_ensign.png,Great Britain,1034
763,Canberra,Kent,Cruiser,165,"6""",2+,27/9,"Aircraft 1, Armored Deck",kent_1939.png,royal_navy_ensign.png,Great Britain,1035
764,Canberra (1941),Kent,Cruiser,190,"6""",2+,27/9,"Aircraft 1, Armored Deck, Radar",kent_1939.png,royal_navy_ensign.png,Great Britain,1036
765,Canberra (1942),Kent,Cruiser,200,"6""",2+,27/9,"Aircraft 1, Armored Deck, Radar",kent_1939.png,royal_navy_ensign.png,Great Britain,1037
766,Cumberland,Kent,Cruiser,125,"6""",3+,30/10,Aircraft 3,kent_1939.png,royal_navy_ensign.png,Great Britain,1038
767,Cumberland (1941),Kent,Cruiser,135,"6""",3+,30/10,"Aircraft 3, Radar",kent_1939.png,royal_navy_ensign.png,Great Britain,1039
768,Cumberland (1943),Kent,Cruiser,130,"6""",3+,30/10,Radar,kent_1939.png,royal_navy_ensign.png,Great Britain,1040
769,Cumberland (1944),Kent,Cruiser,150,"6""",3+,30/10,"Radar, Sub-Hunter",kent_1939.png,royal_navy_ensign.png,Great Britain,1041
770,Suffolk,Kent,Cruiser,130,"6""",3+,30/10,Aircraft 3,kent_1939.png,royal_navy_ensign.png,Great Britain,1042
771,Suffolk (1941),Kent,Cruiser,150,"6""",3+,30/10,"Aircraft 3, Radar",kent_1939.png,royal_navy_ensign.png,Great Britain,1043
772,Suffolk (1943),Kent,Cruiser,145,"6""",3+,30/10,Radar,kent_1939.png,royal_navy_ensign.png,Great Britain,1044
773,Suffolk (1944),Kent,Cruiser,165,"6""",3+,30/10,"Radar, Sub-Hunter",kent_1939.png,royal_navy_ensign.png,Great Britain,1045
774,Leander,Leander,Cruiser,125,"6""",3+,19/6,"Aircraft 1, Agile, Sub-Hunter",leander_1939.png,royal_navy_ensign.png,Great Britain,1046
775,Leander (1941),Leander,Cruiser,120,"6""",3+,19/6,"Agile, Sub-Hunter",leander_1939.png,royal_navy_ensign.png,Great Britain,1047
776,Achilles,Leander,Cruiser,120,"6""",3+,18/6,"Aircraft 1, Agile, Sub-Hunter",leander_1939.png,royal_navy_ensign.png,Great Britain,1051
777,Ajax,Leander,Cruiser,130,"6""",3+,18/6,"Aircraft 1, Agile, Sub-Hunter",leander_1939.png,royal_navy_ensign.png,Great Britain,1055
778,Ajax (1942),Leander,Cruiser,135,"6""",3+,18/6,"Aircraft 1, Agile, Sub-Hunter, Radar",leander_1939.png,royal_navy_ensign.png,Great Britain,1056
779,Ajax (1943),Leander,Cruiser,140,"6""",3+,18/6,"Aircraft 1, Agile, Sub-Hunter, Radar",leander_1939.png,royal_navy_ensign.png,Great Britain,1057
780,Ajax (1944),Leander,Cruiser,150,"6""",3+,18/6,"Aircraft 1, Agile, Sub-Hunter, Radar",leander_1939.png,royal_navy_ensign.png,Great Britain,1058
781,Neptune (1941),Leander,Cruiser,140,"6""",3+,18/6,"Aircraft 1, Agile, Sub-Hunter, Radar",leander_1939.png,royal_navy_ensign.png,Great Britain,1059
782,Orion (1941),Leander,Cruiser,125,"6""",3+,18/6,"Agile, Sub-Hunter",leander_1939.png,royal_navy_ensign.png,Great Britain,1060
783,Orion (1942),Leander,Cruiser,140,"6""",3+,18/6,"Agile, Sub-Hunter, Radar",leander_1939.png,royal_navy_ensign.png,Great Britain,1061
784,Orion (1943),Leander,Cruiser,145,"6""",3+,18/6,"Agile, Sub-Hunter, Radar",leander_1939.png,royal_navy_ensign.png,Great Britain,1062
785,London,London,Cruiser,175,"6""",2+,27/9,"Aircraft 1, Armored Deck",london_1939.png,royal_navy_ensign.png,Great Britain,1063
786,London (1941),London,Cruiser,220,"6""",3+,29/9,"Aircraft 2, Radar",london_1939.png,royal_navy_ensign.png,Great Britain,1064
787,London (1942),London,Cruiser,225,"6""",3+,29/9,"Aircraft 2, Radar",london_1939.png,royal_navy_ensign.png,Great Britain,1065
788,London (1943),London,Cruiser,215,"6""",3+,29/9,Radar,london_1939.png,royal_navy_ensign.png,Great Britain,1066
789,London (1944),London,Cruiser,235,"6""",3+,29/9,"Radar, Sub-Hunter",london_1939.png,royal_navy_ensign.png,Great Britain,1067
790,London (1945),London,Cruiser,240,"6""",3+,29/9,"Radar, Sub-Hunter",london_1939.png,royal_navy_ensign.png,Great Britain,1068
791,Devonshire (1941),London,Cruiser,200,"6""",2+,27/9,"Aircraft 1, Armored Deck, Radar",london_1939.png,royal_navy_ensign.png,Great Britain,1069
792,Devonshire (1943),London,Cruiser,220,"6""",2+,27/9,"Aircraft 1, Armored Deck, Radar",london_1939.png,royal_navy_ensign.png,Great Britain,1070
793,Devonshire (1944),London,Cruiser,220,"6""",2+,27/9,"Armored Deck, Advanced Radar, Sub-Hunter",london_1939.png,royal_navy_ensign.png,Great Britain,1071
794,Shropshire (1941),London,Cruiser,185,"6""",2+,27/9,"Aircraft 1, Armored Deck",london_1939.png,royal_navy_ensign.png,Great Britain,1072
795,Shropshire (1942),London,Cruiser,205,"6""",2+,27/9,"Aircraft 1, Armored Deck, Radar",london_1939.png,royal_navy_ensign.png,Great Britain,1073
796,Sussex (1942),London,Cruiser,195,"6""",2+,27/9,"Aircraft 1, Armored Deck, Radar",sussex_1942.png,royal_navy_ensign.png,Great Britain,1077
797,Sussex (1944),London,Cruiser,200,"6""",2+,27/9,"Armored Deck, Radar, Sub-Hunter",sussex_1942.png,royal_navy_ensign.png,Great Britain,1078
798,Sussex (1945),London,Cruiser,190,"6""",2+,27/9,"Armored Deck, Advanced Radar, Sub-Hunter",sussex_1942.png,royal_navy_ensign.png,Great Britain,1079
799,Norfolk,Norfolk,Cruiser,185,"6""",2+,29/9,"Aircraft 1, Armored Deck",norfolk_1939.png,royal_navy_ensign.png,Great Britain,1080
800,Norfolk (1941),Norfolk,Cruiser,205,"6""",2+,29/9,"Aircraft 1, Armored Deck, Radar",norfolk_1939.png,royal_navy_ensign.png,Great Britain,1081
801,Norfolk (1943),Norfolk,Cruiser,200,"6""",2+,29/9,"Armored Deck, Radar",norfolk_1943.png,royal_navy_ensign.png,Great Britain,1082
802,Norfolk (1944),Norfolk,Cruiser,220,"6""",2+,29/9,"Armored Deck, Radar, Sub-Hunter",norfolk_1943.png,royal_navy_ensign.png,Great Britain,1083
803,Norfolk (1945),Norfolk,Cruiser,240,"6""",2+,29/9,"Armored Deck, Advanced Radar, Sub-Hunter",norfolk_1943.png,royal_navy_ensign.png,Great Britain,1084
804,Dorsetshire (1941),Norfolk,Cruiser,180,"6""",2+,27/9,"Aircraft 1, Armored Deck",norfolk_1941.png,royal_navy_ensign.png,Great Britain,1085
805,Southampton,Southampton,Cruiser,135,"6""",3+,23/7,Aircraft 2,southampton_1939.png,royal_navy_ensign.png,Great Britain,1091
806,Birmingham (1942),Southampton,Cruiser,150,"6""",3+,23/7,"Aircraft 2, Radar",southampton_1939.png,royal_navy_ensign.png,Great Britain,1092
807,Birmingham (1943),Southampton,Cruiser,150,"6""",3+,23/7,Radar,southampton_1939.png,royal_navy_ensign.png,Great Britain,1093
808,Birmingham (1944),Southampton,Cruiser,200,"6""",3+,23/7,"Advanced Radar, Sub-Hunter",southampton_1939.png,royal_navy_ensign.png,Great Britain,1094
809,Sheffield (1943),Southampton,Cruiser,155,"6""",3+,23/7,"Aircraft 2, Radar",southampton_1939.png,royal_navy_ensign.png,Great Britain,1095
810,Sheffield (1944),Southampton,Cruiser,170,"6""",3+,23/7,"Radar, Sub-Hunter",southampton_1939.png,royal_navy_ensign.png,Great Britain,1096
811,Sheffield (1945),Southampton,Cruiser,195,"6""",3+,23/7,"Advanced Radar, Sub-Hunter",southampton_1939.png,royal_navy_ensign.png,Great Britain,1097
812,Glasgow (1940),Southampton,Cruiser,150,"6""",3+,23/7,"Aircraft 2, Radar",southampton_1939.png,royal_navy_ensign.png,Great Britain,1098
813,Glasgow (1943),Southampton,Cruiser,155,"6""",3+,23/7,"Aircraft 2, Radar",southampton_1939.png,royal_navy_ensign.png,Great Britain,1099
814,Glasgow (1944),Southampton,Cruiser,175,"6""",3+,23/7,"Aircraft 2, Radar, Sub-Hunter",southampton_1939.png,royal_navy_ensign.png,Great Britain,1100
815,Glasgow (1945),Southampton,Cruiser,195,"6""",3+,23/7,"Advanced Radar, Sub-Hunter",southampton_1939.png,royal_navy_ensign.png,Great Britain,1101
816,Newcastle (1941),Southampton,Cruiser,150,"6""",3+,23/7,"Aircraft 2, Radar",southampton_1939.png,royal_navy_ensign.png,Great Britain,1102
817,Newcastle (1942),Southampton,Cruiser,155,"6""",3+,23/7,"Aircraft 2, Radar",southampton_1939.png,royal_navy_ensign.png,Great Britain,1103
818,Newcastle (1943),Southampton,Cruiser,155,"6""",3+,23/7,Radar,southampton_1939.png,royal_navy_ensign.png,Great Britain,1104
819,Newcastle (1944),Southampton,Cruiser,175,"6""",3+,23/7,"Radar, Sub-Hunter",southampton_1939.png,royal_navy_ensign.png,Great Britain,1105
820,Swiftsure,Swiftsure,Cruiser,125,"6""",3+,23/7,"Armored Deck, Advanced Radar, Sub-Hunter",swiftsure_1944.png,royal_navy_ensign.png,Great Britain,1106
821,Swiftsure (1945),Swiftsure,Cruiser,130,"6""",3+,23/7,"Armored Deck, Advanced Radar, Sub-Hunter",swiftsure_1944.png,royal_navy_ensign.png,Great Britain,1107
822,Tiger,Tiger,Cruiser,125,"6""",3+,23/7,"Armored Deck, Advanced Radar, Sub-Hunter",tiger_1945.png,royal_navy_ensign.png,Great Britain,1109
823,York,York,Cruiser,115,"6""",3+,21/7,Aircraft 1,york_1939.png,royal_navy_ensign.png,Great Britain,1110
824,Exeter (1941),York,Cruiser,135,"6""",3+,21/7,"Aircraft 1, Radar",york_1939.png,royal_navy_ensign.png,Great Britain,1111
825,Acasta,A & B,Destroyer,40,"7""",1+,4/1,Agile,a_and_b_1939.png,royal_navy_ensign.png,Great Britain,1112
826,Achates (1940),A & B,Destroyer,30,"7""",1+,4/1,Agile,a_and_b_1939.png,royal_navy_ensign.png,Great Britain,1113
827,Achates (1942),A & B,Destroyer,30,"7""",1+,4/1,"Agile, Radar",a_and_b_1939.png,royal_navy_ensign.png,Great Britain,1114
828,Active (1941),A & B,Destroyer,25,"7""",1+,4/1,Agile,a_and_b_1939.png,royal_navy_ensign.png,Great Britain,1115
829,Active (1942),A & B,Destroyer,30,"7""",1+,4/1,"Agile, Radar",a_and_b_1939.png,royal_navy_ensign.png,Great Britain,1116
830,Active (1944),A & B,Destroyer,35,"7""",1+,4/1,"Agile, Radar",a_and_b_1939.png,royal_navy_ensign.png,Great Britain,1117
831,Anthony (1942),A & B,Destroyer,40,"7""",1+,4/1,"Agile, Radar",a_and_b_1939.png,royal_navy_ensign.png,Great Britain,1118
832,Anthony (1943),A & B,Destroyer,30,"7""",1+,4/1,"Agile, Radar",a_and_b_1939.png,royal_navy_ensign.png,Great Britain,1119
833,Anthony (1944),A & B,Destroyer,35,"7""",1+,4/1,"Agile, Radar",a_and_b_1939.png,royal_navy_ensign.png,Great Britain,1120
834,Beagle (1943),A & B,Destroyer,30,"7""",1+,4/1,"Agile, Radar",a_and_b_1939.png,royal_navy_ensign.png,Great Britain,1121
835,Boadicea (1941),A & B,Destroyer,30,"7""",1+,4/1,"Agile, Radar",a_and_b_1939.png,royal_navy_ensign.png,Great Britain,1122
836,Sabre,Admiralty S,Destroyer,50,"7""",1+,3/1,"Agile, Depth Charge",admiralty_s_1939.png,royal_navy_ensign.png,Great Britain,1124
837,Sabre (1941),Admiralty S,Destroyer,60,"7""",1+,3/1,"Agile, Depth Charge (2), Sub-Hunter",admiralty_s_1939.png,royal_navy_ensign.png,Great Britain,1125
838,Sabre (1941),Admiralty S,Destroyer,70,"7""",1+,3/1,"Agile, Depth Charge (3), Sub-Hunter, Radar",admiralty_s_1939.png,royal_navy_ensign.png,Great Britain,1126
839,Thracian,Admiralty S,Destroyer,60,"7""",1+,3/1,Agile,admiralty_s_1939.png,royal_navy_ensign.png,Great Britain,1127
840,Vanity,Admiralty V & W,Destroyer,25,"7""",1+,3/1,"Agile, Depth Charge",admiralty_v_1939.png,royal_navy_ensign.png,Great Britain,1129
841,Vanity (1939),Admiralty V & W,Destroyer,25,"7""",1+,3/1,Agile,admiralty_v_1939.png,royal_navy_ensign.png,Great Britain,1130
842,Vanity (1941),Admiralty V & W,Destroyer,30,"7""",1+,3/1,"Agile, Radar",admiralty_v_1939.png,royal_navy_ensign.png,Great Britain,1131
843,Vimiera,Admiralty V & W,Destroyer,20,"7""",1+,3/1,"Agile, Depth Charge",admiralty_v_1939.png,royal_navy_ensign.png,Great Britain,1132
844,Wakeful,Admiralty V & W,Destroyer,30,"7""",1+,3/1,"Agile, Depth Charge, Sub-Hunter",admiralty_v_1939.png,royal_navy_ensign.png,Great Britain,1133
845,Vanessa (1940),Admiralty V & W,Destroyer,15,"7""",1+,3/1,"Agile, Depth Charge",admiralty_v_1939.png,royal_navy_ensign.png,Great Britain,1134
846,Vanessa (1942),Admiralty V & W,Destroyer,40,"5""",1+,4/1,"Agile, Depth Charge, Sub-Hunter, Radar",admiralty_v_1939.png,royal_navy_ensign.png,Great Britain,1135
847,Vanoc (1940),Admiralty V & W,Destroyer,15,"7""",1+,3/1,"Agile, Depth Charge",admiralty_v_1939.png,royal_navy_ensign.png,Great Britain,1136
848,Vanoc (1943),Admiralty V & W,Destroyer,25,"7""",1+,3/1,"Agile, Depth Charge, Sub-Hunter",admiralty_v_1939.png,royal_navy_ensign.png,Great Britain,1137
849,Vanoc (1944),Admiralty V & W,Destroyer,40,"5""",1+,4/1,"Agile, Depth Charge, Sub-Hunter, Radar",admiralty_v_1939.png,royal_navy_ensign.png,Great Britain,1138
850,Vivacious (1943),Admiralty V & W,Destroyer,25,"7""",1+,3/1,"Agile, Depth Charge, Radar, Sub-Hunter",admiralty_v_1939.png,royal_navy_ensign.png,Great Britain,1142
851,Vortigern (1941),Admiralty V & W,Destroyer,25,"7""",1+,3/1,"Agile, Depth Charge, Sub-Hunter",admiralty_v_1939.png,royal_navy_ensign.png,Great Britain,1143
852,Walpole (1944),Admiralty V & W,Destroyer,20,"7""",1+,3/1,"Agile, Depth Charge, Radar",admiralty_v_1939.png,royal_navy_ensign.png,Great Britain,1144
853,Windsor (1940),Admiralty V & W,Destroyer,20,"7""",1+,3/1,"Agile, Depth Charge, Sub-Hunter",admiralty_v_1939.png,royal_navy_ensign.png,Great Britain,1145
854,Windsor (1943),Admiralty V & W,Destroyer,25,"7""",1+,3/1,"Agile, Depth Charge, Sub-Hunter, Radar",admiralty_v_1939.png,royal_navy_ensign.png,Great Britain,1146
855,Westcott (1941),Admiralty V & W,Destroyer,30,"5""",1+,4/1,"Agile, Depth Charge",admiralty_v_1939.png,royal_navy_ensign.png,Great Britain,1147
856,Westcott (1943),Admiralty V & W,Destroyer,45,"5""",1+,4/1,"Agile, Depth Charge, Sub-Hunter, Radar",admiralty_v_1939.png,royal_navy_ensign.png,Great Britain,1148
857,Viscount (1942),Admiralty V & W,Destroyer,50,"5""",1+,4/1,"Agile, Depth Charge, Sub-Hunter, Radar",admiralty_v_1939.png,royal_navy_ensign.png,Great Britain,1149
858,Viscount (1943),Admiralty V & W,Destroyer,40,"5""",1+,4/1,"Agile, Depth Charge, Sub-Hunter, Radar",admiralty_v_1939.png,royal_navy_ensign.png,Great Britain,1150
859,Vanquisher (1943),Admiralty V & W,Destroyer,40,"5""",1+,4/1,"Agile, Depth Charge, Sub-Hunter, Radar",admiralty_v_1939.png,royal_navy_ensign.png,Great Britain,1151
860,Dainty,C & D,Destroyer,45,"7""",1+,4/1,Agile,c_and_d_1939.png,royal_navy_ensign.png,Great Britain,1159
861,Dainty (1940),C & D,Destroyer,35,"7""",1+,4/1,Agile,c_and_d_1939.png,royal_navy_ensign.png,Great Britain,1160
862,Decoy (1941),C & D,Destroyer,30,"7""",1+,4/1,Agile,c_and_d_1939.png,royal_navy_ensign.png,Great Britain,1161
863,Duncan (1942),C & D,Destroyer,35,"7""",1+,4/1,"Agile, Radar",c_and_d_1939.png,royal_navy_ensign.png,Great Britain,1163
864,Electra,E & F,Destroyer,45,"7""",1+,4/1,"Agile, Depth Charge",e_and_f_1939.png,royal_navy_ensign.png,Great Britain,1164
865,Electra (1940),E & F,Destroyer,35,"7""",1+,4/1,"Agile, Depth Charge",e_and_f_1939.png,royal_navy_ensign.png,Great Britain,1165
866,Electra (1941),E & F,Destroyer,40,"7""",1+,4/1,"Agile, Depth Charge, Radar",e_and_f_1939.png,royal_navy_ensign.png,Great Britain,1166
867,Escapade (1943),E & F,Destroyer,35,"7""",1+,4/1,"Agile, Depth Charge, Radar",e_and_f_1939.png,royal_navy_ensign.png,Great Britain,1168
868,Escapade (1944),E & F,Destroyer,40,"7""",1+,4/1,"Agile, Depth Charge, Advanced Radar",e_and_f_1939.png,royal_navy_ensign.png,Great Britain,1169
869,Fame (1941),E & F,Destroyer,30,"7""",1+,4/1,"Agile, Depth Charge",e_and_f_1939.png,royal_navy_ensign.png,Great Britain,1171
870,Fame (1942),E & F,Destroyer,35,"7""",1+,4/1,"Agile, Depth Charge, Radar",e_and_f_1939.png,royal_navy_ensign.png,Great Britain,1172
871,Fearless (1941),E & F,Destroyer,35,"7""",1+,4/1,"Agile, Depth Charge, Radar",e_and_f_1939.png,royal_navy_ensign.png,Great Britain,1173
872,Forester (1943),E & F,Destroyer,35,"7""",1+,4/1,"Agile, Depth Charge, Radar",e_and_f_1939.png,royal_navy_ensign.png,Great Britain,1174
873,Faulknor (1941),E & F,Destroyer,35,"7""",1+,4/1,"Agile, Depth Charge",e_and_f_1939.png,royal_navy_ensign.png,Great Britain,1177
874,Faulknor (1942),E & F,Destroyer,50,"7""",1+,4/1,"Agile, Depth Charge, Radar",e_and_f_1939.png,royal_navy_ensign.png,Great Britain,1178
875,Faulknor (1944),E & F,Destroyer,50,"7""",1+,4/1,"Agile, Depth Charge, Radar",e_and_f_1939.png,royal_navy_ensign.png,Great Britain,1179
876,Gallant,G & H,Destroyer,45,"7""",1+,4/1,"Agile, Depth Charge",g_and_h_1939.png,royal_navy_ensign.png,Great Britain,1180
877,Hasty,G & H,Destroyer,50,"7""",1+,4/1,"Agile, Depth Charge, Sub-Hunter",g_and_h_1939.png,royal_navy_ensign.png,Great Britain,1181
878,Glowworm,G & H,Destroyer,50,"7""",1+,4/1,"Agile, Depth Charge",g_and_h_1939.png,royal_navy_ensign.png,Great Britain,1182
879,Grafton (1940),G & H,Destroyer,35,"7""",1+,4/1,"Agile, Depth Charge",g_and_h_1939.png,royal_navy_ensign.png,Great Britain,1183
880,Griffon (1941),G & H,Destroyer,35,"7""",1+,4/1,"Agile, Depth Charge, Radar",g_and_h_1939.png,royal_navy_ensign.png,Great Britain,1188
881,Hotspur (1943),G & H,Destroyer,35,"7""",1+,4/1,"Agile, Depth Charge, Radar",g_and_h_1939.png,royal_navy_ensign.png,Great Britain,1190
882,Hunt,Hunt,Destroyer,30,"6""",1+,3/1,"Agile, Depth Charge, Radar, Sub-Hunter",hunt_1939.png,royal_navy_ensign.png,Great Britain,1192
883,Hunt (1941),Hunt,Destroyer,35,"6""",1+,3/1,"Agile, Depth Charge, Radar, Sub-Hunter",hunt_1939.png,royal_navy_ensign.png,Great Britain,1193
884,Hunt (1942),Hunt,Destroyer,50,"6""",1+,3/1,"Agile, Depth Charge (3), Radar, Sub-Hunter",hunt_1939.png,royal_navy_ensign.png,Great Britain,1194
885,Hunt (1945),Hunt,Destroyer,55,"6""",1+,3/1,"Agile, Depth Charge (3), Radar, Sub-Hunter",hunt_1939.png,royal_navy_ensign.png,Great Britain,1195
886,Icarus,I,Destroyer,50,"7""",1+,4/1,"Agile, Depth Charge, Sub-Hunter",i_1939.png,royal_navy_ensign.png,Great Britain,1196
887,Icarus (1940),I,Destroyer,40,"7""",1+,4/1,"Agile, Depth Charge, Sub-Hunter",i_1939.png,royal_navy_ensign.png,Great Britain,1197
888,Icarus (1942),I,Destroyer,40,"7""",1+,4/1,"Agile, Depth Charge, Sub-Hunter, Radar",i_1939.png,royal_navy_ensign.png,Great Britain,1198
889,Icarus (1943),I,Destroyer,35,"7""",1+,4/1,"Agile, Depth Charge, Sub-Hunter, Radar",i_1939.png,royal_navy_ensign.png,Great Britain,1199
890,Impulsive (1943),I,Destroyer,40,"7""",1+,4/1,"Agile, Depth Charge, Sub-Hunter, Radar",i_1939.png,royal_navy_ensign.png,Great Britain,1200
891,Imperial (1941),I,Destroyer,45,"7""",1+,4/1,"Agile, Depth Charge, Sub-Hunter, Radar",i_1939.png,royal_navy_ensign.png,Great Britain,1201
892,Inglefield (1942),I,Destroyer,50,"7""",1+,4/1,"Agile, Depth Charge, Sub-Hunter, Radar",i_1939.png,royal_navy_ensign.png,Great Britain,1202
893,Isis (1942),I,Destroyer,35,"7""",1+,4/1,"Agile, Depth Charge, Sub-Hunter",i_1939.png,royal_navy_ensign.png,Great Britain,1203
894,Isis (1943),I,Destroyer,40,"7""",1+,4/1,"Agile, Depth Charge, Sub-Hunter, Radar",i_1939.png,royal_navy_ensign.png,Great Britain,1204
895,Jackal,"J, K & N",Destroyer,50,"7""",1+,5/2,"Agile, Depth Charge, Sub-Hunter",j_k_and_n_1939.png,royal_navy_ensign.png,Great Britain,1205
896,Jackal (1941),"J, K & N",Destroyer,50,"7""",1+,5/2,"Agile, Depth Charge, Sub-Hunter, Radar",j_k_and_n_1939.png,royal_navy_ensign.png,Great Britain,1206
897,Javelin (1943),"J, K & N",Destroyer,60,"7""",1+,5/2,"Agile, Depth Charge, Sub-Hunter, Radar",j_k_and_n_1939.png,royal_navy_ensign.png,Great Britain,1207
898,Juno (1941),"J, K & N",Destroyer,55,"7""",1+,5/2,"Agile, Depth Charge, Sub-Hunter, Radar",j_k_and_n_1939.png,royal_navy_ensign.png,Great Britain,1208
899,Norseman,"J, K & N",Destroyer,50,"7""",1+,5/2,"Agile, Depth Charge, Sub-Hunter",j_k_and_n_1939.png,royal_navy_ensign.png,Great Britain,1209
900,Legion,L (Group 1),Destroyer,55,"7""",1+,5/2,"Agile, Depth Charge, Sub-Hunter",l1_class_1941.png,royal_navy_ensign.png,Great Britain,1219
901,Legion (1945),L (Group 1),Destroyer,60,"7""",1+,5/2,"Agile, Depth Charge, Sub-Hunter, Radar",l1_class_1941.png,royal_navy_ensign.png,Great Britain,1220
902,Lightning,L (Group 2),Destroyer,55,"7""",1+,5/2,"Agile, Depth Charge, Sub-Hunter, Radar",l1_class_1941.png,royal_navy_ensign.png,Great Britain,1221
903,Musketeer,M,Destroyer,55,"7""",1+,5/2,"Agile, Depth Charge, Sub-Hunter, Radar",m_class_1941.png,royal_navy_ensign.png,Great Britain,1222
904,Onslaught,O (Group 1),Destroyer,50,"7""",1+,4/1,"Agile, Depth Charge, Sub-Hunter, Radar",o1_class_1941.png,royal_navy_ensign.png,Great Britain,1223
905,Onslaught (1944),O (Group 1),Destroyer,60,"7""",1+,4/1,"Agile, Depth Charge, Sub-Hunter, Radar",o1_class_1941.png,royal_navy_ensign.png,Great Britain,1224
906,Offa (1945),O (Group 1),Destroyer,55,"7""",1+,4/1,"Agile, Depth Charge, Sub-Hunter, Advanced Radar",o1_class_1941.png,royal_navy_ensign.png,Great Britain,1225
907,Onslow (1945),O (Group 1),Destroyer,65,"7""",1+,4/1,"Agile, Depth Charge, Sub-Hunter, Advanced Radar",o1_class_1941.png,royal_navy_ensign.png,Great Britain,1226
908,Obedient,O (Group 2),Destroyer,60,"7""",1+,4/1,"Agile, Depth Charge, Sub-Hunter, Radar",o1_class_1941.png,royal_navy_ensign.png,Great Britain,1227
909,Obedient (1945),O (Group 2),Destroyer,65,"7""",1+,4/1,"Agile, Depth Charge, Sub-Hunter, Advanced Radar",o1_class_1941.png,royal_navy_ensign.png,Great Britain,1228
910,Paladin,P,Destroyer,60,"7""",1+,4/1,"Agile, Depth Charge, Sub-Hunter, Radar",p_class_1943.png,royal_navy_ensign.png,Great Britain,1229
911,Saumarez,S,Destroyer,50,"7""",1+,5/1,"Agile, Depth Charge, Sub-Hunter, Radar",s_class_1943.png,royal_navy_ensign.png,Great Britain,1230
912,Saumarez (1945),S,Destroyer,60,"7""",1+,5/1,"Agile, Depth Charge, Sub-Hunter, Advanced Radar",s_class_1943.png,royal_navy_ensign.png,Great Britain,1231
913,Savage,S,Destroyer,70,"7""",1+,5/1,"Agile, Depth Charge, Sub-Hunter, Radar",s_class_1943.png,royal_navy_ensign.png,Great Britain,1233
914,Scorpion (1945),S,Destroyer,55,"7""",1+,5/1,"Agile, Depth Charge, Sub-Hunter, Advanced Radar",s_class_1943.png,royal_navy_ensign.png,Great Britain,1234
915,Campbell,Scott,Destroyer,50,"7""",1+,4/1,"Aircraft 2, Agile, Depth Charge",scott_1939.png,royal_navy_ensign.png,Great Britain,1235
916,Campbell (1941),Scott,Destroyer,50,"6""",1+,4/1,"Aircraft 2, Agile, Depth Charge, Radar",scott_1939.png,royal_navy_ensign.png,Great Britain,1236
917,Campbell (1944),Scott,Destroyer,55,"6""",1+,4/1,"Aircraft 2, Agile, Depth Charge, Radar",scott_1939.png,royal_navy_ensign.png,Great Britain,1237
918,Douglas (1942),Scott,Destroyer,60,"6""",1+,4/1,"Aircraft 2, Agile, Depth Charge (2), Radar, Sub-Hunter, Hedgehog",scott_1939.png,royal_navy_ensign.png,Great Britain,1238
919,Mackay (1941),Scott,Destroyer,50,"6""",1+,4/1,"Aircraft 2, Agile, Depth Charge, Radar",scott_1939.png,royal_navy_ensign.png,Great Britain,1239
920,Mackay (1942),Scott,Destroyer,55,"6""",1+,4/1,"Aircraft 2, Agile, Depth Charge (2), Radar, Hedgehog",scott_1939.png,royal_navy_ensign.png,Great Britain,1240
921,Mackay (1944),Scott,Destroyer,60,"6""",1+,4/1,"Aircraft 2, Agile, Depth Charge (2), Radar, Hedgehog",scott_1939.png,royal_navy_ensign.png,Great Britain,1241
922,Malcolm (1942),Scott,Destroyer,45,"6""",1+,4/1,"Aircraft 2, Agile, Depth Charge, Radar",scott_1939.png,royal_navy_ensign.png,Great Britain,1242
923,Malcolm (1943),Scott,Destroyer,55,"6""",1+,4/1,"Aircraft 2, Agile, Depth Charge (2), Radar, Sub-Hunter",scott_1939.png,royal_navy_ensign.png,Great Britain,1243
924,Montrose (1942),Scott,Destroyer,45,"6""",1+,4/1,"Aircraft 2, Agile, Depth Charge, Radar",scott_1939.png,royal_navy_ensign.png,Great Britain,1244
925,Montrose (1944),Scott,Destroyer,50,"6""",1+,4/1,"Aircraft 2, Agile, Depth Charge, Radar",scott_1939.png,royal_navy_ensign.png,Great Britain,1245
926,Keppel,Shakespeare,Destroyer,50,"7""",1+,4/1,"Agile, Depth Charge",shakespeare_1939.png,royal_navy_ensign.png,Great Britain,1250
927,Keppel (1941),Shakespeare,Destroyer,45,"7""",1+,4/1,"Agile, Depth Charge",shakespeare_1939.png,royal_navy_ensign.png,Great Britain,1251
928,Keppel (1942),Shakespeare,Destroyer,55,"7""",1+,4/1,"Agile, Depth Charge, Radar, Hedgehog",shakespeare_1939.png,royal_navy_ensign.png,Great Britain,1252
929,Keppel (1944),Shakespeare,Destroyer,55,"6""",1+,4/1,"Agile, Depth Charge (2), Radar, Hedgehog",shakespeare_1939.png,royal_navy_ensign.png,Great Britain,1253
930,Broke (1942),Shakespeare,Destroyer,60,"6""",1+,4/1,"Agile, Depth Charge (2), Radar, Hedgehog",shakespeare_1939.png,royal_navy_ensign.png,Great Britain,1254
931,Wallace,Shakespeare,Destroyer,30,"7""",1+,4/1,"Agile, Depth Charge, Sub-Hunter",shakespeare_wair.png,royal_navy_ensign.png,Great Britain,1255
932,Wallace (1941),Shakespeare,Destroyer,35,"7""",1+,4/1,"Agile, Depth Charge, Sub-Hunter, Radar",shakespeare_wair.png,royal_navy_ensign.png,Great Britain,1256
933,Wallace (1943),Shakespeare,Destroyer,40,"7""",1+,4/1,"Agile, Depth Charge, Sub-Hunter, Radar",shakespeare_wair.png,royal_navy_ensign.png,Great Britain,1257
934,Ashanti,Tribal,Destroyer,35,"7""",1+,5/2,"Sub-Hunter, Depth Charge",tribal_1939.png,royal_navy_ensign.png,Great Britain,1258
935,Ashanti (1941),Tribal,Destroyer,45,"7""",1+,5/2,"Sub-Hunter, Depth Charge, Radar",tribal_1939.png,royal_navy_ensign.png,Great Britain,1259
936,Ashanti (1944),Tribal,Destroyer,50,"7""",1+,5/2,"Sub-Hunter, Depth Charge, Advanced Radar",tribal_1939.png,royal_navy_ensign.png,Great Britain,1260
937,Cossack (1940),Tribal,Destroyer,45,"7""",1+,5/2,"Sub-Hunter, Depth Charge, Radar",tribal_1939.png,royal_navy_ensign.png,Great Britain,1261
938,Eskimo (1940),Tribal,Destroyer,40,"7""",1+,5/2,"Sub-Hunter, Depth Charge",tribal_1939.png,royal_navy_ensign.png,Great Britain,1262
939,Eskimo (1941),Tribal,Destroyer,45,"7""",1+,5/2,"Sub-Hunter, Depth Charge, Radar",tribal_1939.png,royal_navy_ensign.png,Great Britain,1263
940,Eskimo (1944),Tribal,Destroyer,50,"7""",1+,5/2,"Sub-Hunter, Depth Charge, Advanced Radar",tribal_1939.png,royal_navy_ensign.png,Great Britain,1264
941,Nubian (1942),Tribal,Destroyer,45,"7""",1+,5/2,"Sub-Hunter, Depth Charge, Radar",tribal_1939.png,royal_navy_ensign.png,Great Britain,1265
942,Nubian (1944),Tribal,Destroyer,55,"7""",1+,5/2,"Sub-Hunter, Depth Charge, Advanced Radar",tribal_1939.png,royal_navy_ensign.png,Great Britain,1266
943,Erebus,Erebus,Battleship,110,"2""",3+,17/5,"Torpedo Belt 2, Agile, Armored Deck",erebus_1939.png,royal_navy_ensign.png,Great Britain,1267
944,Erebus (1943),Erebus,Battleship,130,"2""",3+,17/5,"Torpedo Belt 2, Agile, Armored Deck, Radar",erebus_1939.png,royal_navy_ensign.png,Great Britain,1268
945,Erebus (1944),Erebus,Battleship,160,"2""",3+,20/6,"Torpedo Belt 2, Agile, Armored Deck, Radar",erebus_1939.png,royal_navy_ensign.png,Great Britain,1269
946,Erebus (1945),Erebus,Battleship,170,"2""",3+,20/6,"Torpedo Belt 2, Agile, Armored Deck, Advanced Radar",erebus_1939.png,royal_navy_ensign.png,Great Britain,1270
947,Terror (1941),Erebus,Battleship,115,"2""",3+,19/6,"Torpedo Belt 2, Agile, Armored Deck",erebus_1939.png,royal_navy_ensign.png,Great Britain,1271
948,Abelia,Flower,Destroyer,25,"3""",1+,2/1,"Agile, Depth Charge, Radar, Sub-Hunter",flower_1943.png,royal_navy_ensign.png,Great Britain,1272
949,Abelia (1942),Flower,Destroyer,35,"3""",1+,2/1,"Agile, Depth Charge, Radar, Sub-Hunter, Hedgehog",flower_1943.png,royal_navy_ensign.png,Great Britain,1273
950,Loch Achanalt,Loch,Destroyer,50,"3""",1+,2/1,"Agile, Depth Charge, Advanced Radar, Sub-Hunter, Squid",loch_1944.png,royal_navy_ensign.png,Great Britain,1274
951,Loch Achanalt (1945),Loch,Destroyer,60,"3""",1+,2/1,"Agile, Depth Charge, Advanced Radar, Sub-Hunter, Squid",loch_1944.png,royal_navy_ensign.png,Great Britain,1275
952,Roberts,Roberts,Battleship,120,"2""",3+,18/6,"Torpedo Belt 2, Agile, Armored Deck, Radar",roberts_1941.png,royal_navy_ensign.png,Great Britain,1276
953,Roberts (1945),Roberts,Battleship,135,"2""",3+,19/6,"Torpedo Belt 2, Agile, Armored Deck, Radar",roberts_1941.png,royal_navy_ensign.png,Great Britain,1277
954,Abercrombie (1943),Roberts,Battleship,125,"2""",3+,19/6,"Torpedo Belt 2, Agile, Armored Deck, Radar",roberts_1941.png,royal_navy_ensign.png,Great Britain,1278
955,Abercrombie (1945),Roberts,Battleship,160,"2""",3+,20/6,"Torpedo Belt 2, Agile, Armored Deck, Advanced Radar",roberts_1941.png,royal_navy_ensign.png,Great Britain,1279
956,Dorsetshire,Norfolk,Cruiser,175,"6""",2+,27/9,"Aircraft 1, Armored Deck",norfolk_1939.png,royal_navy_ensign.png,Great Britain,1280
957,Ammunition Ship,Ammunition Ship,Civilian,25,"3""",1+,13/4,"Lumbering, Explosive",ammo_ship.png,usa.png,United States,1
958,Ammunition Ship (1942),Ammunition Ship,Civilian,35,"3""",1+,13/4,"Lumbering, Explosive",ammo_ship.png,usa.png,United States,2
959,Ammunition Ship (1944),Ammunition Ship,Civilian,35,"3""",1+,13/4,"Lumbering, Explosive",ammo_ship.png,usa.png,United States,3
960,Armed Merchant Cruiser,Merchant Cruiser,Civilian,25,"3""",1+,15/5,Lumbering,merch_cruiser.png,usa.png,United States,4
961,Liberty Ship,Cargo Ship,Civilian,25,"2""",1+,10/3,Lumbering,liberty.png,usa.png,United States,6
962,Liner,Liner,Civilian,25,"6""",1+,72/24,Lumbering,liner.png,usa.png,United States,7
963,Oil Tanker,Oil Tanker,Civilian,30,"4""",1+,15/5,"Lumbering, Volatile",tanker.png,usa.png,United States,8
964,Oil Tanker (1942),Oil Tanker,Civilian,40,"4""",1+,15/5,"Lumbering, Volatile",tanker.png,usa.png,United States,9
965,Oil Tanker (1944),Oil Tanker,Civilian,50,"4""",1+,15/5,"Lumbering, Volatile",tanker.png,usa.png,United States,10
966,Cimarron (1942),Oil Tanker,Civilian,40,"4""",1+,15/5,"Lumbering, Volatile",cimarron_tanker.png,usa.png,United States,13
967,Cimarron (1944),Oil Tanker,Civilian,45,"4""",1+,15/5,"Lumbering, Volatile",cimarron_tanker.png,usa.png,United States,14
968,Seaplane Tender,Seaplane Tender,Civilian,25,"4""",1+,12/4,"Aircraft 6, Lumbering",seaplane_tender.png,usa.png,United States,16
969,Tramp Freighter,Tramp Freighter,Civilian,10,"2""",1+,6/2,,tramp_freighter.png,usa.png,United States,17
970,Troop Ship,Troop Ship,Civilian,25,"3""",1+,16/5,Lumbering,troop_ship.png,usa.png,United States,18
971,Victory Ship,Cargo Ship,Civilian,30,"3""",1+,14/4,Lumbering,victory.png,usa.png,United States,19
972,Gato,Gato,Submarine,50,"4""",2+,5/2,"Submarine, Agile",gato_1942_sub.png,usa.png,United States,25
973,Gato (1942),Gato,Submarine,65,"4""",2+,5/2,"Submarine, Agile, Sub-Hunter, Radar",gato_1942_sub.png,usa.png,United States,26
974,Gato (1943),Gato,Submarine,80,"4""",2+,5/2,"Submarine, Agile, Sub-Hunter, Radar",gato_1943_sub.png,usa.png,United States,27
975,Gato (1944),Gato,Submarine,90,"4""",2+,5/2,"Submarine, Agile, Sub-Hunter, Radar",gato_1944_sub.png,usa.png,United States,28
976,Colorado,Colorado,Battleship,400,"4""",6+,71/23,"Aircraft 3, Torpedo Belt 2, Armored Deck",colorado_1941.png,usa.png,United States,93
977,Colorado (1942),Colorado,Battleship,445,"4""",6+,71/23,"Aircraft 2, Torpedo Belt 2, Armored Deck, Radar",colorado_1941.png,usa.png,United States,94
978,Colorado (1944),Colorado,Battleship,485,"4""",6+,71/23,"Aircraft 2, Torpedo Belt 2, Armored Deck, Advanced Radar",colorado_1941.png,usa.png,United States,95
979,Colorado (1944),Colorado,Battleship,505,"4""",6+,71/23,"Aircraft 2, Torpedo Belt 2, Armored Deck, Advanced Radar",colorado_1941.png,usa.png,United States,96
980,Colorado (1945),Colorado,Battleship,515,"4""",6+,71/23,"Aircraft 2, Torpedo Belt 2, Armored Deck, Advanced Radar",colorado_1941.png,usa.png,United States,97
981,Maryland,Colorado,Battleship,400,"4""",6+,71/23,"Aircraft 3, Torpedo Belt 2, Armored Deck",maryland_1944.png,usa.png,United States,98
982,Maryland (1941),Colorado,Battleship,440,"4""",6+,71/23,"Aircraft 3, Torpedo Belt 2, Armored Deck, Radar",maryland_1944.png,usa.png,United States,99
983,Maryland (1942),Colorado,Battleship,445,"4""",6+,71/23,"Aircraft 3, Torpedo Belt 2, Armored Deck, Radar",maryland_1944.png,usa.png,United States,100
984,Maryland (1943),Colorado,Battleship,495,"4""",6+,71/23,"Aircraft 3, Torpedo Belt 2, Armored Deck, Advanced Radar",maryland_1944.png,usa.png,United States,101
985,Maryland (1944),Colorado,Battleship,520,"4""",6+,71/23,"Aircraft 2, Torpedo Belt 2, Armored Deck, Advanced Radar",maryland_1944.png,usa.png,United States,102
986,Maryland (1945),Colorado,Battleship,565,"4""",6+,81/27,"Aircraft 2, Torpedo Belt 2, Armored Deck, Advanced Radar",maryland_1944.png,usa.png,United States,103
987,West Virginia,Colorado,Battleship,400,"4""",6+,71/23,"Aircraft 3, Torpedo Belt 2, Armored Deck",west_virginia_1945.png,usa.png,United States,104
988,West Virginia (1941),Colorado,Battleship,405,"4""",6+,71/23,"Aircraft 3, Torpedo Belt 2, Armored Deck",west_virginia_1945.png,usa.png,United States,105
989,West Virginia (1944),Colorado,Battleship,515,"4""",6+,81/27,"Aircraft 3, Torpedo Belt 2, Armored Deck, Advanced Radar",west_virginia_1945.png,usa.png,United States,106
990,West Virginia (1945),Colorado,Battleship,520,"4""",6+,81/27,"Aircraft 3, Torpedo Belt 2, Armored Deck, Advanced Radar",west_virginia_1945.png,usa.png,United States,107
991,Iowa,Iowa,Battleship,850,"6""",6+,115/38,"Aircraft 3, Torpedo Belt 3, Armored Deck, Advanced Radar",iowa_1943.png,usa.png,United States,108
992,Iowa (1944),Iowa,Battleship,860,"6""",6+,115/38,"Aircraft 3, Torpedo Belt 3, Armored Deck, Advanced Radar",iowa_1943.png,usa.png,United States,109
993,Iowa (1945),Iowa,Battleship,870,"6""",6+,115/38,"Aircraft 3, Torpedo Belt 3, Armored Deck, Advanced Radar",iowa_1943.png,usa.png,United States,110
994,New Jersey (1943),Iowa,Battleship,865,"6""",6+,115/38,"Aircraft 3, Torpedo Belt 3, Armored Deck, Advanced Radar",new_jersey_1944.png,usa.png,United States,111
995,New Jersey (1945),Iowa,Battleship,870,"6""",6+,115/38,"Aircraft 3, Torpedo Belt 3, Armored Deck, Advanced Radar",new_jersey_1944.png,usa.png,United States,112
996,Missouri (1944),Iowa,Battleship,865,"6""",6+,115/38,"Aircraft 3, Torpedo Belt 3, Armored Deck, Advanced Radar",missouri_1944.png,usa.png,United States,113
997,Missouri (1945),Iowa,Battleship,870,"6""",6+,115/38,"Aircraft 3, Torpedo Belt 3, Armored Deck, Advanced Radar",missouri_1945.png,usa.png,United States,114
998,Wisconsin (1944),Iowa,Battleship,870,"6""",6+,115/38,"Aircraft 3, Torpedo Belt 3, Armored Deck, Advanced Radar",wisconsin_1945.png,usa.png,United States,115
999,Montana,Montana,Battleship,950,"6""",7+,141/47,"Aircraft 3, Torpedo Belt 4, Armored Deck, Advanced Radar",montana_1945.png,usa.png,United States,116
1000,Nevada,Nevada,Battleship,390,"4""",6+,63/21,"Aircraft 3, Torpedo Belt 2",nevada_1941.png,usa.png,United States,117
1001,Nevada (1943),Nevada,Battleship,515,"4""",6+,71/23,"Aircraft 2, Torpedo Belt 2, Advanced Radar",nevada_1941.png,usa.png,United States,118
1002,Nevada (1944),Nevada,Battleship,510,"4""",6+,71/23,"Aircraft 2, Torpedo Belt 2, Advanced Radar",nevada_1941.png,usa.png,United States,119
1003,Nevada (1945),Nevada,Battleship,515,"4""",6+,71/23,"Aircraft 2, Torpedo Belt 2, Advanced Radar",nevada_1941.png,usa.png,United States,120
1004,Oklahoma (1941),Nevada,Battleship,395,"4""",6+,63/21,"Aircraft 3, Torpedo Belt 2",oklahoma_1941.png,usa.png,United States,121
1005,New Mexico,New Mexico,Battleship,395,"4""",6+,72/24,"Aircraft 4, Torpedo Belt 2, Armored Deck",new_mexico_1941.png,usa.png,United States,122
1006,New Mexico (1941),New Mexico,Battleship,405,"4""",6+,72/24,"Aircraft 4, Torpedo Belt 2, Armored Deck",new_mexico_1941.png,usa.png,United States,123
1007,New Mexico (1942),New Mexico,Battleship,465,"4""",6+,72/24,"Aircraft 4, Torpedo Belt 2, Armored Deck, Radar",new_mexico_1941.png,usa.png,United States,124
1008,New Mexico (1943),New Mexico,Battleship,465,"4""",6+,72/24,"Aircraft 4, Torpedo Belt 2, Armored Deck, Radar",new_mexico_1941.png,usa.png,United States,125
1009,New Mexico (1944),New Mexico,Battleship,540,"4""",6+,72/24,"Aircraft 4, Torpedo Belt 2, Armored Deck, Advanced Radar",new_mexico_1944.png,usa.png,United States,126
1010,New Mexico (1945),New Mexico,Battleship,570,"4""",6+,72/24,"Aircraft 4, Torpedo Belt 2, Armored Deck, Advanced Radar",new_mexico_1944.png,usa.png,United States,127
1011,Idaho (1941),New Mexico,Battleship,405,"4""",6+,72/24,"Aircraft 4, Torpedo Belt 2, Armored Deck",idaho_1945.png,usa.png,United States,128
1012,Idaho (1942),New Mexico,Battleship,465,"4""",6+,72/24,"Aircraft 4, Torpedo Belt 2, Armored Deck, Radar",idaho_1945.png,usa.png,United States,129
1013,Idaho (1943),New Mexico,Battleship,480,"4""",6+,72/24,"Aircraft 4, Torpedo Belt 2, Armored Deck, Radar",idaho_1945.png,usa.png,United States,130
1014,Idaho (1945),New Mexico,Battleship,550,"4""",6+,72/24,"Aircraft 4, Torpedo Belt 2, Armored Deck, Advanced Radar",idaho_1945.png,usa.png,United States,131
1015,Mississippi (1943),New Mexico,Battleship,395,"4""",6+,72/24,"Aircraft 4, Torpedo Belt 2, Armored Deck",mississippi_1945.png,usa.png,United States,132
1016,Mississippi (1944),New Mexico,Battleship,470,"4""",6+,72/24,"Aircraft 4, Torpedo Belt 2, Armored Deck, Advanced Radar",mississippi_1945.png,usa.png,United States,133
1017,Mississippi (1945),New Mexico,Battleship,470,"4""",6+,72/24,"Aircraft 4, Torpedo Belt 2, Armored Deck, Advanced Radar",mississippi_1945.png,usa.png,United States,134
1018,New York,New York,Battleship,350,"4""",5+,64/21,"Aircraft 3, Torpedo Belt 2, Radar",new_york_1943.png,usa.png,United States,135
1019,New York (1941),New York,Battleship,345,"4""",5+,64/21,"Aircraft 3, Torpedo Belt 2, Radar",new_york_1943.png,usa.png,United States,136
1020,New York (1942),New York,Battleship,410,"4""",5+,64/21,"Aircraft 3, Torpedo Belt 2, Advanced Radar",new_york_1943.png,usa.png,United States,137
1021,New York (1943),New York,Battleship,425,"4""",5+,64/21,"Aircraft 3, Torpedo Belt 2, Advanced Radar",new_york_1943.png,usa.png,United States,138
1022,New York (1944),New York,Battleship,435,"4""",5+,64/21,"Aircraft 3, Torpedo Belt 2, Advanced Radar",new_york_1943.png,usa.png,United States,139
1023,New York (1945),New York,Battleship,440,"4""",5+,64/21,"Aircraft 3, Torpedo Belt 2, Advanced Radar",new_york_1943.png,usa.png,United States,140
1024,Texas (1941),New York,Battleship,345,"4""",5+,64/21,"Aircraft 3, Torpedo Belt 2, Radar",texas_1941.png,usa.png,United States,141
1025,Texas (1942),New York,Battleship,410,"4""",5+,64/21,"Aircraft 3, Torpedo Belt 2, Advanced Radar",texas_1941.png,usa.png,United States,142
1026,Texas (1943),New York,Battleship,425,"4""",5+,64/21,"Aircraft 3, Torpedo Belt 2, Advanced Radar",texas_1943.png,usa.png,United States,143
1027,Texas (1944),New York,Battleship,435,"4""",5+,64/21,"Aircraft 3, Torpedo Belt 2, Advanced Radar",texas_1943.png,usa.png,United States,144
1028,Texas (1945),New York,Battleship,440,"4""",5+,64/21,"Aircraft 3, Torpedo Belt 2, Advanced Radar",texas_1943.png,usa.png,United States,145
1029,North Carolina,North Carolina,Battleship,800,"6""",6+,89/29,"Aircraft 3, Torpedo Belt 2, Armored Deck",north_carolina_1941.png,usa.png,United States,146
1030,North Carolina (1942),North Carolina,Battleship,895,"6""",6+,89/29,"Aircraft 3, Torpedo Belt 2, Armored Deck, Radar",north_carolina_1943.png,usa.png,United States,147
1031,North Carolina (1943),North Carolina,Battleship,940,"6""",6+,89/29,"Aircraft 3, Torpedo Belt 2, Armored Deck, Radar",north_carolina_1943.png,usa.png,United States,148
1032,North Carolina (1944),North Carolina,Battleship,1025,"6""",6+,89/29,"Aircraft 3, Torpedo Belt 2, Armored Deck, Advanced Radar",north_carolina_1943.png,usa.png,United States,149
1033,North Carolina (1945),North Carolina,Battleship,1020,"6""",6+,89/29,"Aircraft 3, Torpedo Belt 2, Armored Deck, Advanced Radar",north_carolina_1943.png,usa.png,United States,150
1034,Washington (1942),North Carolina,Battleship,895,"6""",6+,89/29,"Aircraft 3, Torpedo Belt 2, Armored Deck, Radar",washington_1942.png,usa.png,United States,151
1035,Washington (1943),North Carolina,Battleship,950,"6""",6+,89/29,"Aircraft 3, Torpedo Belt 2, Armored Deck, Radar",washington_1942.png,usa.png,United States,152
1036,Washington (1944),North Carolina,Battleship,1030,"6""",6+,89/29,"Aircraft 3, Torpedo Belt 2, Armored Deck, Advanced Radar",washington_1942.png,usa.png,United States,153
1037,Washington (1945),North Carolina,Battleship,1035,"6""",6+,89/29,"Aircraft 3, Torpedo Belt 2, Armored Deck, Advanced Radar",washington_1942.png,usa.png,United States,154
1038,Pennsylvania,Pennsylvania,Battleship,390,"4""",6+,72/24,"Aircraft 3, Torpedo Belt 2, Agile",pennsylvania_1941.png,usa.png,United States,155
1039,Pennsylvania (1941),Pennsylvania,Battleship,395,"4""",6+,72/24,"Aircraft 3, Torpedo Belt 2, Agile",pennsylvania_1941.png,usa.png,United States,156
1040,Pennsylvania (1942),Pennsylvania,Battleship,480,"4""",6+,72/24,"Aircraft 3, Torpedo Belt 2, Agile, Advanced Radar",pennsylvania_1941.png,usa.png,United States,157
1041,Pennsylvania (1943),Pennsylvania,Battleship,510,"4""",6+,72/24,"Aircraft 3, Torpedo Belt 2, Agile, Advanced Radar",pennsylvania_1941.png,usa.png,United States,158
1042,Pennsylvania (1945),Pennsylvania,Battleship,510,"4""",6+,72/24,"Aircraft 3, Torpedo Belt 2, Agile, Advanced Radar",pennsylvania_1944.png,usa.png,United States,159
1043,Arizona (1941),Pennsylvania,Battleship,395,"4""",6+,72/24,"Aircraft 3, Torpedo Belt 2, Agile",arizona_1941.png,usa.png,United States,160
1044,South Dakota,South Dakota,Battleship,825,"5""",6+,89/29,"Aircraft 3, Torpedo Belt 3, Armored Deck, Advanced Radar",south_dakota_1942.png,usa.png,United States,161
1045,South Dakota (1942),South Dakota,Battleship,805,"5""",6+,89/29,"Aircraft 3, Torpedo Belt 3, Armored Deck, Advanced Radar",south_dakota_1942.png,usa.png,United States,162
1046,South Dakota (1943),South Dakota,Battleship,855,"5""",6+,89/29,"Aircraft 3, Torpedo Belt 3, Armored Deck, Advanced Radar",south_dakota_1942.png,usa.png,United States,163
1047,South Dakota (1944),South Dakota,Battleship,865,"5""",6+,89/29,"Aircraft 3, Torpedo Belt 3, Armored Deck, Advanced Radar",south_dakota_1942.png,usa.png,United States,164
1048,South Dakota (1945),South Dakota,Battleship,870,"5""",6+,89/29,"Aircraft 3, Torpedo Belt 3, Armored Deck, Advanced Radar",south_dakota_1945.png,usa.png,United States,165
1049,Alabama (1943),South Dakota,Battleship,855,"5""",6+,89/29,"Aircraft 3, Torpedo Belt 3, Armored Deck, Advanced Radar",alabama_1942.png,usa.png,United States,166
1050,Alabama (1944),South Dakota,Battleship,865,"5""",6+,89/29,"Aircraft 3, Torpedo Belt 3, Armored Deck, Advanced Radar",alabama_1944.png,usa.png,United States,167
1051,Alabama (1945),South Dakota,Battleship,860,"5""",6+,89/29,"Aircraft 3, Torpedo Belt 3, Armored Deck, Advanced Radar",alabama_1944.png,usa.png,United States,168
1052,Indiana (1943),South Dakota,Battleship,860,"5""",6+,89/29,"Aircraft 3, Torpedo Belt 3, Armored Deck, Advanced Radar",indiana_1942.png,usa.png,United States,169
1053,Massachusetts (1942),South Dakota,Battleship,830,"5""",6+,89/29,"Aircraft 3, Torpedo Belt 3, Armored Deck, Advanced Radar",massachusetts_1944.png,usa.png,United States,170
1054,Massachusetts (1943),South Dakota,Battleship,865,"5""",6+,89/29,"Aircraft 3, Torpedo Belt 3, Armored Deck, Advanced Radar",massachusetts_1944.png,usa.png,United States,171
1055,Massachusetts (1944),South Dakota,Battleship,855,"5""",6+,89/29,"Aircraft 3, Torpedo Belt 3, Armored Deck, Advanced Radar",massachusetts_1944.png,usa.png,United States,172
1056,Massachusetts (1945),South Dakota,Battleship,880,"5""",6+,89/29,"Aircraft 3, Torpedo Belt 3, Armored Deck, Advanced Radar",massachusetts_1945.png,usa.png,United States,173
1057,Tennessee,Tennessee,Battleship,400,"4""",6+,66/22,"Aircraft 3, Torpedo Belt 2, Armored Deck",tennessee_1942.png,usa.png,United States,174
1058,Tennessee (1942),Tennessee,Battleship,490,"4""",6+,66/22,"Aircraft 3, Torpedo Belt 2, Armored Deck, Radar",tennessee_1943.png,usa.png,United States,175
1059,Tennessee (1943),Tennessee,Battleship,640,"4""",6+,81/27,"Aircraft 3, Torpedo Belt 2, Armored Deck, Advanced Radar",tennessee_1943.png,usa.png,United States,176
1060,California (1941),Tennessee,Battleship,440,"4""",6+,66/22,"Aircraft 3, Torpedo Belt 2, Armored Deck, Radar",california_1944.png,usa.png,United States,177
1061,California (1944),Tennessee,Battleship,705,"4""",6+,81/27,"Aircraft 3, Torpedo Belt 2, Armored Deck, Advanced Radar",california_1944.png,usa.png,United States,178
1062,Wyoming,Wyoming,Battleship,250,"4""",5+,61/20,"Aircraft 3, Torpedo Belt 2, Agile",wyoming_1942.png,usa.png,United States,179
1063,Wyoming (1931),Wyoming,Battleship,250,"4""",5+,61/20,"Aircraft 3, Torpedo Belt 2, Agile",wyoming_1944.png,usa.png,United States,180
1064,Arkansas (1942),Wyoming,Battleship,295,"4""",5+,61/20,"Aircraft 3, Torpedo Belt 2, Agile, Radar",arkansas_1942.png,usa.png,United States,181
1065,Arkansas (1943),Wyoming,Battleship,325,"4""",5+,61/20,"Aircraft 3, Torpedo Belt 2, Agile, Radar",arkansas_1942.png,usa.png,United States,182
1066,Arkansas (1945),Wyoming,Battleship,330,"4""",5+,61/20,"Aircraft 3, Torpedo Belt 2, Agile, Radar",arkansas_1942.png,usa.png,United States,183
1067,Bogue,Bogue,Carrier,100,"3""",1+,28/9,"Aircraft 7, Carrier, Radar",bogue_1943.png,usa.png,United States,184
1068,Bogue (1943),Bogue,Carrier,110,"3""",1+,28/9,"Aircraft 7, Carrier, Radar",bogue_1943.png,usa.png,United States,185
1069,Bogue (1945),Bogue,Carrier,130,"3""",1+,28/9,"Aircraft 7, Carrier, Advanced Radar",bogue_1944.png,usa.png,United States,186
1070,Block Island (1943),Bogue,Carrier,110,"3""",1+,28/9,"Aircraft 7, Carrier, Radar",bogue_1943.png,usa.png,United States,187
1071,Block Island (1944),Bogue,Carrier,120,"3""",1+,28/9,"Aircraft 7, Carrier, Advanced Radar",bogue_1943.png,usa.png,United States,188
1072,Copahee (1943),Bogue,Carrier,110,"3""",1+,28/9,"Aircraft 7, Carrier, Radar",bogue_1943.png,usa.png,United States,189
1073,Copahee (1944),Bogue,Carrier,115,"3""",1+,28/9,"Aircraft 7, Carrier, Radar",bogue_1944.png,usa.png,United States,190
1074,Copahee (1945),Bogue,Carrier,120,"3""",1+,28/9,"Aircraft 7, Carrier, Advanced Radar",bogue_1944.png,usa.png,United States,191
1075,Croatan (1943),Bogue,Carrier,110,"3""",1+,28/9,"Aircraft 7, Carrier, Radar",card_1943.png,usa.png,United States,192
1076,Croatan (1944),Bogue,Carrier,115,"3""",1+,28/9,"Aircraft 7, Carrier, Radar",card_1943.png,usa.png,United States,193
1077,Croatan (1945),Bogue,Carrier,125,"3""",1+,28/9,"Aircraft 7, Carrier, Advanced Radar",card_1943.png,usa.png,United States,194
1078,Prince William (1943),Bogue,Carrier,110,"3""",1+,28/9,"Aircraft 7, Carrier, Radar",card_1943.png,usa.png,United States,195
1079,Prince William (1943),Bogue,Carrier,105,"3""",1+,28/9,"Aircraft 7, Carrier, Radar",card_1943.png,usa.png,United States,196
1080,Prince William (1944),Bogue,Carrier,115,"3""",1+,28/9,"Aircraft 7, Carrier, Advanced Radar",card_1943.png,usa.png,United States,197
1081,Prince William (1945),Bogue,Carrier,130,"3""",1+,28/9,"Aircraft 7, Carrier, Advanced Radar",card_1943.png,usa.png,United States,198
1082,Casablanca,Casablanca,Carrier,95,"4""",1+,22/7,"Aircraft 6, Carrier, Advanced Radar, Agile",casablanca_1944.png,usa.png,United States,199
1083,Casablanca (1945),Casablanca,Carrier,100,"4""",1+,22/7,"Aircraft 6, Carrier, Advanced Radar, Agile",casablanca_1944.png,usa.png,United States,200
1084,Essex,Essex,Carrier,270,"6""",3+,70/23,"Aircraft 22, Torpedo Belt 3, Carrier, Advanced Radar",essex_1943.png,usa.png,United States,201
1085,Essex (1945),Essex,Carrier,285,"6""",3+,70/23,"Aircraft 22, Torpedo Belt 3, Carrier, Advanced Radar",essex_1943.png,usa.png,United States,202
1086,Antietam (1945),Essex,Carrier,310,"6""",3+,70/23,"Aircraft 22, Torpedo Belt 3, Carrier, Advanced Radar",essex_1943.png,usa.png,United States,203
1087,Bennington (1944),Essex,Carrier,275,"6""",3+,70/23,"Aircraft 22, Torpedo Belt 3, Carrier, Advanced Radar",bennington_1944.png,usa.png,United States,204
1088,Bennington (1945),Essex,Carrier,315,"6""",3+,70/23,"Aircraft 22, Torpedo Belt 3, Carrier, Advanced Radar",bennington_1944.png,usa.png,United States,205
1089,Boxer (1945),Essex,Carrier,315,"6""",3+,70/23,"Aircraft 22, Torpedo Belt 3, Carrier, Advanced Radar",essex_1943.png,usa.png,United States,206
1090,Bunker Hill (1945),Essex,Carrier,310,"6""",3+,70/23,"Aircraft 22, Torpedo Belt 3, Carrier, Advanced Radar",bunker_hill_1944.png,usa.png,United States,207
1091,Bon Homme Richard (1944),Essex,Carrier,275,"6""",3+,70/23,"Aircraft 22, Torpedo Belt 3, Carrier, Advanced Radar",bon_homme_richard_1944.png,usa.png,United States,208
1092,Bon Homme Richard (1945),Essex,Carrier,305,"6""",3+,70/23,"Aircraft 22, Torpedo Belt 3, Carrier, Advanced Radar",bon_homme_richard_1944.png,usa.png,United States,209
1093,Hornet (1945),Essex,Carrier,270,"6""",3+,70/23,"Aircraft 22, Torpedo Belt 3, Carrier, Advanced Radar",hornet_1944.png,usa.png,United States,210
1094,Randolph (1944),Essex,Carrier,275,"6""",3+,70/23,"Aircraft 22, Torpedo Belt 3, Carrier, Advanced Radar",randolph_1944.png,usa.png,United States,211
1095,Randolph (1945),Essex,Carrier,310,"6""",3+,70/23,"Aircraft 22, Torpedo Belt 3, Carrier, Advanced Radar",randolph_1944.png,usa.png,United States,212
1096,Shangra-La (1944),Essex,Carrier,275,"6""",3+,70/23,"Aircraft 22, Torpedo Belt 3, Carrier, Advanced Radar",shangri-la_1944.png,usa.png,United States,213
1097,Shangra-La (1945),Essex,Carrier,300,"6""",3+,70/23,"Aircraft 22, Torpedo Belt 3, Carrier, Advanced Radar",shangri-la_1944.png,usa.png,United States,214
1098,Independence,Independence,Carrier,105,"6""",3+,30/10,"Aircraft 7, Carrier, Advanced Radar",independence_1943.png,usa.png,United States,215
1099,Independence (1944),Independence,Carrier,110,"6""",3+,30/10,"Aircraft 7, Carrier, Advanced Radar",independence_1944.png,usa.png,United States,216
1100,Cabot (1944),Independence,Carrier,100,"6""",3+,30/10,"Aircraft 7, Carrier, Advanced Radar",cabbot_1944.png,usa.png,United States,217
1101,Langley (1945),Independence,Carrier,100,"6""",3+,30/10,"Aircraft 7, Carrier, Advanced Radar",langley_1944.png,usa.png,United States,218
1102,Bataan (1944),Independence,Carrier,110,"6""",3+,30/10,"Aircraft 7, Carrier, Advanced Radar",bataan_1944.png,usa.png,United States,219
1103,Lexington,Lexington,Carrier,260,"7""",4+,86/28,"Aircraft 20, Torpedo Belt 2, Carrier",lexington_1940.png,usa.png,United States,220
1104,Lexington (1942),Lexington,Carrier,210,"7""",4+,86/28,"Aircraft 20, Torpedo Belt 2, Carrier, Radar",lexington_1942.png,usa.png,United States,221
1105,Saratoga (1942),Lexington,Carrier,285,"7""",4+,86/28,"Aircraft 20, Torpedo Belt 2, Carrier, Radar",lexington_1940.png,usa.png,United States,222
1106,Saratoga (1943),Lexington,Carrier,300,"7""",4+,86/28,"Aircraft 20, Torpedo Belt 2, Carrier, Radar",saratoga_1943.png,usa.png,United States,223
1107,Saratoga (1944),Lexington,Carrier,415,"7""",4+,97/32,"Aircraft 20, Torpedo Belt 2, Carrier, Advanced Radar",saratoga_1943.png,usa.png,United States,224
1108,Long Island,Long Island,Carrier,75,"3""",1+,28/9,"Aircraft 4, Carrier",long_island_1942.png,usa.png,United States,225
1109,Long Island (1942),Long Island,Carrier,85,"3""",1+,28/9,"Aircraft 4, Carrier, Radar",long_island_1942.png,usa.png,United States,226
1110,Long Island (1944),Long Island,Carrier,95,"3""",1+,28/9,"Aircraft 4, Carrier, Advanced Radar",long_island_1942.png,usa.png,United States,227
1111,Long Island (1945),Long Island,Carrier,105,"3""",1+,28/9,"Aircraft 4, Carrier, Advanced Radar",long_island_1942.png,usa.png,United States,228
1112,Midway,Midway,Carrier,450,"7""",3+,120/40,"Aircraft 34, Torpedo Belt 3, Carrier, Advanced Radar, Armored Deck",midway_1945.png,usa.png,United States,229
1113,Ranger,Ranger,Carrier,220,"6""",1+,35/11,"Aircraft 19, Carrier",ranger_1935.png,usa.png,United States,230
1114,Ranger (1941),Ranger,Carrier,225,"6""",1+,35/11,"Aircraft 19, Carrier",ranger_1942.png,usa.png,United States,231
1115,Ranger (1942),Ranger,Carrier,265,"6""",1+,35/11,"Aircraft 19, Carrier, Radar",ranger_1943.png,usa.png,United States,232
1116,Ranger (1943),Ranger,Carrier,240,"6""",1+,35/11,"Aircraft 19, Carrier, Radar",ranger_1943.png,usa.png,United States,233
1117,Ranger (1944),Ranger,Carrier,230,"6""",1+,35/11,"Aircraft 19, Carrier, Advanced Radar",ranger_1943.png,usa.png,United States,234
1118,Sangamon,Sangamon,Carrier,100,"4""",1+,48/16,"Aircraft 7, Carrier, Radar",sangamon_1943.png,usa.png,United States,235
1119,Sangamon (1943),Sangamon,Carrier,105,"4""",1+,48/16,"Aircraft 7, Carrier, Radar",sangamon_1943.png,usa.png,United States,236
1120,Sangamon (1944),Sangamon,Carrier,115,"4""",1+,48/16,"Aircraft 7, Carrier, Advanced Radar",sangamon_1943.png,usa.png,United States,237
1121,Sangamon (1945),Sangamon,Carrier,145,"4""",1+,48/16,"Aircraft 7, Carrier, Advanced Radar",sangamon_1943.png,usa.png,United States,238
1122,Wasp,Wasp,Carrier,240,"6""",1+,38/12,"Aircraft 21, Carrier",wasp_1942.png,usa.png,United States,239
1123,Wasp (1942),Wasp,Carrier,275,"6""",1+,38/12,"Aircraft 21, Carrier, Radar",wasp_1942.png,usa.png,United States,240
1124,Yorktown,Yorktown,Carrier,280,"6""",3+,51/17,"Aircraft 24, Torpedo Belt 2, Carrier",yorktown_1940.png,usa.png,United States,241
1125,Yorktown (1940),Yorktown,Carrier,300,"6""",3+,51/17,"Aircraft 24, Torpedo Belt 2, Carrier, Radar",yorktown_1940.png,usa.png,United States,242
1126,Yorktown (1941),Yorktown,Carrier,305,"6""",3+,51/17,"Aircraft 24, Torpedo Belt 2, Carrier, Radar",yorktown_1942.png,usa.png,United States,243
1127,Hornet (1941),Yorktown,Carrier,300,"6""",3+,51/17,"Aircraft 24, Torpedo Belt 2, Carrier, Radar",hornet_1942.png,usa.png,United States,244
1128,Hornet (1942),Yorktown,Carrier,305,"6""",3+,51/17,"Aircraft 24, Torpedo Belt 2, Carrier, Radar",hornet_1942.png,usa.png,United States,245
1129,Enterprise (1940),Yorktown,Carrier,300,"6""",3+,51/17,"Aircraft 24, Torpedo Belt 2, Carrier, Radar",enterprise_1940.png,usa.png,United States,246
1130,Enterprise (1942),Yorktown,Carrier,310,"6""",3+,51/17,"Aircraft 24, Torpedo Belt 2, Carrier, Radar",enterprise_1942.png,usa.png,United States,247
1131,Enterprise (1943),Yorktown,Carrier,375,"6""",3+,60/20,"Aircraft 24, Torpedo Belt 2, Carrier, Advanced Radar",enterprise_1943.png,usa.png,United States,248
1132,Enterprise (1945),Yorktown,Carrier,385,"6""",3+,60/20,"Aircraft 24, Torpedo Belt 2, Carrier, Advanced Radar",enterprise_1945.png,usa.png,United States,249
1133,Alaska,Alaska,Cruiser,250,"7""",5+,69/23,"Aircraft 4, Torpedo Belt 1, Armored Deck, Advanced Radar",alaska_1944.png,usa.png,United States,250
1134,Atlanta,Atlanta (Group 1),Cruiser,70,"6""",3+,16/5,"Radar, Depth Charge",atlanta_1942.png,usa.png,United States,251
1135,San Diego (1943),Atlanta (Group 1),Cruiser,90,"6""",3+,16/5,"Radar, Depth Charge, Sub-Hunter",san_diego_1942.png,usa.png,United States,252
1136,San Diego (1944),Atlanta (Group 1),Cruiser,105,"6""",3+,16/5,"Advanced Radar, Depth Charge, Sub-Hunter",san_diego_1942.png,usa.png,United States,253
1137,San Juan (1943),Atlanta (Group 1),Cruiser,90,"6""",3+,16/5,"Radar, Depth Charge, Sub-Hunter",san_juan_1944.png,usa.png,United States,254
1138,San Juan (1945),Atlanta (Group 1),Cruiser,110,"6""",3+,16/5,"Advanced Radar, Depth Charge, Sub-Hunter",san_juan_1944.png,usa.png,United States,255
1139,Oakland,Atlanta (Group 2),Cruiser,100,"6""",3+,17/5,"Advanced Radar, Depth Charge, Sub-Hunter",oakland_1943.png,usa.png,United States,256
1140,Oakland (1945),Atlanta (Group 2),Cruiser,90,"6""",3+,17/5,"Advanced Radar, Depth Charge, Sub-Hunter",oakland_1943.png,usa.png,United States,257
1141,Tuscon (1945),Atlanta (Group 2),Cruiser,70,"6""",3+,17/5,"Advanced Radar, Depth Charge, Sub-Hunter",oakland_1943.png,usa.png,United States,258
1142,Baltimore,Baltimore,Cruiser,150,"7""",4+,34/11,"Aircraft 4, Advanced Radar",baltimore_1944.png,usa.png,United States,259
1143,Pittsburgh (1944),Baltimore,Cruiser,135,"7""",4+,34/11,"Aircraft 2, Advanced Radar",baltimore_1944.png,usa.png,United States,260
1144,Chicago (1945),Baltimore,Cruiser,140,"7""",4+,34/11,"Aircraft 2, Advanced Radar",baltimore_1944.png,usa.png,United States,261
1145,Helena (1945),Baltimore,Cruiser,135,"7""",4+,34/11,"Aircraft 2, Advanced Radar",baltimore_1944.png,usa.png,United States,262
1146,Brooklyn,Brooklyn,Cruiser,110,"6""",3+,25/8,Aircraft 4,brooklyn_1936.png,usa.png,United States,263
1147,Brooklyn (1941),Brooklyn,Cruiser,115,"6""",3+,25/8,Aircraft 4,brooklyn_1941.png,usa.png,United States,264
1148,Brooklyn (1942),Brooklyn,Cruiser,125,"6""",3+,25/8,"Aircraft 4, Radar",brooklyn_1942.png,usa.png,United States,265
1149,Brooklyn (1943),Brooklyn,Cruiser,135,"6""",3+,25/8,"Aircraft 4, Advanced Radar",brooklyn_1943.png,usa.png,United States,266
1150,Brooklyn (1944),Brooklyn,Cruiser,140,"6""",3+,25/8,"Aircraft 4, Advanced Radar",brooklyn_1944.png,usa.png,United States,267
1151,Savannah (1941),Brooklyn,Cruiser,115,"6""",3+,25/8,Aircraft 4,brooklyn_1941.png,usa.png,United States,268
1152,Savannah (1942),Brooklyn,Cruiser,125,"6""",3+,25/8,"Aircraft 4, Radar",brooklyn_1942.png,usa.png,United States,269
1153,Savannah (1942),Brooklyn,Cruiser,145,"6""",3+,25/8,"Aircraft 4, Radar",brooklyn_1942.png,usa.png,United States,270
1154,Savannah (1944),Brooklyn,Cruiser,155,"6""",3+,25/8,"Aircraft 4, Advanced Radar",savannah_1944.png,usa.png,United States,271
1155,Savannah (1944),Brooklyn,Cruiser,160,"6""",3+,25/8,"Aircraft 4, Advanced Radar",savannah_1944.png,usa.png,United States,272
1156,Cleveland,Cleveland,Cruiser,100,"6""",3+,28/9,"Aircraft 4, Radar",cleveland_1942.png,usa.png,United States,273
1157,Houston (1943),Cleveland,Cruiser,150,"6""",3+,28/9,"Aircraft 4, Advanced Radar",cleveland_1942.png,usa.png,United States,274
1158,Mobile (1943),Cleveland,Cruiser,155,"6""",3+,28/9,"Aircraft 4, Advanced Radar",cleveland_1942.png,usa.png,United States,275
1159,Cleveland (1943),Cleveland,Cruiser,105,"6""",3+,28/9,"Aircraft 4, Radar",cleveland_1942.png,usa.png,United States,276
1160,Denver (1942),Cleveland,Cruiser,115,"6""",3+,28/9,"Aircraft 4, Radar",cleveland_1942.png,usa.png,United States,277
1161,Miami (1944),Cleveland,Cruiser,155,"6""",3+,28/9,"Aircraft 4, Advanced Radar",cleveland_1942.png,usa.png,United States,278
1162,Springfield (1944),Cleveland,Cruiser,150,"6""",3+,28/9,"Aircraft 4, Advanced Radar",cleveland_1942.png,usa.png,United States,279
1163,Portsmouth (1945),Cleveland,Cruiser,150,"6""",3+,28/9,"Aircraft 4, Advanced Radar",cleveland_1942.png,usa.png,United States,280
1164,Dayton (1945),Cleveland,Cruiser,155,"6""",3+,28/9,"Aircraft 4, Advanced Radar",cleveland_1942.png,usa.png,United States,281
1165,Topeka (1944),Cleveland,Cruiser,150,"6""",3+,28/9,"Aircraft 4, Advanced Radar",cleveland_1942.png,usa.png,United States,282
1166,Topeka (1945),Cleveland,Cruiser,155,"6""",3+,28/9,"Aircraft 4, Advanced Radar",cleveland_1942.png,usa.png,United States,283
1167,Des Moines,Des Moines,Cruiser,180,"7""",4+,42/14,"Armored Deck, Advanced Radar",des_moines_1948.png,usa.png,United States,284
1168,Des Moines (1948),Des Moines,Cruiser,190,"7""",4+,42/14,"Aircraft 4, Armored Deck, Advanced Radar",des_moines_1948.png,usa.png,United States,285
1169,Fargo,Fargo,Cruiser,105,"6""",3+,29/9,"Aircraft 2, Advanced Radar",fargo_1945.png,usa.png,United States,286
1170,New Orleans,New Orleans,Cruiser,150,"6""",4+,25/8,"Aircraft 4, Agile",new_orleans_1934.png,usa.png,United States,287
1171,Astoria (1941),New Orleans,Cruiser,155,"6""",4+,25/8,"Aircraft 4, Agile",astoria_1941.png,usa.png,United States,288
1172,Astoria (1942),New Orleans,Cruiser,195,"6""",4+,25/8,"Aircraft 4, Agile, Advanced Radar",astoria_1941.png,usa.png,United States,289
1173,Quincy (1942),New Orleans,Cruiser,195,"6""",4+,25/8,"Aircraft 4, Agile, Advanced Radar",new_orleans_1942.png,usa.png,United States,290
1174,Minneapolis (1941),New Orleans,Cruiser,155,"6""",4+,25/8,"Aircraft 4, Agile",minneapolis_1934.png,usa.png,United States,291
1175,Minneapolis (1942),New Orleans,Cruiser,195,"6""",4+,25/8,"Aircraft 4, Agile, Advanced Radar",new_orleans_1942.png,usa.png,United States,292
1176,Minneapolis (1943),New Orleans,Cruiser,215,"6""",4+,25/8,"Aircraft 4, Agile, Advanced Radar",minneapolis_1943.png,usa.png,United States,293
1177,Minneapolis (1944),New Orleans,Cruiser,220,"6""",4+,25/8,"Aircraft 4, Agile, Advanced Radar",minneapolis_1943.png,usa.png,United States,294
1178,Minneapolis (1945),New Orleans,Cruiser,210,"6""",4+,25/8,"Aircraft 2, Agile, Advanced Radar",minneapolis_1943.png,usa.png,United States,295
1179,New Orleans (1941),New Orleans,Cruiser,155,"6""",4+,25/8,"Aircraft 4, Agile",new_orleans_1942.png,usa.png,United States,296
1180,New Orleans (1942),New Orleans,Cruiser,195,"6""",4+,25/8,"Aircraft 4, Agile, Advanced Radar",new_orleans_1942.png,usa.png,United States,297
1181,New Orleans (1943),New Orleans,Cruiser,215,"6""",4+,25/8,"Aircraft 4, Agile, Advanced Radar",new_orleans_1942.png,usa.png,United States,298
1182,New Orleans (1944),New Orleans,Cruiser,220,"6""",4+,25/8,"Aircraft 4, Agile, Advanced Radar",new_orleans_1942.png,usa.png,United States,299
1183,New Orleans (1945),New Orleans,Cruiser,210,"6""",4+,25/8,"Aircraft 2, Agile, Advanced Radar",new_orleans_1942.png,usa.png,United States,300
1184,San Francisco (1942),New Orleans,Cruiser,195,"6""",4+,25/8,"Aircraft 4, Agile, Advanced Radar",san_francisco_1942.png,usa.png,United States,301
1185,San Francisco (1943),New Orleans,Cruiser,215,"6""",4+,25/8,"Aircraft 4, Agile, Advanced Radar",san_francisco_1942.png,usa.png,United States,302
1186,San Francisco (1944),New Orleans,Cruiser,220,"6""",4+,25/8,"Aircraft 4, Agile, Advanced Radar",san_francisco_1942.png,usa.png,United States,303
1187,San Francisco (1945),New Orleans,Cruiser,210,"6""",4+,25/8,"Aircraft 2, Agile, Advanced Radar",san_francisco_1942.png,usa.png,United States,304
1188,Northhampton,Northhampton,Cruiser,130,"6""",2+,23/7,Aircraft 4,northampton_1937.png,usa.png,United States,305
1189,Northhampton (1940),Northhampton,Cruiser,140,"6""",2+,23/7,"Aircraft 4, Radar",northampton_1942.png,usa.png,United States,306
1190,Northhampton (1941),Northhampton,Cruiser,145,"6""",2+,23/7,"Aircraft 4, Radar",northampton_1942.png,usa.png,United States,307
1191,Northhampton (1942),Northhampton,Cruiser,145,"6""",2+,23/7,"Aircraft 4, Radar",northampton_1942.png,usa.png,United States,308
1192,Augusta (1941),Northhampton,Cruiser,145,"6""",2+,23/7,"Aircraft 4, Radar",northampton_1942.png,usa.png,United States,309
1193,Augusta (1943),Northhampton,Cruiser,165,"6""",2+,23/7,"Aircraft 4, Advanced Radar",northampton_1942.png,usa.png,United States,310
1194,Augusta (1944),Northhampton,Cruiser,160,"6""",2+,23/7,"Aircraft 2, Advanced Radar",northampton_1942.png,usa.png,United States,311
1195,Chester (1941),Northhampton,Cruiser,145,"6""",2+,23/7,"Aircraft 4, Radar",northampton_1942.png,usa.png,United States,312
1196,Chester (1945),Northhampton,Cruiser,165,"6""",2+,23/7,"Aircraft 2, Radar",northampton_1942.png,usa.png,United States,313
1197,Chicago (1942),Northhampton,Cruiser,150,"6""",2+,23/7,"Aircraft 4, Radar",northampton_1942.png,usa.png,United States,314
1198,Omaha,Omaha,Cruiser,90,"7""",2+,19/6,"Aircraft 2, Agile",omaha_1926.png,usa.png,United States,315
1199,Omaha (1926),Omaha,Cruiser,95,"7""",2+,19/6,"Aircraft 2, Agile",omaha_1926.png,usa.png,United States,316
1200,Cincinnati (1941),Omaha,Cruiser,95,"7""",2+,19/6,"Aircraft 2, Agile",omaha_1941.png,usa.png,United States,317
1201,Cincinnati (1942),Omaha,Cruiser,110,"7""",2+,19/6,"Aircraft 2, Agile, Radar",omaha_1941.png,usa.png,United States,318
1202,Cincinnati (1943),Omaha,Cruiser,125,"7""",2+,19/6,"Aircraft 2, Agile, Advanced Radar",omaha_1941.png,usa.png,United States,319
1203,Cincinnati (1944),Omaha,Cruiser,115,"7""",2+,19/6,"Aircraft 2, Agile, Advanced Radar",omaha_1944.png,usa.png,United States,320
1204,Raleigh (1944),Omaha,Cruiser,125,"7""",2+,19/6,"Aircraft 2, Agile, Advanced Radar",omaha_1944.png,usa.png,United States,321
1205,Concord (1941),Omaha,Cruiser,95,"7""",2+,19/6,"Aircraft 2, Agile",omaha_1941.png,usa.png,United States,322
1206,Concord (1941),Omaha,Cruiser,100,"7""",2+,19/6,"Aircraft 2, Agile, Radar",omaha_1941.png,usa.png,United States,323
1207,Concord (1944),Omaha,Cruiser,120,"7""",2+,19/6,"Aircraft 2, Agile, Advanced Radar",omaha_1944.png,usa.png,United States,324
1208,Detroit (1941),Omaha,Cruiser,100,"7""",2+,19/6,"Aircraft 2, Agile",omaha_1941.png,usa.png,United States,325
1209,Detroit (1942),Omaha,Cruiser,110,"7""",2+,19/6,"Aircraft 2, Agile, Radar",milwaukee_1942.png,usa.png,United States,326
1210,Detroit (1944),Omaha,Cruiser,130,"7""",2+,19/6,"Aircraft 2, Agile, Advanced Radar",omaha_1944.png,usa.png,United States,327
1211,Detroit (1945),Omaha,Cruiser,110,"7""",2+,19/6,"Aircraft 2, Agile, Advanced Radar",omaha_1944.png,usa.png,United States,328
1212,Marblehead (1941),Omaha,Cruiser,100,"7""",2+,19/6,"Aircraft 2, Agile",omaha_1941.png,usa.png,United States,329
1213,Marblehead (1942),Omaha,Cruiser,105,"7""",2+,19/6,"Aircraft 2, Agile, Radar",milwaukee_1942.png,usa.png,United States,330
1214,Marblehead (1944),Omaha,Cruiser,125,"7""",2+,19/6,"Aircraft 2, Agile, Advanced Radar",omaha_1944.png,usa.png,United States,331
1215,Memphis (1941),Omaha,Cruiser,105,"7""",2+,19/6,"Aircraft 2, Agile",omaha_1941.png,usa.png,United States,332
1216,Memphis (1942),Omaha,Cruiser,115,"7""",2+,19/6,"Aircraft 2, Agile, Radar",milwaukee_1942.png,usa.png,United States,333
1217,Memphis (1943),Omaha,Cruiser,130,"7""",2+,19/6,"Aircraft 2, Agile, Advanced Radar",milwaukee_1942.png,usa.png,United States,334
1218,Memphis (1944),Omaha,Cruiser,135,"7""",2+,19/6,"Aircraft 2, Agile, Advanced Radar",omaha_1944.png,usa.png,United States,335
1219,Milwaukee (1942),Omaha,Cruiser,105,"7""",2+,19/6,"Aircraft 2, Agile, Radar",milwaukee_1942.png,usa.png,United States,336
1220,Milwaukee (1944),Omaha,Cruiser,125,"7""",2+,19/6,"Aircraft 2, Agile, Advanced Radar",milwaukee_1942.png,usa.png,United States,337
1221,Omaha (1944),Omaha,Cruiser,125,"7""",2+,19/6,"Aircraft 2, Agile, Advanced Radar",omaha_1944.png,usa.png,United States,338
1222,Richmond (1944),Omaha,Cruiser,110,"7""",2+,19/6,"Aircraft 2, Agile, Radar",omaha_1944.png,usa.png,United States,339
1223,Raleigh (1944),Omaha,Cruiser,115,"7""",2+,19/6,"Aircraft 2, Agile, Advanced Radar",omaha_1944.png,usa.png,United States,340
1224,Oregon City,Oregon City,Cruiser,170,"7""",4+,34/11,"Aircraft 2, Advanced Radar",oregon_city_1945.png,usa.png,United States,341
1225,Pensacola,Pensacola,Cruiser,125,"6""",2+,23/7,"Aircraft 4, Agile",pensacola_1928.png,usa.png,United States,342
1226,Pensacola (1940),Pensacola,Cruiser,135,"6""",2+,23/7,"Aircraft 4, Agile, Radar",pensacola_1942.png,usa.png,United States,343
1227,Pensacola (1941),Pensacola,Cruiser,155,"6""",2+,23/7,"Aircraft 4, Agile, Radar",pensacola_1942.png,usa.png,United States,344
1228,Pensacola (1942),Pensacola,Cruiser,160,"6""",2+,23/7,"Aircraft 4, Agile, Radar",pensacola_1942.png,usa.png,United States,345
1229,Pensacola (1943),Pensacola,Cruiser,165,"6""",2+,23/7,"Aircraft 4, Agile, Advanced Radar",pensacola_1943.png,usa.png,United States,346
1230,Pensacola (1944),Pensacola,Cruiser,165,"6""",2+,23/7,"Aircraft 2, Agile, Advanced Radar",pensacola_1944.png,usa.png,United States,347
1231,Pensacola (1945),Pensacola,Cruiser,170,"6""",2+,23/7,"Aircraft 2, Agile, Advanced Radar",pensacola_1944.png,usa.png,United States,348
1232,Salt Lake (1941),Pensacola,Cruiser,145,"6""",2+,23/7,"Aircraft 4, Agile",salt_lake_city_1944.png,usa.png,United States,349
1233,Salt Lake (1942),Pensacola,Cruiser,150,"6""",2+,23/7,"Aircraft 4, Agile",salt_lake_city_1944.png,usa.png,United States,350
1234,Salt Lake (1943),Pensacola,Cruiser,170,"6""",2+,23/7,"Aircraft 4, Agile, Radar",salt_lake_city_1944.png,usa.png,United States,351
1235,Salt Lake (1945),Pensacola,Cruiser,170,"6""",2+,23/7,"Aircraft 2, Agile, Radar",salt_lake_city_1944.png,usa.png,United States,352
1236,Portland,Portland,Cruiser,140,"6""",3+,26/8,Aircraft 4,portland_1933.png,usa.png,United States,353
1237,Indianapolis (1942),Portland,Cruiser,155,"6""",3+,26/8,"Aircraft 4, Radar",indianapolis_1945.png,usa.png,United States,354
1238,Indianapolis (1943),Portland,Cruiser,170,"6""",3+,26/8,"Aircraft 3, Advanced Radar",indianapolis_1945.png,usa.png,United States,355
1239,Indianapolis (1945),Portland,Cruiser,180,"6""",3+,26/8,"Aircraft 3, Advanced Radar",indianapolis_1945.png,usa.png,United States,356
1240,Portland (1943),Portland,Cruiser,165,"6""",3+,26/8,"Aircraft 2, Advanced Radar",portland_1942.png,usa.png,United States,357
1241,Portland (1944),Portland,Cruiser,175,"6""",3+,26/8,"Aircraft 2, Advanced Radar",portland_1943.png,usa.png,United States,358
1242,St. Louis,St. Louis,Cruiser,110,"6""",3+,27/9,Aircraft 4,st_louis_1943.png,usa.png,United States,359
1243,St. Louis (1941),St. Louis,Cruiser,115,"6""",3+,27/9,Aircraft 4,st_louis_1943.png,usa.png,United States,360
1244,St. Louis (1942),St. Louis,Cruiser,135,"6""",3+,27/9,"Aircraft 4, Radar",st_louis_1943.png,usa.png,United States,361
1245,St. Louis (1943),St. Louis,Cruiser,155,"6""",3+,27/9,"Aircraft 4, Radar",st_louis_1943.png,usa.png,United States,362
1246,St. Louis (1944),St. Louis,Cruiser,175,"6""",3+,27/9,"Aircraft 4, Advanced Radar",st_louis_1944.png,usa.png,United States,363
1247,Wichita,Wichita,Cruiser,145,"7""",4+,26/8,Aircraft 4,wichita_1939.png,usa.png,United States,364
1248,Wichita (1941),Wichita,Cruiser,155,"7""",4+,26/8,"Aircraft 4, Radar",wichita_1942.png,usa.png,United States,365
1249,Wichita (1942),Wichita,Cruiser,180,"7""",4+,26/8,"Aircraft 4, Advanced Radar",wichita_1942.png,usa.png,United States,366
1250,Wichita (1944),Wichita,Cruiser,185,"7""",4+,26/8,"Aircraft 4, Advanced Radar",wichita_1942.png,usa.png,United States,367
1251,Wichita (1945),Wichita,Cruiser,190,"7""",4+,26/8,"Aircraft 4, Advanced Radar",wichita_1942.png,usa.png,United States,368
1252,Bagley,Bagley,Destroyer,60,"7""",1+,4/1,Depth Charge,bagley_1942.png,usa.png,United States,369
1253,Bagley (1942),Bagley,Destroyer,65,"7""",1+,4/1,Depth Charge,bagley_1942.png,usa.png,United States,370
1254,Bagley (1943),Bagley,Destroyer,70,"7""",1+,4/1,"Depth Charge, Radar",bagley_1943.png,usa.png,United States,371
1255,Bagley (1944),Bagley,Destroyer,75,"7""",1+,4/1,"Depth Charge, Advanced Radar",bagley_1945.png,usa.png,United States,372
1256,Blue (1942),Bagley,Destroyer,70,"7""",1+,4/1,"Depth Charge, Radar",bagley_1942.png,usa.png,United States,373
1257,Benham,Benham,Destroyer,60,"7""",1+,5/2,Depth Charge,benham_1942.png,usa.png,United States,374
1258,Benham (1942),Benham,Destroyer,65,"7""",1+,5/2,"Depth Charge, Radar",benham_1942.png,usa.png,United States,375
1259,Ellet (1944),Benham,Destroyer,70,"7""",1+,5/2,"Depth Charge, Advanced Radar",benham_1942.png,usa.png,United States,376
1260,Lange (1942),Benham,Destroyer,60,"7""",1+,5/2,Depth Charge,benham_1942.png,usa.png,United States,377
1261,Lange (1943),Benham,Destroyer,70,"7""",1+,5/2,"Depth Charge, Advanced Radar",benham_1942.png,usa.png,United States,378
1262,Lange (1945),Benham,Destroyer,70,"7""",1+,5/2,"Depth Charge, Advanced Radar",benham_1942.png,usa.png,United States,379
1263,Mayrant (1942),Benham,Destroyer,65,"7""",1+,5/2,"Depth Charge, Radar",benham_1942.png,usa.png,United States,380
1264,Mayrant (1943),Benham,Destroyer,70,"7""",1+,5/2,"Depth Charge, Radar",benham_1942.png,usa.png,United States,381
1265,Rhind (1943),Benham,Destroyer,75,"7""",1+,5/2,"Depth Charge, Advanced Radar",benham_1942.png,usa.png,United States,382
1266,Sterett (1945),Benham,Destroyer,75,"7""",1+,5/2,"Depth Charge, Advanced Radar",benham_1942.png,usa.png,United States,383
1267,Benson,Benson,Destroyer,60,"7""",1+,5/2,Depth Charge,benson_1940.png,usa.png,United States,384
1268,Benson (1941),Benson,Destroyer,55,"7""",1+,5/2,Depth Charge,benson_1941.png,usa.png,United States,385
1269,Benson (1942),Benson,Destroyer,60,"7""",1+,5/2,Depth Charge,benson_1942.png,usa.png,United States,386
1270,Benson (1942),Benson,Destroyer,60,"7""",1+,5/2,"Depth Charge, Radar",benson_1942.png,usa.png,United States,387
1271,Benson (1944),Benson,Destroyer,70,"7""",1+,5/2,"Depth Charge, Advanced Radar",benson_1943.png,usa.png,United States,388
1272,Lansdale (1944),Benson,Destroyer,70,"7""",1+,5/2,"Depth Charge, Advanced Radar",benson_1942.png,usa.png,United States,389
1273,Mayo (1942),Benson,Destroyer,70,"7""",1+,5/2,"Depth Charge, Radar",benson_1943.png,usa.png,United States,390
1274,Mayo (1944),Benson,Destroyer,80,"7""",1+,5/2,"Depth Charge, Advanced Radar",benson_1943.png,usa.png,United States,391
1275,Clemson,Clemson,Destroyer,60,"7""",1+,3/1,Depth Charge,clemson_1922.png,usa.png,United States,392
1276,Clemson (1922),Clemson,Destroyer,65,"7""",1+,3/1,Depth Charge,clemson_1922.png,usa.png,United States,393
1277,Bancroft (1940),Clemson,Destroyer,60,"7""",1+,3/1,Depth Charge,clemson_1941.png,usa.png,United States,394
1278,Alden (1943),Clemson,Destroyer,65,"6""",1+,3/1,"Depth Charge, Radar",clemson_1941.png,usa.png,United States,395
1279,Bainbridge (1941),Clemson,Destroyer,60,"6""",1+,3/1,Depth Charge,clemson_1941.png,usa.png,United States,396
1280,Bainbridge (1942),Clemson,Destroyer,65,"6""",1+,3/1,"Depth Charge, Radar",clemson_1941.png,usa.png,United States,397
1281,Bainbridge (1943),Clemson,Destroyer,75,"6""",1+,3/1,"Depth Charge, Radar",clemson_1941.png,usa.png,United States,398
1282,Ballard (1940),Clemson,Destroyer,30,"5""",1+,3/1,Depth Charge,clemson_1941.png,usa.png,United States,399
1283,Ballard (1942),Clemson,Destroyer,35,"5""",1+,3/1,"Depth Charge, Radar",clemson_1941.png,usa.png,United States,400
1284,Barry (1943),Clemson,Destroyer,60,"6""",1+,3/1,"Depth Charge, Radar",clemson_1941.png,usa.png,United States,401
1285,Humphreys (1942),Clemson,Destroyer,40,"5""",1+,4/1,Radar,clemson_1941.png,usa.png,United States,402
1286,Farragut,Farragut,Destroyer,60,"7""",1+,4/1,,farragut_1941.png,usa.png,United States,403
1287,Farragut (1941),Farragut,Destroyer,65,"7""",1+,4/1,Depth Charge,farragut_1941.png,usa.png,United States,404
1288,Farragut (1942),Farragut,Destroyer,70,"6""",1+,5/1,Depth Charge,farragut_1942.png,usa.png,United States,405
1289,Farragut (1943),Farragut,Destroyer,75,"6""",1+,5/1,Depth Charge,farragut_1942.png,usa.png,United States,406
1290,Farragut (1943),Farragut,Destroyer,80,"6""",1+,5/1,"Depth Charge, Radar",farragut_1944.png,usa.png,United States,407
1291,Farragut (1944),Farragut,Destroyer,85,"6""",1+,5/1,"Depth Charge, Advanced Radar",farragut_1944.png,usa.png,United States,408
1292,Dewey (1942),Farragut,Destroyer,75,"6""",1+,5/1,"Depth Charge, Radar",farragut_1942.png,usa.png,United States,409
1293,Dewey (1942),Farragut,Destroyer,80,"6""",1+,5/1,"Depth Charge, Radar",farragut_1942.png,usa.png,United States,410
1294,Dewey (1944),Farragut,Destroyer,85,"6""",1+,5/1,"Depth Charge, Advanced Radar",farragut_1944.png,usa.png,United States,411
1295,Fletcher,Fletcher,Destroyer,60,"7""",1+,6/2,"Depth Charge, Radar",fletcher_1942.png,usa.png,United States,412
1296,Fletcher (1942),Fletcher,Destroyer,55,"7""",1+,6/2,"Depth Charge, Radar",fletcher_1942.png,usa.png,United States,413
1297,Fletcher (1943),Fletcher,Destroyer,65,"7""",1+,6/2,"Depth Charge, Advanced Radar",fletcher_1943.png,usa.png,United States,414
1298,Fletcher (1944),Fletcher,Destroyer,70,"7""",1+,6/2,"Depth Charge, Advanced Radar",fletcher_1944.png,usa.png,United States,415
1299,Newcomb (1945),Fletcher,Destroyer,60,"7""",1+,6/2,"Depth Charge, Advanced Radar",fletcher_1945.png,usa.png,United States,416
1300,Jenkins (1942),Fletcher,Destroyer,45,"7""",1+,6/2,"Aircraft 1, Depth Charge, Radar",jenkins_1942.png,usa.png,United States,417
1301,Gleaves,Gleaves,Destroyer,70,"7""",1+,5/2,Depth Charge,gleaves_1941.png,usa.png,United States,418
1302,Gleaves (1941),Gleaves,Destroyer,70,"7""",1+,5/2,Depth Charge,gleaves_1941.png,usa.png,United States,419
1303,Gleaves (1942),Gleaves,Destroyer,75,"7""",1+,5/2,"Depth Charge, Radar",gleaves_1942.png,usa.png,United States,420
1304,Gleaves (1943),Gleaves,Destroyer,85,"7""",1+,5/2,"Depth Charge, Advanced Radar",gleaves_1943.png,usa.png,United States,421
1305,Gleaves (1945),Gleaves,Destroyer,75,"7""",1+,5/2,"Depth Charge, Advanced Radar",gleaves_1945.png,usa.png,United States,422
1306,Edison (1940),Gleaves,Destroyer,60,"7""",1+,5/2,Depth Charge,gleaves_1941.png,usa.png,United States,423
1307,Edison (1942),Gleaves,Destroyer,65,"7""",1+,5/2,"Depth Charge, Radar",gleaves_1942.png,usa.png,United States,424
1308,Edison (1943),Gleaves,Destroyer,70,"7""",1+,5/2,"Depth Charge, Radar",gleaves_1943.png,usa.png,United States,425
1309,Edison (1944),Gleaves,Destroyer,75,"7""",1+,5/2,"Depth Charge, Advanced Radar",gleaves_1944.png,usa.png,United States,426
1310,Edison (1945),Gleaves,Destroyer,65,"7""",1+,5/2,"Depth Charge, Advanced Radar",gleaves_1945.png,usa.png,United States,427
1311,Grayson (1943),Gleaves,Destroyer,75,"7""",1+,5/2,"Depth Charge, Advanced Radar",gleaves_1943.png,usa.png,United States,428
1312,Grayson (1945),Gleaves,Destroyer,65,"7""",1+,5/2,"Depth Charge, Advanced Radar",gleaves_1945.png,usa.png,United States,429
1313,Wilkes (1943),Gleaves,Destroyer,75,"7""",1+,5/2,"Depth Charge, Advanced Radar",gleaves_1943.png,usa.png,United States,430
1314,Swanson (1945),Gleaves,Destroyer,65,"7""",1+,5/2,"Depth Charge, Advanced Radar",gleaves_1945.png,usa.png,United States,431
1315,Gridley,Gridley,Destroyer,60,"8""",1+,4/1,Depth Charge,bagley_1942.png,usa.png,United States,432
1316,Gridley (1943),Gridley,Destroyer,75,"8""",1+,4/1,"Depth Charge, Radar, Sub-Hunter",bagley_1943.png,usa.png,United States,433
1317,Gridley (1944),Gridley,Destroyer,75,"8""",1+,4/1,"Depth Charge, Advanced Radar, Sub-Hunter",bagley_1943.png,usa.png,United States,434
1318,Gridley (1945),Gridley,Destroyer,55,"8""",1+,4/1,"Depth Charge, Advanced Radar, Sub-Hunter",bagley_1945.png,usa.png,United States,435
1319,John C. Butler,John C. Butler,Destroyer,60,"5""",1+,4/1,"Depth Charge, Advanced Radar, Sub-Hunter, Agile, Hedgehogs",butler_1944.png,usa.png,United States,436
1320,John C. Butler (1945),John C. Butler,Destroyer,55,"5""",1+,4/1,"Depth Charge, Advanced Radar, Sub-Hunter, Agile, Hedgehogs",butler_1944.png,usa.png,United States,437
1321,Mahan,Mahan,Destroyer,60,"7""",1+,4/1,Depth Charge,mahan_1939.png,usa.png,United States,438
1322,Mahan (1942),Mahan,Destroyer,70,"7""",1+,4/1,"Depth Charge, Radar",mahan_1942.png,usa.png,United States,439
1323,Mahan (1943),Mahan,Destroyer,80,"7""",1+,4/1,"Depth Charge, Advanced Radar",mahan_1943.png,usa.png,United States,440
1324,Cummings (1943),Mahan,Destroyer,70,"7""",1+,4/1,"Depth Charge, Radar",mahan_1943.png,usa.png,United States,441
1325,Cummings (1944),Mahan,Destroyer,75,"7""",1+,4/1,"Depth Charge, Advanced Radar",mahan_1944.png,usa.png,United States,442
1326,Dunlap (1944),Mahan,Destroyer,70,"7""",1+,4/1,"Depth Charge, Advanced Radar",mahan_1944.png,usa.png,United States,443
1327,Lamson (1945),Mahan,Destroyer,75,"7""",1+,4/1,"Depth Charge, Advanced Radar",mahan_1944.png,usa.png,United States,444
1328,Shaw (1945),Mahan,Destroyer,75,"7""",1+,4/1,"Depth Charge, Advanced Radar",mahan_1944.png,usa.png,United States,445
1329,Cassin (1944),Mahan,Destroyer,65,"7""",1+,4/1,"Depth Charge, Advanced Radar",cassin_1943.png,usa.png,United States,446
1330,Porter,Porter,Destroyer,55,"7""",1+,5/2,Depth Charge,porter_1939.png,usa.png,United States,447
1331,Porter (1941),Porter,Destroyer,60,"7""",1+,5/2,"Depth Charge, Radar",porter_1941.png,usa.png,United States,448
1332,Porter (1942),Porter,Destroyer,70,"7""",1+,5/2,"Depth Charge, Radar",porter_1942.png,usa.png,United States,449
1333,Balch (1943),Porter,Destroyer,75,"7""",1+,5/2,"Depth Charge, Radar",porter_1942.png,usa.png,United States,450
1334,Balch (1944),Porter,Destroyer,80,"7""",1+,5/2,"Depth Charge, Radar, Sub-Hunter",porter_1944.png,usa.png,United States,451
1335,McDougal (1945),Porter,Destroyer,85,"7""",1+,5/2,"Depth Charge, Advanced Radar, Sub-Hunter",porter_1945.png,usa.png,United States,452
1336,Phelps (1945),Porter,Destroyer,70,"7""",1+,5/2,"Depth Charge, Advanced Radar, Sub-Hunter",porter_1945.png,usa.png,United States,453
1337,Selfridge (1945),Porter,Destroyer,75,"7""",1+,5/2,"Depth Charge, Advanced Radar, Sub-Hunter",porter_1945.png,usa.png,United States,454
1338,Sims,Sims,Destroyer,60,"7""",1+,5/2,Depth Charge,sims_1941.png,usa.png,United States,455
1339,Sims (1939),Sims,Destroyer,70,"7""",1+,5/2,Depth Charge,sims_1941.png,usa.png,United States,456
1340,Sims (1940),Sims,Destroyer,65,"7""",1+,5/2,Depth Charge,sims_1941.png,usa.png,United States,457
1341,Sims (1941),Sims,Destroyer,65,"7""",1+,5/2,Depth Charge,sims_1941.png,usa.png,United States,458
1342,Sims (1942),Sims,Destroyer,75,"7""",1+,5/2,"Depth Charge, Radar",sims_1942.png,usa.png,United States,459
1343,Anderson (1942),Sims,Destroyer,70,"7""",1+,5/2,"Depth Charge, Radar",sims_1942.png,usa.png,United States,460
1344,Anderson (1943),Sims,Destroyer,85,"7""",1+,5/2,"Depth Charge, Advanced Radar",sims_1943.png,usa.png,United States,461
1345,Buck (1943),Sims,Destroyer,75,"7""",1+,5/2,"Depth Charge, Advanced Radar",sims_1943.png,usa.png,United States,462
1346,Morris (1945),Sims,Destroyer,70,"7""",1+,5/2,"Depth Charge, Advanced Radar",sims_1943.png,usa.png,United States,463
1347,Wainwright (1944),Sims,Destroyer,75,"7""",1+,5/2,"Depth Charge, Advanced Radar",sims_1943.png,usa.png,United States,464
1348,Wainwright (1945),Sims,Destroyer,80,"7""",1+,5/2,"Depth Charge, Advanced Radar",sims_1943.png,usa.png,United States,465
1349,Hughes (1942),Sims,Destroyer,80,"7""",1+,5/2,"Depth Charge, Radar",sims_1942.png,usa.png,United States,466
1350,Hughes (1943),Sims,Destroyer,85,"7""",1+,5/2,"Depth Charge, Advanced Radar",sims_1943.png,usa.png,United States,467
