nation,nation_code,unit_id,ship_name,ship_class,ship_type,plate_filename,plate_url
Great Britain,uk,788,Hood,Admiral,Battleship,hood_1939.png,https://www.vas-admiralty-rules.com/img/ship_plates/hood_1939.png
Great Britain,uk,789,Hood (1940),Admiral,Battleship,hood_1939.png,https://www.vas-admiralty-rules.com/img/ship_plates/hood_1939.png
Great Britain,uk,790,Hood (1941),Admiral,Battleship,hood_1941.png,https://www.vas-admiralty-rules.com/img/ship_plates/hood_1941.png
Great Britain,uk,791,Hood (1942),Admiral,Battleship,hood_1942.png,https://www.vas-admiralty-rules.com/img/ship_plates/hood_1942.png
Great Britain,uk,792,King George V,King George V,Battleship,kgv_1941.png,https://www.vas-admiralty-rules.com/img/ship_plates/kgv_1941.png
Great Britain,uk,793,King George V (1942),King George V,Battleship,kgv_1941.png,https://www.vas-admiralty-rules.com/img/ship_plates/kgv_1941.png
Great Britain,uk,794,King George V (1943),King George V,Battleship,kgv_1941.png,https://www.vas-admiralty-rules.com/img/ship_plates/kgv_1941.png
Great Britain,uk,795,King George V (1944),King George V,Battleship,kgv_1941.png,https://www.vas-admiralty-rules.com/img/ship_plates/kgv_1941.png
Great Britain,uk,796,Howe (1945),King George V,Battleship,howe_1944.png,https://www.vas-admiralty-rules.com/img/ship_plates/howe_1944.png
Great Britain,uk,797,Anson (1943),King George V,Battleship,kgv_1941.png,https://www.vas-admiralty-rules.com/img/ship_plates/kgv_1941.png
Great Britain,uk,798,Anson (1944),King George V,Battleship,kgv_1941.png,https://www.vas-admiralty-rules.com/img/ship_plates/kgv_1941.png
Great Britain,uk,799,Anson (1945),King George V,Battleship,kgv_1941.png,https://www.vas-admiralty-rules.com/img/ship_plates/kgv_1941.png
Great Britain,uk,800,Duke of York (1941),King George V,Battleship,duke_of_york_1943.png,https://www.vas-admiralty-rules.com/img/ship_plates/duke_of_york_1943.png
Great Britain,uk,801,Duke of York (1943),King George V,Battleship,duke_of_york_1943.png,https://www.vas-admiralty-rules.com/img/ship_plates/duke_of_york_1943.png
Great Britain,uk,802,Duke of York (1944),King George V,Battleship,duke_of_york_1943.png,https://www.vas-admiralty-rules.com/img/ship_plates/duke_of_york_1943.png
Great Britain,uk,803,Duke of York (1945),King George V,Battleship,duke_of_york_1943.png,https://www.vas-admiralty-rules.com/img/ship_plates/duke_of_york_1943.png
Great Britain,uk,804,Prince of Wales (1941),King George V,Battleship,pow_1941.png,https://www.vas-admiralty-rules.com/img/ship_plates/pow_1941.png
Great Britain,uk,805,Lion,Lion,Battleship,lion_1945.png,https://www.vas-admiralty-rules.com/img/ship_plates/lion_1945.png
Great Britain,uk,806,N3,N3,Battleship,n3_1933.png,https://www.vas-admiralty-rules.com/img/ship_plates/n3_1933.png
Great Britain,uk,807,Nelson,Nelson,Battleship,nelson_1940.png,https://www.vas-admiralty-rules.com/img/ship_plates/nelson_1940.png
Great Britain,uk,808,Nelson (1940),Nelson,Battleship,nelson_1940.png,https://www.vas-admiralty-rules.com/img/ship_plates/nelson_1940.png
Great Britain,uk,809,Nelson (1941),Nelson,Battleship,nelson_1940.png,https://www.vas-admiralty-rules.com/img/ship_plates/nelson_1940.png
Great Britain,uk,810,Nelson (1942),Nelson,Battleship,nelson_1942.png,https://www.vas-admiralty-rules.com/img/ship_plates/nelson_1942.png
Great Britain,uk,811,Nelson (1943),Nelson,Battleship,nelson_1942.png,https://www.vas-admiralty-rules.com/img/ship_plates/nelson_1942.png
Great Britain,uk,812,Nelson (1945),Nelson,Battleship,nelson_1942.png,https://www.vas-admiralty-rules.com/img/ship_plates/nelson_1942.png
Great Britain,uk,813,Rodney (1939),Nelson,Battleship,rodney_1940.png,https://www.vas-admiralty-rules.com/img/ship_plates/rodney_1940.png
Great Britain,uk,814,Rodney (1941),Nelson,Battleship,rodney_1940.png,https://www.vas-admiralty-rules.com/img/ship_plates/rodney_1940.png
Great Britain,uk,815,Rodney (1942),Nelson,Battleship,rodney_1942.png,https://www.vas-admiralty-rules.com/img/ship_plates/rodney_1942.png
Great Britain,uk,816,Rodney (1944),Nelson,Battleship,rodney_1942.png,https://www.vas-admiralty-rules.com/img/ship_plates/rodney_1942.png
Great Britain,uk,817,Barham,Queen Elizabeth (Group 1),Battleship,barham_1941.png,https://www.vas-admiralty-rules.com/img/ship_plates/barham_1941.png
Great Britain,uk,818,Malaya,Queen Elizabeth (Group 1),Battleship,malaya_1942.png,https://www.vas-admiralty-rules.com/img/ship_plates/malaya_1942.png
Great Britain,uk,819,Queen Elizabeth,Queen Elizabeth (Group 2),Battleship,queen_elizabeth_1941.png,https://www.vas-admiralty-rules.com/img/ship_plates/queen_elizabeth_1941.png
Great Britain,uk,820,Queen Elizabeth (1941),Queen Elizabeth (Group 2),Battleship,queen_elizabeth_1941.png,https://www.vas-admiralty-rules.com/img/ship_plates/queen_elizabeth_1941.png
Great Britain,uk,821,Queen Elizabeth (1943),Queen Elizabeth (Group 2),Battleship,queen_elizabeth_1943.png,https://www.vas-admiralty-rules.com/img/ship_plates/queen_elizabeth_1943.png
Great Britain,uk,822,Warspite,Queen Elizabeth (Group 3),Battleship,warspite_1942.png,https://www.vas-admiralty-rules.com/img/ship_plates/warspite_1942.png
Great Britain,uk,823,Warspite (1942),Queen Elizabeth (Group 3),Battleship,warspite_1942.png,https://www.vas-admiralty-rules.com/img/ship_plates/warspite_1942.png
Great Britain,uk,824,Warspite (1943),Queen Elizabeth (Group 3),Battleship,warspite_1942.png,https://www.vas-admiralty-rules.com/img/ship_plates/warspite_1942.png
Great Britain,uk,825,Warspite (1944),Queen Elizabeth (Group 3),Battleship,warspite_1942.png,https://www.vas-admiralty-rules.com/img/ship_plates/warspite_1942.png
Great Britain,uk,826,Barham (1941),Queen Elizabeth (Group 1),Battleship,barham_1941.png,https://www.vas-admiralty-rules.com/img/ship_plates/barham_1941.png
Great Britain,uk,827,Malaya (1942),Queen Elizabeth (Group 1),Battleship,malaya_1937.png,https://www.vas-admiralty-rules.com/img/ship_plates/malaya_1937.png
Great Britain,uk,828,Malaya (1943),Queen Elizabeth (Group 1),Battleship,malaya_1937.png,https://www.vas-admiralty-rules.com/img/ship_plates/malaya_1937.png
Great Britain,uk,829,Malaya (1944),Queen Elizabeth (Group 1),Battleship,malaya_1937.png,https://www.vas-admiralty-rules.com/img/ship_plates/malaya_1937.png
Great Britain,uk,830,Valiant (1943),Queen Elizabeth (Group 2),Battleship,valiant_1939.png,https://www.vas-admiralty-rules.com/img/ship_plates/valiant_1939.png
Great Britain,uk,831,Valiant (1944),Queen Elizabeth (Group 2),Battleship,valiant_1939.png,https://www.vas-admiralty-rules.com/img/ship_plates/valiant_1939.png
Great Britain,uk,832,Renown,Renown,Battleship,renown_1941.png,https://www.vas-admiralty-rules.com/img/ship_plates/renown_1941.png
Great Britain,uk,833,Renown (1942),Renown,Battleship,renown_1941.png,https://www.vas-admiralty-rules.com/img/ship_plates/renown_1941.png
Great Britain,uk,834,Renown (1943),Renown,Battleship,renown_1941.png,https://www.vas-admiralty-rules.com/img/ship_plates/renown_1941.png
Great Britain,uk,835,Renown (1944),Renown,Battleship,renown_1944.png,https://www.vas-admiralty-rules.com/img/ship_plates/renown_1944.png
Great Britain,uk,836,Renown (1945),Renown,Battleship,renown_1944.png,https://www.vas-admiralty-rules.com/img/ship_plates/renown_1944.png
Great Britain,uk,837,Repulse,Renown,Battleship,repulse_1941.png,https://www.vas-admiralty-rules.com/img/ship_plates/repulse_1941.png
Great Britain,uk,838,Repulse (1940),Renown,Battleship,repulse_1941.png,https://www.vas-admiralty-rules.com/img/ship_plates/repulse_1941.png
Great Britain,uk,839,Repulse (1941),Renown,Battleship,repulse_1941.png,https://www.vas-admiralty-rules.com/img/ship_plates/repulse_1941.png
Great Britain,uk,840,Revenge,Revenge,Battleship,royal_sov_1935.png,https://www.vas-admiralty-rules.com/img/ship_plates/royal_sov_1935.png
Great Britain,uk,841,Ramllies,Revenge,Battleship,royal_sov_1935.png,https://www.vas-admiralty-rules.com/img/ship_plates/royal_sov_1935.png
Great Britain,uk,842,Resolution,Revenge,Battleship,resolution_1942.png,https://www.vas-admiralty-rules.com/img/ship_plates/resolution_1942.png
Great Britain,uk,843,Royal Oak,Revenge,Battleship,royal_oak_1940.png,https://www.vas-admiralty-rules.com/img/ship_plates/royal_oak_1940.png
Great Britain,uk,844,Ramllies (1942),Revenge,Battleship,royal_sov_1935.png,https://www.vas-admiralty-rules.com/img/ship_plates/royal_sov_1935.png
Great Britain,uk,845,Ramllies (1943),Revenge,Battleship,royal_sov_1935.png,https://www.vas-admiralty-rules.com/img/ship_plates/royal_sov_1935.png
Great Britain,uk,846,Resolution (1941),Revenge,Battleship,resolution_1942.png,https://www.vas-admiralty-rules.com/img/ship_plates/resolution_1942.png
Great Britain,uk,847,Resolution (1942),Revenge,Battleship,resolution_1942.png,https://www.vas-admiralty-rules.com/img/ship_plates/resolution_1942.png
Great Britain,uk,848,Resolution (1943),Revenge,Battleship,resolution_1942.png,https://www.vas-admiralty-rules.com/img/ship_plates/resolution_1942.png
Great Britain,uk,849,Revenge (1942),Revenge,Battleship,royal_sov_1935.png,https://www.vas-admiralty-rules.com/img/ship_plates/royal_sov_1935.png
Great Britain,uk,850,Royal Sovereign (1941),Revenge,Battleship,royal_sov_1935.png,https://www.vas-admiralty-rules.com/img/ship_plates/royal_sov_1935.png
Great Britain,uk,851,Royal Sovereign (1942),Revenge,Battleship,royal_sov_1935.png,https://www.vas-admiralty-rules.com/img/ship_plates/royal_sov_1935.png
Great Britain,uk,852,Royal Sovereign (1943),Revenge,Battleship,royal_sov_1935.png,https://www.vas-admiralty-rules.com/img/ship_plates/royal_sov_1935.png
Great Britain,uk,854,Vanguard,Vanguard,Battleship,vanguard_1946.png,https://www.vas-admiralty-rules.com/img/ship_plates/vanguard_1946.png
Great Britain,uk,1267,Erebus,Erebus,Battleship,erebus_1939.png,https://www.vas-admiralty-rules.com/img/ship_plates/erebus_1939.png
Great Britain,uk,1268,Erebus (1943),Erebus,Battleship,erebus_1939.png,https://www.vas-admiralty-rules.com/img/ship_plates/erebus_1939.png
Great Britain,uk,1269,Erebus (1944),Erebus,Battleship,erebus_1939.png,https://www.vas-admiralty-rules.com/img/ship_plates/erebus_1939.png
Great Britain,uk,1270,Erebus (1945),Erebus,Battleship,erebus_1939.png,https://www.vas-admiralty-rules.com/img/ship_plates/erebus_1939.png
Great Britain,uk,1271,Terror (1941),Erebus,Battleship,erebus_1939.png,https://www.vas-admiralty-rules.com/img/ship_plates/erebus_1939.png
Great Britain,uk,1276,Roberts,Roberts,Battleship,roberts_1941.png,https://www.vas-admiralty-rules.com/img/ship_plates/roberts_1941.png
Great Britain,uk,1277,Roberts (1945),Roberts,Battleship,roberts_1941.png,https://www.vas-admiralty-rules.com/img/ship_plates/roberts_1941.png
Great Britain,uk,1278,Abercrombie (1943),Roberts,Battleship,roberts_1941.png,https://www.vas-admiralty-rules.com/img/ship_plates/roberts_1941.png
Great Britain,uk,1279,Abercrombie (1945),Roberts,Battleship,roberts_1941.png,https://www.vas-admiralty-rules.com/img/ship_plates/roberts_1941.png
Great Britain,uk,855,Activity,Activity,Aircraft,mac_1943.png,https://www.vas-admiralty-rules.com/img/ship_plates/mac_1943.png
Great Britain,uk,856,Archer,Archer,Aircraft,archer_1941.png,https://www.vas-admiralty-rules.com/img/ship_plates/archer_1941.png
Great Britain,uk,857,Archer (1942),Archer,Aircraft,archer_1941.png,https://www.vas-admiralty-rules.com/img/ship_plates/archer_1941.png
Great Britain,uk,858,Archer (1943),Archer,Aircraft,archer_1941.png,https://www.vas-admiralty-rules.com/img/ship_plates/archer_1941.png
Great Britain,uk,859,Argus,Argus,Aircraft,argus_1942.png,https://www.vas-admiralty-rules.com/img/ship_plates/argus_1942.png
Great Britain,uk,860,Argus (1940),Argus,Aircraft,argus_1942.png,https://www.vas-admiralty-rules.com/img/ship_plates/argus_1942.png
Great Britain,uk,861,Argus (1942),Argus,Aircraft,argus_1942.png,https://www.vas-admiralty-rules.com/img/ship_plates/argus_1942.png
Great Britain,uk,862,Ark Royal,Ark Royal,Aircraft,ark_royal_1941.png,https://www.vas-admiralty-rules.com/img/ship_plates/ark_royal_1941.png
Great Britain,uk,863,Ark Royal (1941),Ark Royal,Aircraft,ark_royal_1941.png,https://www.vas-admiralty-rules.com/img/ship_plates/ark_royal_1941.png
Great Britain,uk,864,Attacker,Attacker,Aircraft,attacker_1942.png,https://www.vas-admiralty-rules.com/img/ship_plates/attacker_1942.png
Great Britain,uk,865,Battler (1943),Attacker,Aircraft,attacker_1942.png,https://www.vas-admiralty-rules.com/img/ship_plates/attacker_1942.png
Great Britain,uk,866,Searcher (1944),Attacker,Aircraft,attacker_1942.png,https://www.vas-admiralty-rules.com/img/ship_plates/attacker_1942.png
Great Britain,uk,867,Fencer (1945),Attacker,Aircraft,attacker_1942.png,https://www.vas-admiralty-rules.com/img/ship_plates/attacker_1942.png
Great Britain,uk,868,Eagle,Audacious,Aircraft,audacious_1946.png,https://www.vas-admiralty-rules.com/img/ship_plates/audacious_1946.png
Great Britain,uk,869,Audacity,Audacity,Aircraft,mac_1943.png,https://www.vas-admiralty-rules.com/img/ship_plates/mac_1943.png
Great Britain,uk,870,Avenger,Avenger,Aircraft,biter_1943.png,https://www.vas-admiralty-rules.com/img/ship_plates/biter_1943.png
Great Britain,uk,871,Biter (1941),Avenger,Aircraft,biter_1943.png,https://www.vas-admiralty-rules.com/img/ship_plates/biter_1943.png
Great Britain,uk,872,Biter (1942),Avenger,Aircraft,biter_1943.png,https://www.vas-admiralty-rules.com/img/ship_plates/biter_1943.png
Great Britain,uk,873,Dasher (1942),Avenger,Aircraft,biter_1943.png,https://www.vas-admiralty-rules.com/img/ship_plates/biter_1943.png
Great Britain,uk,874,Campania,Campania,Aircraft,campania_1945.png,https://www.vas-admiralty-rules.com/img/ship_plates/campania_1945.png
Great Britain,uk,875,Colossus,Colossus,Aircraft,colossus_1944.png,https://www.vas-admiralty-rules.com/img/ship_plates/colossus_1944.png
Great Britain,uk,876,Colossus (1945),Colossus,Aircraft,colossus_1944.png,https://www.vas-admiralty-rules.com/img/ship_plates/colossus_1944.png
Great Britain,uk,877,Ocean (1945),Colossus,Aircraft,colossus_1944.png,https://www.vas-admiralty-rules.com/img/ship_plates/colossus_1944.png
Great Britain,uk,878,Courageous,Courageous,Aircraft,courageous_1939.png,https://www.vas-admiralty-rules.com/img/ship_plates/courageous_1939.png
Great Britain,uk,879,Eagle,Eagle,Aircraft,eagle_1942.png,https://www.vas-admiralty-rules.com/img/ship_plates/eagle_1942.png
Great Britain,uk,880,Eagle (1942),Eagle,Aircraft,eagle_1942.png,https://www.vas-admiralty-rules.com/img/ship_plates/eagle_1942.png
Great Britain,uk,881,Furious,Furious,Aircraft,furious_1943.png,https://www.vas-admiralty-rules.com/img/ship_plates/furious_1943.png
Great Britain,uk,882,Furious (1941),Furious,Aircraft,furious_1943.png,https://www.vas-admiralty-rules.com/img/ship_plates/furious_1943.png
Great Britain,uk,883,Furious (1942),Furious,Aircraft,furious_1943.png,https://www.vas-admiralty-rules.com/img/ship_plates/furious_1943.png
Great Britain,uk,884,Furious (1943),Furious,Aircraft,furious_1943.png,https://www.vas-admiralty-rules.com/img/ship_plates/furious_1943.png
Great Britain,uk,885,Hermes,Hermes,Aircraft,hermes_1942.png,https://www.vas-admiralty-rules.com/img/ship_plates/hermes_1942.png
Great Britain,uk,886,Illustrious,Illustrious,Aircraft,illustrious_1943.png,https://www.vas-admiralty-rules.com/img/ship_plates/illustrious_1943.png
Great Britain,uk,887,Illustrious (1941),Illustrious,Aircraft,illustrious_1943.png,https://www.vas-admiralty-rules.com/img/ship_plates/illustrious_1943.png
Great Britain,uk,888,Illustrious (1943),Illustrious,Aircraft,illustrious_1943.png,https://www.vas-admiralty-rules.com/img/ship_plates/illustrious_1943.png
Great Britain,uk,889,Illustrious (1943),Illustrious,Aircraft,illustrious_1943.png,https://www.vas-admiralty-rules.com/img/ship_plates/illustrious_1943.png
Great Britain,uk,890,Illustrious (1944),Illustrious,Aircraft,illustrious_1943.png,https://www.vas-admiralty-rules.com/img/ship_plates/illustrious_1943.png
Great Britain,uk,891,Formidable (1943),Illustrious,Aircraft,formidable_1942.png,https://www.vas-admiralty-rules.com/img/ship_plates/formidable_1942.png
Great Britain,uk,892,Formidable (1943),Illustrious,Aircraft,formidable_1942.png,https://www.vas-admiralty-rules.com/img/ship_plates/formidable_1942.png
Great Britain,uk,893,Formidable (1944),Illustrious,Aircraft,formidable_1942.png,https://www.vas-admiralty-rules.com/img/ship_plates/formidable_1942.png
Great Britain,uk,894,Formidable (1945),Illustrious,Aircraft,formidable_1942.png,https://www.vas-admiralty-rules.com/img/ship_plates/formidable_1942.png
Great Britain,uk,895,Victorious (1943),Illustrious,Aircraft,victorious_1945.png,https://www.vas-admiralty-rules.com/img/ship_plates/victorious_1945.png
Great Britain,uk,896,Victorious (1943),Illustrious,Aircraft,victorious_1945.png,https://www.vas-admiralty-rules.com/img/ship_plates/victorious_1945.png
Great Britain,uk,897,Victorious (1944),Illustrious,Aircraft,victorious_1945.png,https://www.vas-admiralty-rules.com/img/ship_plates/victorious_1945.png
Great Britain,uk,898,Victorious (1945),Illustrious,Aircraft,victorious_1945.png,https://www.vas-admiralty-rules.com/img/ship_plates/victorious_1945.png
Great Britain,uk,899,Implacable,Implacable,Aircraft,implacable_1944.png,https://www.vas-admiralty-rules.com/img/ship_plates/implacable_1944.png
Great Britain,uk,900,Implacable (1944),Implacable,Aircraft,implacable_1944.png,https://www.vas-admiralty-rules.com/img/ship_plates/implacable_1944.png
Great Britain,uk,901,Implacable (1945),Implacable,Aircraft,implacable_1944.png,https://www.vas-admiralty-rules.com/img/ship_plates/implacable_1944.png
Great Britain,uk,902,Indefatigable (1945),Implacable,Aircraft,indefatigable_1945.png,https://www.vas-admiralty-rules.com/img/ship_plates/indefatigable_1945.png
Great Britain,uk,903,Indomitable,Indomitable,Aircraft,indomitable_1942.png,https://www.vas-admiralty-rules.com/img/ship_plates/indomitable_1942.png
Great Britain,uk,904,Indomitable (1942),Indomitable,Aircraft,indomitable_1942.png,https://www.vas-admiralty-rules.com/img/ship_plates/indomitable_1942.png
Great Britain,uk,905,Indomitable (1943),Indomitable,Aircraft,indomitable_1942.png,https://www.vas-admiralty-rules.com/img/ship_plates/indomitable_1942.png
Great Britain,uk,906,Indomitable (1944),Indomitable,Aircraft,indomitable_1944.png,https://www.vas-admiralty-rules.com/img/ship_plates/indomitable_1944.png
Great Britain,uk,907,Indomitable (1945),Indomitable,Aircraft,indomitable_1944.png,https://www.vas-admiralty-rules.com/img/ship_plates/indomitable_1944.png
Great Britain,uk,908,Malta,Malta,Aircraft,malta_1946.png,https://www.vas-admiralty-rules.com/img/ship_plates/malta_1946.png
Great Britain,uk,909,Empire MacAlpine,MAC,Aircraft,mac_1943.png,https://www.vas-admiralty-rules.com/img/ship_plates/mac_1943.png
Great Britain,uk,910,Pretoria Castle,Pretoria Castle,Aircraft,pretoria_castle_1943.png,https://www.vas-admiralty-rules.com/img/ship_plates/pretoria_castle_1943.png
Great Britain,uk,911,Ameer,Ruler,Aircraft,ruler_1943.png,https://www.vas-admiralty-rules.com/img/ship_plates/ruler_1943.png
Great Britain,uk,912,Arbiter (1945),Ruler,Aircraft,ruler_1943.png,https://www.vas-admiralty-rules.com/img/ship_plates/ruler_1943.png
Great Britain,uk,913,Trouncer (1945),Ruler,Aircraft,ruler_1943.png,https://www.vas-admiralty-rules.com/img/ship_plates/ruler_1943.png
Great Britain,uk,914,Unicorn,Unicorn,Aircraft,unicorn_1943.png,https://www.vas-admiralty-rules.com/img/ship_plates/unicorn_1943.png
Great Britain,uk,915,Unicorn (1944),Unicorn,Aircraft,unicorn_1943.png,https://www.vas-admiralty-rules.com/img/ship_plates/unicorn_1943.png
Great Britain,uk,916,Vindex,Vindex,Aircraft,vindex_1944.png,https://www.vas-admiralty-rules.com/img/ship_plates/vindex_1944.png
Great Britain,uk,917,Arethusa,Arethusa,Cruiser,arethusa_1941.png,https://www.vas-admiralty-rules.com/img/ship_plates/arethusa_1941.png
Great Britain,uk,918,Aurora,Arethusa,Cruiser,arethusa_1941.png,https://www.vas-admiralty-rules.com/img/ship_plates/arethusa_1941.png
Great Britain,uk,919,Galatea,Arethusa,Cruiser,arethusa_1941.png,https://www.vas-admiralty-rules.com/img/ship_plates/arethusa_1941.png
Great Britain,uk,920,Arethusa (1941),Arethusa,Cruiser,arethusa_1941.png,https://www.vas-admiralty-rules.com/img/ship_plates/arethusa_1941.png
Great Britain,uk,921,Arethusa (1942),Arethusa,Cruiser,arethusa_1941.png,https://www.vas-admiralty-rules.com/img/ship_plates/arethusa_1941.png
Great Britain,uk,922,Arethusa (1944),Arethusa,Cruiser,arethusa_1941.png,https://www.vas-admiralty-rules.com/img/ship_plates/arethusa_1941.png
Great Britain,uk,923,Aurora (1940),Arethusa,Cruiser,arethusa_1941.png,https://www.vas-admiralty-rules.com/img/ship_plates/arethusa_1941.png
Great Britain,uk,924,Aurora (1941),Arethusa,Cruiser,arethusa_1941.png,https://www.vas-admiralty-rules.com/img/ship_plates/arethusa_1941.png
Great Britain,uk,925,Aurora (1944),Arethusa,Cruiser,arethusa_1941.png,https://www.vas-admiralty-rules.com/img/ship_plates/arethusa_1941.png
Great Britain,uk,926,Galatea (1941),Arethusa,Cruiser,arethusa_1941.png,https://www.vas-admiralty-rules.com/img/ship_plates/arethusa_1941.png
Great Britain,uk,927,Penelope (1941),Arethusa,Cruiser,arethusa_1941.png,https://www.vas-admiralty-rules.com/img/ship_plates/arethusa_1941.png
Great Britain,uk,928,Penelope (1944),Arethusa,Cruiser,arethusa_1941.png,https://www.vas-admiralty-rules.com/img/ship_plates/arethusa_1941.png
Great Britain,uk,929,Bellona,Bellona,Cruiser,bellona_1943.png,https://www.vas-admiralty-rules.com/img/ship_plates/bellona_1943.png
Great Britain,uk,930,Bellona (1945),Bellona,Cruiser,bellona_1943.png,https://www.vas-admiralty-rules.com/img/ship_plates/bellona_1943.png
Great Britain,uk,931,Royalist (1943),Bellona,Cruiser,bellona_1943.png,https://www.vas-admiralty-rules.com/img/ship_plates/bellona_1943.png
Great Britain,uk,932,Black Prince (1944),Bellona,Cruiser,bellona_1943.png,https://www.vas-admiralty-rules.com/img/ship_plates/bellona_1943.png
Great Britain,uk,933,Black Prince (1945),Bellona,Cruiser,bellona_1943.png,https://www.vas-admiralty-rules.com/img/ship_plates/bellona_1943.png
Great Britain,uk,934,Coventry,C (Type 1),Cruiser,c1_class_1936.png,https://www.vas-admiralty-rules.com/img/ship_plates/c1_class_1936.png
Great Britain,uk,935,Caledon,C (Type 2),Cruiser,c2_class_1943.png,https://www.vas-admiralty-rules.com/img/ship_plates/c2_class_1943.png
Great Britain,uk,936,Colombo,C (Type 2),Cruiser,c2_class_1943.png,https://www.vas-admiralty-rules.com/img/ship_plates/c2_class_1943.png
Great Britain,uk,937,Caledon (1944),C (Type 2),Cruiser,c2_class_1943.png,https://www.vas-admiralty-rules.com/img/ship_plates/c2_class_1943.png
Great Britain,uk,938,Colombo (1945),C (Type 2),Cruiser,c2_class_1943.png,https://www.vas-admiralty-rules.com/img/ship_plates/c2_class_1943.png
Great Britain,uk,939,Cairo,C (Type 3A),Cruiser,c3a_class_1941.png,https://www.vas-admiralty-rules.com/img/ship_plates/c3a_class_1941.png
Great Britain,uk,940,Carlisle,C (Type 3A),Cruiser,c3a_class_1941.png,https://www.vas-admiralty-rules.com/img/ship_plates/c3a_class_1941.png
Great Britain,uk,941,Cairo (1941),C (Type 3A),Cruiser,c3a_class_1941.png,https://www.vas-admiralty-rules.com/img/ship_plates/c3a_class_1941.png
Great Britain,uk,942,Carlisle (1941),C (Type 3A),Cruiser,c3a_class_1941.png,https://www.vas-admiralty-rules.com/img/ship_plates/c3a_class_1941.png
Great Britain,uk,943,Curacoa (1941),C (Type 3A),Cruiser,c3a_class_1941.png,https://www.vas-admiralty-rules.com/img/ship_plates/c3a_class_1941.png
Great Britain,uk,944,Calypso,C (Type 3B),Cruiser,c3b_class_1941.png,https://www.vas-admiralty-rules.com/img/ship_plates/c3b_class_1941.png
Great Britain,uk,945,Capetown,C (Type 3B),Cruiser,c3b_class_1941.png,https://www.vas-admiralty-rules.com/img/ship_plates/c3b_class_1941.png
Great Britain,uk,946,Capetown (1942),C (Type 3B),Cruiser,c3b_class_1941.png,https://www.vas-admiralty-rules.com/img/ship_plates/c3b_class_1941.png
Great Britain,uk,947,Cardiff (1943),C (Type 3B),Cruiser,c3b_class_1941.png,https://www.vas-admiralty-rules.com/img/ship_plates/c3b_class_1941.png
Great Britain,uk,948,Danae,Danae,Cruiser,danae_1939.png,https://www.vas-admiralty-rules.com/img/ship_plates/danae_1939.png
Great Britain,uk,949,Danae (1943),Danae,Cruiser,danae_1939.png,https://www.vas-admiralty-rules.com/img/ship_plates/danae_1939.png
Great Britain,uk,951,Dauntless (1942),Danae,Cruiser,danae_1939.png,https://www.vas-admiralty-rules.com/img/ship_plates/danae_1939.png
Great Britain,uk,952,Delhi (1942),Danae,Cruiser,danae_1939.png,https://www.vas-admiralty-rules.com/img/ship_plates/danae_1939.png
Great Britain,uk,953,Delhi (1944),Danae,Cruiser,danae_1939.png,https://www.vas-admiralty-rules.com/img/ship_plates/danae_1939.png
Great Britain,uk,954,Diomede (1943),Danae,Cruiser,danae_1939.png,https://www.vas-admiralty-rules.com/img/ship_plates/danae_1939.png
Great Britain,uk,957,Dunedin (1941),Danae,Cruiser,danae_1939.png,https://www.vas-admiralty-rules.com/img/ship_plates/danae_1939.png
Great Britain,uk,958,Dido,Dido (Group 1),Cruiser,dido1_1940.png,https://www.vas-admiralty-rules.com/img/ship_plates/dido1_1940.png
Great Britain,uk,959,Bonaventure,Dido (Group 1),Cruiser,dido1_1940.png,https://www.vas-admiralty-rules.com/img/ship_plates/dido1_1940.png
Great Britain,uk,960,Bonaventure (1941),Dido (Group 1),Cruiser,dido1_1940.png,https://www.vas-admiralty-rules.com/img/ship_plates/dido1_1940.png
Great Britain,uk,961,Dido (1942),Dido (Group 1),Cruiser,dido1_1940.png,https://www.vas-admiralty-rules.com/img/ship_plates/dido1_1940.png
Great Britain,uk,962,Dido (1943),Dido (Group 1),Cruiser,dido1_1940.png,https://www.vas-admiralty-rules.com/img/ship_plates/dido1_1940.png
Great Britain,uk,963,Phoebe (1942),Dido (Group 1),Cruiser,dido1_1940.png,https://www.vas-admiralty-rules.com/img/ship_plates/dido1_1940.png
Great Britain,uk,964,Phoebe (1943),Dido (Group 1),Cruiser,dido1_1940.png,https://www.vas-admiralty-rules.com/img/ship_plates/dido1_1940.png
Great Britain,uk,965,Argonaut,Dido (Group 2),Cruiser,dido2_1940.png,https://www.vas-admiralty-rules.com/img/ship_plates/dido2_1940.png
Great Britain,uk,966,Naiad,Dido (Group 2),Cruiser,dido2_1940.png,https://www.vas-admiralty-rules.com/img/ship_plates/dido2_1940.png
Great Britain,uk,967,Argonaut (1944),Dido (Group 2),Cruiser,dido2_1940.png,https://www.vas-admiralty-rules.com/img/ship_plates/dido2_1940.png
Great Britain,uk,968,Argonaut (1945),Dido (Group 2),Cruiser,dido2_1940.png,https://www.vas-admiralty-rules.com/img/ship_plates/dido2_1940.png
Great Britain,uk,969,Cleopatra (1945),Dido (Group 2),Cruiser,dido2_1940.png,https://www.vas-admiralty-rules.com/img/ship_plates/dido2_1940.png
Great Britain,uk,970,Euralyus (1943),Dido (Group 2),Cruiser,dido2_1940.png,https://www.vas-admiralty-rules.com/img/ship_plates/dido2_1940.png
Great Britain,uk,971,Euralyus (1944),Dido (Group 2),Cruiser,dido2_1940.png,https://www.vas-admiralty-rules.com/img/ship_plates/dido2_1940.png
Great Britain,uk,972,Sirius (1944),Dido (Group 2),Cruiser,dido2_1940.png,https://www.vas-admiralty-rules.com/img/ship_plates/dido2_1940.png
Great Britain,uk,973,Sirius (1945),Dido (Group 2),Cruiser,dido2_1940.png,https://www.vas-admiralty-rules.com/img/ship_plates/dido2_1940.png
Great Britain,uk,974,Charybdis,Dido (Group 3),Cruiser,dido3_1941.png,https://www.vas-admiralty-rules.com/img/ship_plates/dido3_1941.png
Great Britain,uk,975,Charybdis (1943),Dido (Group 3),Cruiser,dido3_1941.png,https://www.vas-admiralty-rules.com/img/ship_plates/dido3_1941.png
Great Britain,uk,976,Scylla (1944),Dido (Group 3),Cruiser,dido3_1941.png,https://www.vas-admiralty-rules.com/img/ship_plates/dido3_1941.png
Great Britain,uk,977,Edinburgh,Edinburgh,Cruiser,edinburgh_1939.png,https://www.vas-admiralty-rules.com/img/ship_plates/edinburgh_1939.png
Great Britain,uk,978,Edinburgh (1941),Edinburgh,Cruiser,edinburgh_1939.png,https://www.vas-admiralty-rules.com/img/ship_plates/edinburgh_1939.png
Great Britain,uk,979,Edinburgh (1942),Edinburgh,Cruiser,edinburgh_1939.png,https://www.vas-admiralty-rules.com/img/ship_plates/edinburgh_1939.png
Great Britain,uk,980,Belfast (1943),Edinburgh,Cruiser,edinburgh_1939.png,https://www.vas-admiralty-rules.com/img/ship_plates/edinburgh_1939.png
Great Britain,uk,981,Belfast (1944),Edinburgh,Cruiser,edinburgh_1939.png,https://www.vas-admiralty-rules.com/img/ship_plates/edinburgh_1939.png
Great Britain,uk,982,Belfast (1945),Edinburgh,Cruiser,edinburgh_1939.png,https://www.vas-admiralty-rules.com/img/ship_plates/edinburgh_1939.png
Great Britain,uk,983,Emerald,Emerald,Cruiser,emerald_1939.png,https://www.vas-admiralty-rules.com/img/ship_plates/emerald_1939.png
Great Britain,uk,984,Enterprise,Emerald,Cruiser,emerald_1939.png,https://www.vas-admiralty-rules.com/img/ship_plates/emerald_1939.png
Great Britain,uk,985,Fiji,Crown Colony (Group 1),Cruiser,crown_colony_1940.png,https://www.vas-admiralty-rules.com/img/ship_plates/crown_colony_1940.png
Great Britain,uk,986,Fiji (1940),Crown Colony (Group 1),Cruiser,crown_colony_1940.png,https://www.vas-admiralty-rules.com/img/ship_plates/crown_colony_1940.png
Great Britain,uk,987,Bermuda (1942),Crown Colony (Group 1),Cruiser,crown_colony_1940.png,https://www.vas-admiralty-rules.com/img/ship_plates/crown_colony_1940.png
Great Britain,uk,988,Bermuda (1943),Crown Colony (Group 1),Cruiser,crown_colony_1940.png,https://www.vas-admiralty-rules.com/img/ship_plates/crown_colony_1940.png
Great Britain,uk,989,Bermuda (1944),Crown Colony (Group 1),Cruiser,crown_colony_1940.png,https://www.vas-admiralty-rules.com/img/ship_plates/crown_colony_1940.png
Great Britain,uk,990,Bermuda (1945),Crown Colony (Group 1),Cruiser,crown_colony_1940.png,https://www.vas-admiralty-rules.com/img/ship_plates/crown_colony_1940.png
Great Britain,uk,991,Gambia (1942),Crown Colony (Group 1),Cruiser,crown_colony_1940.png,https://www.vas-admiralty-rules.com/img/ship_plates/crown_colony_1940.png
Great Britain,uk,992,Gambia (1943),Crown Colony (Group 1),Cruiser,crown_colony_1940.png,https://www.vas-admiralty-rules.com/img/ship_plates/crown_colony_1940.png
Great Britain,uk,994,Jamaica (1944),Crown Colony (Group 1),Cruiser,crown_colony_1940.png,https://www.vas-admiralty-rules.com/img/ship_plates/crown_colony_1940.png
Great Britain,uk,995,Jamaica (1945),Crown Colony (Group 1),Cruiser,crown_colony_1940.png,https://www.vas-admiralty-rules.com/img/ship_plates/crown_colony_1940.png
Great Britain,uk,996,Kenya (1943),Crown Colony (Group 1),Cruiser,crown_colony_1940.png,https://www.vas-admiralty-rules.com/img/ship_plates/crown_colony_1940.png
Great Britain,uk,997,Kenya (1944),Crown Colony (Group 1),Cruiser,crown_colony_1940.png,https://www.vas-admiralty-rules.com/img/ship_plates/crown_colony_1940.png
Great Britain,uk,998,Kenya (1945),Crown Colony (Group 1),Cruiser,crown_colony_1940.png,https://www.vas-admiralty-rules.com/img/ship_plates/crown_colony_1940.png
Great Britain,uk,999,Mauritius (1943),Crown Colony (Group 1),Cruiser,crown_colony_1940.png,https://www.vas-admiralty-rules.com/img/ship_plates/crown_colony_1940.png
Great Britain,uk,1000,Mauritius (1944),Crown Colony (Group 1),Cruiser,crown_colony_1940.png,https://www.vas-admiralty-rules.com/img/ship_plates/crown_colony_1940.png
Great Britain,uk,1001,Mauritius (1945),Crown Colony (Group 1),Cruiser,crown_colony_1940.png,https://www.vas-admiralty-rules.com/img/ship_plates/crown_colony_1940.png
Great Britain,uk,1002,Nigeria (1945),Crown Colony (Group 1),Cruiser,crown_colony_1940.png,https://www.vas-admiralty-rules.com/img/ship_plates/crown_colony_1940.png
Great Britain,uk,1003,Ceylon,Crown Colony (Group 2),Cruiser,crown_colony_1943.png,https://www.vas-admiralty-rules.com/img/ship_plates/crown_colony_1943.png
Great Britain,uk,1004,Ceylon (1944),Crown Colony (Group 2),Cruiser,crown_colony_1943.png,https://www.vas-admiralty-rules.com/img/ship_plates/crown_colony_1943.png
Great Britain,uk,1005,Ceylon (1945),Crown Colony (Group 2),Cruiser,crown_colony_1943.png,https://www.vas-admiralty-rules.com/img/ship_plates/crown_colony_1943.png
Great Britain,uk,1006,Newfoundland (1944),Crown Colony (Group 2),Cruiser,crown_colony_1943.png,https://www.vas-admiralty-rules.com/img/ship_plates/crown_colony_1943.png
Great Britain,uk,1007,Uganda (1943),Crown Colony (Group 2),Cruiser,crown_colony_1943.png,https://www.vas-admiralty-rules.com/img/ship_plates/crown_colony_1943.png
Great Britain,uk,1008,Uganda (1944),Crown Colony (Group 2),Cruiser,crown_colony_1943.png,https://www.vas-admiralty-rules.com/img/ship_plates/crown_colony_1943.png
Great Britain,uk,1010,Gloucester,Gloucester,Cruiser,gloucester_1939.png,https://www.vas-admiralty-rules.com/img/ship_plates/gloucester_1939.png
Great Britain,uk,1011,Manchester (1940),Gloucester,Cruiser,gloucester_1939.png,https://www.vas-admiralty-rules.com/img/ship_plates/gloucester_1939.png
Great Britain,uk,1012,Manchester (1941),Gloucester,Cruiser,gloucester_1939.png,https://www.vas-admiralty-rules.com/img/ship_plates/gloucester_1939.png
Great Britain,uk,1013,Liverpool (1944),Gloucester,Cruiser,gloucester_1939.png,https://www.vas-admiralty-rules.com/img/ship_plates/gloucester_1939.png
Great Britain,uk,1014,Liverpool (1945),Gloucester,Cruiser,gloucester_1939.png,https://www.vas-admiralty-rules.com/img/ship_plates/gloucester_1939.png
Great Britain,uk,1015,Hawkins,Hawkins (Group 1),Cruiser,hawkins_1939.png,https://www.vas-admiralty-rules.com/img/ship_plates/hawkins_1939.png
Great Britain,uk,1016,Hawkins (1942),Hawkins (Group 1),Cruiser,hawkins_1939.png,https://www.vas-admiralty-rules.com/img/ship_plates/hawkins_1939.png
Great Britain,uk,1017,Hawkins (1944),Hawkins (Group 1),Cruiser,hawkins_1939.png,https://www.vas-admiralty-rules.com/img/ship_plates/hawkins_1939.png
Great Britain,uk,1018,Frobisher (1942),Hawkins (Group 1),Cruiser,hawkins_1939.png,https://www.vas-admiralty-rules.com/img/ship_plates/hawkins_1939.png
Great Britain,uk,1019,Frobisher (1944),Hawkins (Group 1),Cruiser,hawkins_1939.png,https://www.vas-admiralty-rules.com/img/ship_plates/hawkins_1939.png
Great Britain,uk,1020,Cavendish,Hawkins (Group 2),Cruiser,hawkins_1939.png,https://www.vas-admiralty-rules.com/img/ship_plates/hawkins_1939.png
Great Britain,uk,1021,Cavendish (1941),Hawkins (Group 2),Cruiser,hawkins_1939.png,https://www.vas-admiralty-rules.com/img/ship_plates/hawkins_1939.png
Great Britain,uk,1022,Kent,Kent,Cruiser,kent_1939.png,https://www.vas-admiralty-rules.com/img/ship_plates/kent_1939.png
Great Britain,uk,1023,Kent (1941),Kent,Cruiser,kent_1939.png,https://www.vas-admiralty-rules.com/img/ship_plates/kent_1939.png
Great Britain,uk,1024,Kent (1943),Kent,Cruiser,kent_1939.png,https://www.vas-admiralty-rules.com/img/ship_plates/kent_1939.png
Great Britain,uk,1025,Kent (1944),Kent,Cruiser,kent_1939.png,https://www.vas-admiralty-rules.com/img/ship_plates/kent_1939.png
Great Britain,uk,1026,Australia,Kent,Cruiser,kent_1939.png,https://www.vas-admiralty-rules.com/img/ship_plates/kent_1939.png
Great Britain,uk,1027,Australia (1941),Kent,Cruiser,kent_1939.png,https://www.vas-admiralty-rules.com/img/ship_plates/kent_1939.png
Great Britain,uk,1028,Australia (1942),Kent,Cruiser,kent_1939.png,https://www.vas-admiralty-rules.com/img/ship_plates/kent_1939.png
Great Britain,uk,1029,Australia (1944),Kent,Cruiser,kent_1939.png,https://www.vas-admiralty-rules.com/img/ship_plates/kent_1939.png
Great Britain,uk,1030,Australia (1945),Kent,Cruiser,kent_1939.png,https://www.vas-admiralty-rules.com/img/ship_plates/kent_1939.png
Great Britain,uk,1031,Berwick,Kent,Cruiser,kent_1939.png,https://www.vas-admiralty-rules.com/img/ship_plates/kent_1939.png
Great Britain,uk,1032,Berwick (1941),Kent,Cruiser,kent_1939.png,https://www.vas-admiralty-rules.com/img/ship_plates/kent_1939.png
Great Britain,uk,1033,Berwick (1942),Kent,Cruiser,kent_1939.png,https://www.vas-admiralty-rules.com/img/ship_plates/kent_1939.png
Great Britain,uk,1034,Berwick (1944),Kent,Cruiser,kent_1939.png,https://www.vas-admiralty-rules.com/img/ship_plates/kent_1939.png
Great Britain,uk,1035,Canberra,Kent,Cruiser,kent_1939.png,https://www.vas-admiralty-rules.com/img/ship_plates/kent_1939.png
Great Britain,uk,1036,Canberra (1941),Kent,Cruiser,kent_1939.png,https://www.vas-admiralty-rules.com/img/ship_plates/kent_1939.png
Great Britain,uk,1037,Canberra (1942),Kent,Cruiser,kent_1939.png,https://www.vas-admiralty-rules.com/img/ship_plates/kent_1939.png
Great Britain,uk,1038,Cumberland,Kent,Cruiser,kent_1939.png,https://www.vas-admiralty-rules.com/img/ship_plates/kent_1939.png
Great Britain,uk,1039,Cumberland (1941),Kent,Cruiser,kent_1939.png,https://www.vas-admiralty-rules.com/img/ship_plates/kent_1939.png
Great Britain,uk,1040,Cumberland (1943),Kent,Cruiser,kent_1939.png,https://www.vas-admiralty-rules.com/img/ship_plates/kent_1939.png
Great Britain,uk,1041,Cumberland (1944),Kent,Cruiser,kent_1939.png,https://www.vas-admiralty-rules.com/img/ship_plates/kent_1939.png
Great Britain,uk,1042,Suffolk,Kent,Cruiser,kent_1939.png,https://www.vas-admiralty-rules.com/img/ship_plates/kent_1939.png
Great Britain,uk,1043,Suffolk (1941),Kent,Cruiser,kent_1939.png,https://www.vas-admiralty-rules.com/img/ship_plates/kent_1939.png
Great Britain,uk,1044,Suffolk (1943),Kent,Cruiser,kent_1939.png,https://www.vas-admiralty-rules.com/img/ship_plates/kent_1939.png
Great Britain,uk,1045,Suffolk (1944),Kent,Cruiser,kent_1939.png,https://www.vas-admiralty-rules.com/img/ship_plates/kent_1939.png
Great Britain,uk,1046,Leander,Leander,Cruiser,leander_1939.png,https://www.vas-admiralty-rules.com/img/ship_plates/leander_1939.png
Great Britain,uk,1047,Leander (1941),Leander,Cruiser,leander_1939.png,https://www.vas-admiralty-rules.com/img/ship_plates/leander_1939.png
Great Britain,uk,1051,Achilles,Leander,Cruiser,leander_1939.png,https://www.vas-admiralty-rules.com/img/ship_plates/leander_1939.png
Great Britain,uk,1055,Ajax,Leander,Cruiser,leander_1939.png,https://www.vas-admiralty-rules.com/img/ship_plates/leander_1939.png
Great Britain,uk,1056,Ajax (1942),Leander,Cruiser,leander_1939.png,https://www.vas-admiralty-rules.com/img/ship_plates/leander_1939.png
Great Britain,uk,1057,Ajax (1943),Leander,Cruiser,leander_1939.png,https://www.vas-admiralty-rules.com/img/ship_plates/leander_1939.png
Great Britain,uk,1058,Ajax (1944),Leander,Cruiser,leander_1939.png,https://www.vas-admiralty-rules.com/img/ship_plates/leander_1939.png
Great Britain,uk,1059,Neptune (1941),Leander,Cruiser,leander_1939.png,https://www.vas-admiralty-rules.com/img/ship_plates/leander_1939.png
Great Britain,uk,1060,Orion (1941),Leander,Cruiser,leander_1939.png,https://www.vas-admiralty-rules.com/img/ship_plates/leander_1939.png
Great Britain,uk,1061,Orion (1942),Leander,Cruiser,leander_1939.png,https://www.vas-admiralty-rules.com/img/ship_plates/leander_1939.png
Great Britain,uk,1062,Orion (1943),Leander,Cruiser,leander_1939.png,https://www.vas-admiralty-rules.com/img/ship_plates/leander_1939.png
Great Britain,uk,1063,London,London,Cruiser,london_1939.png,https://www.vas-admiralty-rules.com/img/ship_plates/london_1939.png
Great Britain,uk,1064,London (1941),London,Cruiser,london_1939.png,https://www.vas-admiralty-rules.com/img/ship_plates/london_1939.png
Great Britain,uk,1065,London (1942),London,Cruiser,london_1939.png,https://www.vas-admiralty-rules.com/img/ship_plates/london_1939.png
Great Britain,uk,1066,London (1943),London,Cruiser,london_1939.png,https://www.vas-admiralty-rules.com/img/ship_plates/london_1939.png
Great Britain,uk,1067,London (1944),London,Cruiser,london_1939.png,https://www.vas-admiralty-rules.com/img/ship_plates/london_1939.png
Great Britain,uk,1068,London (1945),London,Cruiser,london_1939.png,https://www.vas-admiralty-rules.com/img/ship_plates/london_1939.png
Great Britain,uk,1069,Devonshire (1941),London,Cruiser,london_1939.png,https://www.vas-admiralty-rules.com/img/ship_plates/london_1939.png
Great Britain,uk,1070,Devonshire (1943),London,Cruiser,london_1939.png,https://www.vas-admiralty-rules.com/img/ship_plates/london_1939.png
Great Britain,uk,1071,Devonshire (1944),London,Cruiser,london_1939.png,https://www.vas-admiralty-rules.com/img/ship_plates/london_1939.png
Great Britain,uk,1072,Shropshire (1941),London,Cruiser,london_1939.png,https://www.vas-admiralty-rules.com/img/ship_plates/london_1939.png
Great Britain,uk,1073,Shropshire (1942),London,Cruiser,london_1939.png,https://www.vas-admiralty-rules.com/img/ship_plates/london_1939.png
Great Britain,uk,1077,Sussex (1942),London,Cruiser,sussex_1942.png,https://www.vas-admiralty-rules.com/img/ship_plates/sussex_1942.png
Great Britain,uk,1078,Sussex (1944),London,Cruiser,sussex_1942.png,https://www.vas-admiralty-rules.com/img/ship_plates/sussex_1942.png
Great Britain,uk,1079,Sussex (1945),London,Cruiser,sussex_1942.png,https://www.vas-admiralty-rules.com/img/ship_plates/sussex_1942.png
Great Britain,uk,1080,Norfolk,Norfolk,Cruiser,norfolk_1939.png,https://www.vas-admiralty-rules.com/img/ship_plates/norfolk_1939.png
Great Britain,uk,1081,Norfolk (1941),Norfolk,Cruiser,norfolk_1939.png,https://www.vas-admiralty-rules.com/img/ship_plates/norfolk_1939.png
Great Britain,uk,1082,Norfolk (1943),Norfolk,Cruiser,norfolk_1943.png,https://www.vas-admiralty-rules.com/img/ship_plates/norfolk_1943.png
Great Britain,uk,1083,Norfolk (1944),Norfolk,Cruiser,norfolk_1943.png,https://www.vas-admiralty-rules.com/img/ship_plates/norfolk_1943.png
Great Britain,uk,1084,Norfolk (1945),Norfolk,Cruiser,norfolk_1943.png,https://www.vas-admiralty-rules.com/img/ship_plates/norfolk_1943.png
Great Britain,uk,1085,Dorsetshire (1941),Norfolk,Cruiser,norfolk_1941.png,https://www.vas-admiralty-rules.com/img/ship_plates/norfolk_1941.png
Great Britain,uk,1091,Southampton,Southampton,Cruiser,southampton_1939.png,https://www.vas-admiralty-rules.com/img/ship_plates/southampton_1939.png
Great Britain,uk,1092,Birmingham (1942),Southampton,Cruiser,southampton_1939.png,https://www.vas-admiralty-rules.com/img/ship_plates/southampton_1939.png
Great Britain,uk,1093,Birmingham (1943),Southampton,Cruiser,southampton_1939.png,https://www.vas-admiralty-rules.com/img/ship_plates/southampton_1939.png
Great Britain,uk,1094,Birmingham (1944),Southampton,Cruiser,southampton_1939.png,https://www.vas-admiralty-rules.com/img/ship_plates/southampton_1939.png
Great Britain,uk,1095,Sheffield (1943),Southampton,Cruiser,southampton_1939.png,https://www.vas-admiralty-rules.com/img/ship_plates/southampton_1939.png
Great Britain,uk,1096,Sheffield (1944),Southampton,Cruiser,southampton_1939.png,https://www.vas-admiralty-rules.com/img/ship_plates/southampton_1939.png
Great Britain,uk,1097,Sheffield (1945),Southampton,Cruiser,southampton_1939.png,https://www.vas-admiralty-rules.com/img/ship_plates/southampton_1939.png
Great Britain,uk,1098,Glasgow (1940),Southampton,Cruiser,southampton_1939.png,https://www.vas-admiralty-rules.com/img/ship_plates/southampton_1939.png
Great Britain,uk,1099,Glasgow (1943),Southampton,Cruiser,southampton_1939.png,https://www.vas-admiralty-rules.com/img/ship_plates/southampton_1939.png
Great Britain,uk,1100,Glasgow (1944),Southampton,Cruiser,southampton_1939.png,https://www.vas-admiralty-rules.com/img/ship_plates/southampton_1939.png
Great Britain,uk,1101,Glasgow (1945),Southampton,Cruiser,southampton_1939.png,https://www.vas-admiralty-rules.com/img/ship_plates/southampton_1939.png
Great Britain,uk,1102,Newcastle (1941),Southampton,Cruiser,southampton_1939.png,https://www.vas-admiralty-rules.com/img/ship_plates/southampton_1939.png
Great Britain,uk,1103,Newcastle (1942),Southampton,Cruiser,southampton_1939.png,https://www.vas-admiralty-rules.com/img/ship_plates/southampton_1939.png
Great Britain,uk,1104,Newcastle (1943),Southampton,Cruiser,southampton_1939.png,https://www.vas-admiralty-rules.com/img/ship_plates/southampton_1939.png
Great Britain,uk,1105,Newcastle (1944),Southampton,Cruiser,southampton_1939.png,https://www.vas-admiralty-rules.com/img/ship_plates/southampton_1939.png
Great Britain,uk,1106,Swiftsure,Swiftsure,Cruiser,swiftsure_1944.png,https://www.vas-admiralty-rules.com/img/ship_plates/swiftsure_1944.png
Great Britain,uk,1107,Swiftsure (1945),Swiftsure,Cruiser,swiftsure_1944.png,https://www.vas-admiralty-rules.com/img/ship_plates/swiftsure_1944.png
Great Britain,uk,1109,Tiger,Tiger,Cruiser,tiger_1945.png,https://www.vas-admiralty-rules.com/img/ship_plates/tiger_1945.png
Great Britain,uk,1110,York,York,Cruiser,york_1939.png,https://www.vas-admiralty-rules.com/img/ship_plates/york_1939.png
Great Britain,uk,1111,Exeter (1941),York,Cruiser,york_1939.png,https://www.vas-admiralty-rules.com/img/ship_plates/york_1939.png
Great Britain,uk,1280,Dorsetshire,Norfolk,Cruiser,norfolk_1939.png,https://www.vas-admiralty-rules.com/img/ship_plates/norfolk_1939.png
Great Britain,uk,1112,Acasta,A & B,Destroyer,a_and_b_1939.png,https://www.vas-admiralty-rules.com/img/ship_plates/a_and_b_1939.png
Great Britain,uk,1113,Achates (1940),A & B,Destroyer,a_and_b_1939.png,https://www.vas-admiralty-rules.com/img/ship_plates/a_and_b_1939.png
Great Britain,uk,1114,Achates (1942),A & B,Destroyer,a_and_b_1939.png,https://www.vas-admiralty-rules.com/img/ship_plates/a_and_b_1939.png
Great Britain,uk,1115,Active (1941),A & B,Destroyer,a_and_b_1939.png,https://www.vas-admiralty-rules.com/img/ship_plates/a_and_b_1939.png
Great Britain,uk,1116,Active (1942),A & B,Destroyer,a_and_b_1939.png,https://www.vas-admiralty-rules.com/img/ship_plates/a_and_b_1939.png
Great Britain,uk,1117,Active (1944),A & B,Destroyer,a_and_b_1939.png,https://www.vas-admiralty-rules.com/img/ship_plates/a_and_b_1939.png
Great Britain,uk,1118,Anthony (1942),A & B,Destroyer,a_and_b_1939.png,https://www.vas-admiralty-rules.com/img/ship_plates/a_and_b_1939.png
Great Britain,uk,1119,Anthony (1943),A & B,Destroyer,a_and_b_1939.png,https://www.vas-admiralty-rules.com/img/ship_plates/a_and_b_1939.png
Great Britain,uk,1120,Anthony (1944),A & B,Destroyer,a_and_b_1939.png,https://www.vas-admiralty-rules.com/img/ship_plates/a_and_b_1939.png
Great Britain,uk,1121,Beagle (1943),A & B,Destroyer,a_and_b_1939.png,https://www.vas-admiralty-rules.com/img/ship_plates/a_and_b_1939.png
Great Britain,uk,1122,Boadicea (1941),A & B,Destroyer,a_and_b_1939.png,https://www.vas-admiralty-rules.com/img/ship_plates/a_and_b_1939.png
Great Britain,uk,1124,Sabre,Admiralty S,Destroyer,admiralty_s_1939.png,https://www.vas-admiralty-rules.com/img/ship_plates/admiralty_s_1939.png
Great Britain,uk,1125,Sabre (1941),Admiralty S,Destroyer,admiralty_s_1939.png,https://www.vas-admiralty-rules.com/img/ship_plates/admiralty_s_1939.png
Great Britain,uk,1126,Sabre (1941),Admiralty S,Destroyer,admiralty_s_1939.png,https://www.vas-admiralty-rules.com/img/ship_plates/admiralty_s_1939.png
Great Britain,uk,1127,Thracian,Admiralty S,Destroyer,admiralty_s_1939.png,https://www.vas-admiralty-rules.com/img/ship_plates/admiralty_s_1939.png
Great Britain,uk,1129,Vanity,Admiralty V & W,Destroyer,admiralty_v_1939.png,https://www.vas-admiralty-rules.com/img/ship_plates/admiralty_v_1939.png
Great Britain,uk,1130,Vanity (1939),Admiralty V & W,Destroyer,admiralty_v_1939.png,https://www.vas-admiralty-rules.com/img/ship_plates/admiralty_v_1939.png
Great Britain,uk,1131,Vanity (1941),Admiralty V & W,Destroyer,admiralty_v_1939.png,https://www.vas-admiralty-rules.com/img/ship_plates/admiralty_v_1939.png
Great Britain,uk,1132,Vimiera,Admiralty V & W,Destroyer,admiralty_v_1939.png,https://www.vas-admiralty-rules.com/img/ship_plates/admiralty_v_1939.png
Great Britain,uk,1133,Wakeful,Admiralty V & W,Destroyer,admiralty_v_1939.png,https://www.vas-admiralty-rules.com/img/ship_plates/admiralty_v_1939.png
Great Britain,uk,1134,Vanessa (1940),Admiralty V & W,Destroyer,admiralty_v_1939.png,https://www.vas-admiralty-rules.com/img/ship_plates/admiralty_v_1939.png
Great Britain,uk,1135,Vanessa (1942),Admiralty V & W,Destroyer,admiralty_v_1939.png,https://www.vas-admiralty-rules.com/img/ship_plates/admiralty_v_1939.png
Great Britain,uk,1136,Vanoc (1940),Admiralty V & W,Destroyer,admiralty_v_1939.png,https://www.vas-admiralty-rules.com/img/ship_plates/admiralty_v_1939.png
Great Britain,uk,1137,Vanoc (1943),Admiralty V & W,Destroyer,admiralty_v_1939.png,https://www.vas-admiralty-rules.com/img/ship_plates/admiralty_v_1939.png
Great Britain,uk,1138,Vanoc (1944),Admiralty V & W,Destroyer,admiralty_v_1939.png,https://www.vas-admiralty-rules.com/img/ship_plates/admiralty_v_1939.png
Great Britain,uk,1142,Vivacious (1943),Admiralty V & W,Destroyer,admiralty_v_1939.png,https://www.vas-admiralty-rules.com/img/ship_plates/admiralty_v_1939.png
Great Britain,uk,1143,Vortigern (1941),Admiralty V & W,Destroyer,admiralty_v_1939.png,https://www.vas-admiralty-rules.com/img/ship_plates/admiralty_v_1939.png
Great Britain,uk,1144,Walpole (1944),Admiralty V & W,Destroyer,admiralty_v_1939.png,https://www.vas-admiralty-rules.com/img/ship_plates/admiralty_v_1939.png
Great Britain,uk,1145,Windsor (1940),Admiralty V & W,Destroyer,admiralty_v_1939.png,https://www.vas-admiralty-rules.com/img/ship_plates/admiralty_v_1939.png
Great Britain,uk,1146,Windsor (1943),Admiralty V & W,Destroyer,admiralty_v_1939.png,https://www.vas-admiralty-rules.com/img/ship_plates/admiralty_v_1939.png
Great Britain,uk,1147,Westcott (1941),Admiralty V & W,Destroyer,admiralty_v_1939.png,https://www.vas-admiralty-rules.com/img/ship_plates/admiralty_v_1939.png
Great Britain,uk,1148,Westcott (1943),Admiralty V & W,Destroyer,admiralty_v_1939.png,https://www.vas-admiralty-rules.com/img/ship_plates/admiralty_v_1939.png
Great Britain,uk,1149,Viscount (1942),Admiralty V & W,Destroyer,admiralty_v_1939.png,https://www.vas-admiralty-rules.com/img/ship_plates/admiralty_v_1939.png
Great Britain,uk,1150,Viscount (1943),Admiralty V & W,Destroyer,admiralty_v_1939.png,https://www.vas-admiralty-rules.com/img/ship_plates/admiralty_v_1939.png
Great Britain,uk,1151,Vanquisher (1943),Admiralty V & W,Destroyer,admiralty_v_1939.png,https://www.vas-admiralty-rules.com/img/ship_plates/admiralty_v_1939.png
Great Britain,uk,1159,Dainty,C & D,Destroyer,c_and_d_1939.png,https://www.vas-admiralty-rules.com/img/ship_plates/c_and_d_1939.png
Great Britain,uk,1160,Dainty (1940),C & D,Destroyer,c_and_d_1939.png,https://www.vas-admiralty-rules.com/img/ship_plates/c_and_d_1939.png
Great Britain,uk,1161,Decoy (1941),C & D,Destroyer,c_and_d_1939.png,https://www.vas-admiralty-rules.com/img/ship_plates/c_and_d_1939.png
Great Britain,uk,1163,Duncan (1942),C & D,Destroyer,c_and_d_1939.png,https://www.vas-admiralty-rules.com/img/ship_plates/c_and_d_1939.png
Great Britain,uk,1164,Electra,E & F,Destroyer,e_and_f_1939.png,https://www.vas-admiralty-rules.com/img/ship_plates/e_and_f_1939.png
Great Britain,uk,1165,Electra (1940),E & F,Destroyer,e_and_f_1939.png,https://www.vas-admiralty-rules.com/img/ship_plates/e_and_f_1939.png
Great Britain,uk,1166,Electra (1941),E & F,Destroyer,e_and_f_1939.png,https://www.vas-admiralty-rules.com/img/ship_plates/e_and_f_1939.png
Great Britain,uk,1168,Escapade (1943),E & F,Destroyer,e_and_f_1939.png,https://www.vas-admiralty-rules.com/img/ship_plates/e_and_f_1939.png
Great Britain,uk,1169,Escapade (1944),E & F,Destroyer,e_and_f_1939.png,https://www.vas-admiralty-rules.com/img/ship_plates/e_and_f_1939.png
Great Britain,uk,1171,Fame (1941),E & F,Destroyer,e_and_f_1939.png,https://www.vas-admiralty-rules.com/img/ship_plates/e_and_f_1939.png
Great Britain,uk,1172,Fame (1942),E & F,Destroyer,e_and_f_1939.png,https://www.vas-admiralty-rules.com/img/ship_plates/e_and_f_1939.png
Great Britain,uk,1173,Fearless (1941),E & F,Destroyer,e_and_f_1939.png,https://www.vas-admiralty-rules.com/img/ship_plates/e_and_f_1939.png
Great Britain,uk,1174,Forester (1943),E & F,Destroyer,e_and_f_1939.png,https://www.vas-admiralty-rules.com/img/ship_plates/e_and_f_1939.png
Great Britain,uk,1177,Faulknor (1941),E & F,Destroyer,e_and_f_1939.png,https://www.vas-admiralty-rules.com/img/ship_plates/e_and_f_1939.png
Great Britain,uk,1178,Faulknor (1942),E & F,Destroyer,e_and_f_1939.png,https://www.vas-admiralty-rules.com/img/ship_plates/e_and_f_1939.png
Great Britain,uk,1179,Faulknor (1944),E & F,Destroyer,e_and_f_1939.png,https://www.vas-admiralty-rules.com/img/ship_plates/e_and_f_1939.png
Great Britain,uk,1180,Gallant,G & H,Destroyer,g_and_h_1939.png,https://www.vas-admiralty-rules.com/img/ship_plates/g_and_h_1939.png
Great Britain,uk,1181,Hasty,G & H,Destroyer,g_and_h_1939.png,https://www.vas-admiralty-rules.com/img/ship_plates/g_and_h_1939.png
Great Britain,uk,1182,Glowworm,G & H,Destroyer,g_and_h_1939.png,https://www.vas-admiralty-rules.com/img/ship_plates/g_and_h_1939.png
Great Britain,uk,1183,Grafton (1940),G & H,Destroyer,g_and_h_1939.png,https://www.vas-admiralty-rules.com/img/ship_plates/g_and_h_1939.png
Great Britain,uk,1188,Griffon (1941),G & H,Destroyer,g_and_h_1939.png,https://www.vas-admiralty-rules.com/img/ship_plates/g_and_h_1939.png
Great Britain,uk,1190,Hotspur (1943),G & H,Destroyer,g_and_h_1939.png,https://www.vas-admiralty-rules.com/img/ship_plates/g_and_h_1939.png
Great Britain,uk,1192,Hunt,Hunt,Destroyer,hunt_1939.png,https://www.vas-admiralty-rules.com/img/ship_plates/hunt_1939.png
Great Britain,uk,1193,Hunt (1941),Hunt,Destroyer,hunt_1939.png,https://www.vas-admiralty-rules.com/img/ship_plates/hunt_1939.png
Great Britain,uk,1194,Hunt (1942),Hunt,Destroyer,hunt_1939.png,https://www.vas-admiralty-rules.com/img/ship_plates/hunt_1939.png
Great Britain,uk,1195,Hunt (1945),Hunt,Destroyer,hunt_1939.png,https://www.vas-admiralty-rules.com/img/ship_plates/hunt_1939.png
Great Britain,uk,1196,Icarus,I,Destroyer,i_1939.png,https://www.vas-admiralty-rules.com/img/ship_plates/i_1939.png
Great Britain,uk,1197,Icarus (1940),I,Destroyer,i_1939.png,https://www.vas-admiralty-rules.com/img/ship_plates/i_1939.png
Great Britain,uk,1198,Icarus (1942),I,Destroyer,i_1939.png,https://www.vas-admiralty-rules.com/img/ship_plates/i_1939.png
Great Britain,uk,1199,Icarus (1943),I,Destroyer,i_1939.png,https://www.vas-admiralty-rules.com/img/ship_plates/i_1939.png
Great Britain,uk,1200,Impulsive (1943),I,Destroyer,i_1939.png,https://www.vas-admiralty-rules.com/img/ship_plates/i_1939.png
Great Britain,uk,1201,Imperial (1941),I,Destroyer,i_1939.png,https://www.vas-admiralty-rules.com/img/ship_plates/i_1939.png
Great Britain,uk,1202,Inglefield (1942),I,Destroyer,i_1939.png,https://www.vas-admiralty-rules.com/img/ship_plates/i_1939.png
Great Britain,uk,1203,Isis (1942),I,Destroyer,i_1939.png,https://www.vas-admiralty-rules.com/img/ship_plates/i_1939.png
Great Britain,uk,1204,Isis (1943),I,Destroyer,i_1939.png,https://www.vas-admiralty-rules.com/img/ship_plates/i_1939.png
Great Britain,uk,1205,Jackal,"J, K & N",Destroyer,j_k_and_n_1939.png,https://www.vas-admiralty-rules.com/img/ship_plates/j_k_and_n_1939.png
Great Britain,uk,1206,Jackal (1941),"J, K & N",Destroyer,j_k_and_n_1939.png,https://www.vas-admiralty-rules.com/img/ship_plates/j_k_and_n_1939.png
Great Britain,uk,1207,Javelin (1943),"J, K & N",Destroyer,j_k_and_n_1939.png,https://www.vas-admiralty-rules.com/img/ship_plates/j_k_and_n_1939.png
Great Britain,uk,1208,Juno (1941),"J, K & N",Destroyer,j_k_and_n_1939.png,https://www.vas-admiralty-rules.com/img/ship_plates/j_k_and_n_1939.png
Great Britain,uk,1209,Norseman,"J, K & N",Destroyer,j_k_and_n_1939.png,https://www.vas-admiralty-rules.com/img/ship_plates/j_k_and_n_1939.png
Great Britain,uk,1219,Legion,L (Group 1),Destroyer,l1_class_1941.png,https://www.vas-admiralty-rules.com/img/ship_plates/l1_class_1941.png
Great Britain,uk,1220,Legion (1945),L (Group 1),Destroyer,l1_class_1941.png,https://www.vas-admiralty-rules.com/img/ship_plates/l1_class_1941.png
Great Britain,uk,1221,Lightning,L (Group 2),Destroyer,l1_class_1941.png,https://www.vas-admiralty-rules.com/img/ship_plates/l1_class_1941.png
Great Britain,uk,1222,Musketeer,M,Destroyer,m_class_1941.png,https://www.vas-admiralty-rules.com/img/ship_plates/m_class_1941.png
Great Britain,uk,1223,Onslaught,O (Group 1),Destroyer,o1_class_1941.png,https://www.vas-admiralty-rules.com/img/ship_plates/o1_class_1941.png
Great Britain,uk,1224,Onslaught (1944),O (Group 1),Destroyer,o1_class_1941.png,https://www.vas-admiralty-rules.com/img/ship_plates/o1_class_1941.png
Great Britain,uk,1225,Offa (1945),O (Group 1),Destroyer,o1_class_1941.png,https://www.vas-admiralty-rules.com/img/ship_plates/o1_class_1941.png
Great Britain,uk,1226,Onslow (1945),O (Group 1),Destroyer,o1_class_1941.png,https://www.vas-admiralty-rules.com/img/ship_plates/o1_class_1941.png
Great Britain,uk,1227,Obedient,O (Group 2),Destroyer,o1_class_1941.png,https://www.vas-admiralty-rules.com/img/ship_plates/o1_class_1941.png
Great Britain,uk,1228,Obedient (1945),O (Group 2),Destroyer,o1_class_1941.png,https://www.vas-admiralty-rules.com/img/ship_plates/o1_class_1941.png
Great Britain,uk,1229,Paladin,P,Destroyer,p_class_1943.png,https://www.vas-admiralty-rules.com/img/ship_plates/p_class_1943.png
Great Britain,uk,1230,Saumarez,S,Destroyer,s_class_1943.png,https://www.vas-admiralty-rules.com/img/ship_plates/s_class_1943.png
Great Britain,uk,1231,Saumarez (1945),S,Destroyer,s_class_1943.png,https://www.vas-admiralty-rules.com/img/ship_plates/s_class_1943.png
Great Britain,uk,1233,Savage,S,Destroyer,s_class_1943.png,https://www.vas-admiralty-rules.com/img/ship_plates/s_class_1943.png
Great Britain,uk,1234,Scorpion (1945),S,Destroyer,s_class_1943.png,https://www.vas-admiralty-rules.com/img/ship_plates/s_class_1943.png
Great Britain,uk,1235,Campbell,Scott,Destroyer,scott_1939.png,https://www.vas-admiralty-rules.com/img/ship_plates/scott_1939.png
Great Britain,uk,1236,Campbell (1941),Scott,Destroyer,scott_1939.png,https://www.vas-admiralty-rules.com/img/ship_plates/scott_1939.png
Great Britain,uk,1237,Campbell (1944),Scott,Destroyer,scott_1939.png,https://www.vas-admiralty-rules.com/img/ship_plates/scott_1939.png
Great Britain,uk,1238,Douglas (1942),Scott,Destroyer,scott_1939.png,https://www.vas-admiralty-rules.com/img/ship_plates/scott_1939.png
Great Britain,uk,1239,Mackay (1941),Scott,Destroyer,scott_1939.png,https://www.vas-admiralty-rules.com/img/ship_plates/scott_1939.png
Great Britain,uk,1240,Mackay (1942),Scott,Destroyer,scott_1939.png,https://www.vas-admiralty-rules.com/img/ship_plates/scott_1939.png
Great Britain,uk,1241,Mackay (1944),Scott,Destroyer,scott_1939.png,https://www.vas-admiralty-rules.com/img/ship_plates/scott_1939.png
Great Britain,uk,1242,Malcolm (1942),Scott,Destroyer,scott_1939.png,https://www.vas-admiralty-rules.com/img/ship_plates/scott_1939.png
Great Britain,uk,1243,Malcolm (1943),Scott,Destroyer,scott_1939.png,https://www.vas-admiralty-rules.com/img/ship_plates/scott_1939.png
Great Britain,uk,1244,Montrose (1942),Scott,Destroyer,scott_1939.png,https://www.vas-admiralty-rules.com/img/ship_plates/scott_1939.png
Great Britain,uk,1245,Montrose (1944),Scott,Destroyer,scott_1939.png,https://www.vas-admiralty-rules.com/img/ship_plates/scott_1939.png
Great Britain,uk,1250,Keppel,Shakespeare,Destroyer,shakespeare_1939.png,https://www.vas-admiralty-rules.com/img/ship_plates/shakespeare_1939.png
Great Britain,uk,1251,Keppel (1941),Shakespeare,Destroyer,shakespeare_1939.png,https://www.vas-admiralty-rules.com/img/ship_plates/shakespeare_1939.png
Great Britain,uk,1252,Keppel (1942),Shakespeare,Destroyer,shakespeare_1939.png,https://www.vas-admiralty-rules.com/img/ship_plates/shakespeare_1939.png
Great Britain,uk,1253,Keppel (1944),Shakespeare,Destroyer,shakespeare_1939.png,https://www.vas-admiralty-rules.com/img/ship_plates/shakespeare_1939.png
Great Britain,uk,1254,Broke (1942),Shakespeare,Destroyer,shakespeare_1939.png,https://www.vas-admiralty-rules.com/img/ship_plates/shakespeare_1939.png
Great Britain,uk,1255,Wallace,Shakespeare,Destroyer,shakespeare_wair.png,https://www.vas-admiralty-rules.com/img/ship_plates/shakespeare_wair.png
Great Britain,uk,1256,Wallace (1941),Shakespeare,Destroyer,shakespeare_wair.png,https://www.vas-admiralty-rules.com/img/ship_plates/shakespeare_wair.png
Great Britain,uk,1257,Wallace (1943),Shakespeare,Destroyer,shakespeare_wair.png,https://www.vas-admiralty-rules.com/img/ship_plates/shakespeare_wair.png
Great Britain,uk,1258,Ashanti,Tribal,Destroyer,tribal_1939.png,https://www.vas-admiralty-rules.com/img/ship_plates/tribal_1939.png
Great Britain,uk,1259,Ashanti (1941),Tribal,Destroyer,tribal_1939.png,https://www.vas-admiralty-rules.com/img/ship_plates/tribal_1939.png
Great Britain,uk,1260,Ashanti (1944),Tribal,Destroyer,tribal_1939.png,https://www.vas-admiralty-rules.com/img/ship_plates/tribal_1939.png
Great Britain,uk,1261,Cossack (1940),Tribal,Destroyer,tribal_1939.png,https://www.vas-admiralty-rules.com/img/ship_plates/tribal_1939.png
Great Britain,uk,1262,Eskimo (1940),Tribal,Destroyer,tribal_1939.png,https://www.vas-admiralty-rules.com/img/ship_plates/tribal_1939.png
Great Britain,uk,1263,Eskimo (1941),Tribal,Destroyer,tribal_1939.png,https://www.vas-admiralty-rules.com/img/ship_plates/tribal_1939.png
Great Britain,uk,1264,Eskimo (1944),Tribal,Destroyer,tribal_1939.png,https://www.vas-admiralty-rules.com/img/ship_plates/tribal_1939.png
Great Britain,uk,1265,Nubian (1942),Tribal,Destroyer,tribal_1939.png,https://www.vas-admiralty-rules.com/img/ship_plates/tribal_1939.png
Great Britain,uk,1266,Nubian (1944),Tribal,Destroyer,tribal_1939.png,https://www.vas-admiralty-rules.com/img/ship_plates/tribal_1939.png
Great Britain,uk,1272,Abelia,Flower,Destroyer,flower_1943.png,https://www.vas-admiralty-rules.com/img/ship_plates/flower_1943.png
Great Britain,uk,1273,Abelia (1942),Flower,Destroyer,flower_1943.png,https://www.vas-admiralty-rules.com/img/ship_plates/flower_1943.png
Great Britain,uk,1274,Loch Achanalt,Loch,Destroyer,loch_1944.png,https://www.vas-admiralty-rules.com/img/ship_plates/loch_1944.png
Great Britain,uk,1275,Loch Achanalt (1945),Loch,Destroyer,loch_1944.png,https://www.vas-admiralty-rules.com/img/ship_plates/loch_1944.png
Great Britain,uk,15,Swordfish,S (Group 1),Submarine,s1_sub.png,https://www.vas-admiralty-rules.com/img/ship_plates/s1_sub.png
Great Britain,uk,16,Sealion,S (Group 2),Submarine,s2_sub.png,https://www.vas-admiralty-rules.com/img/ship_plates/s2_sub.png
Great Britain,uk,17,Safari,S (Group 3),Submarine,s3_sub.png,https://www.vas-admiralty-rules.com/img/ship_plates/s3_sub.png
Great Britain,uk,18,Swordfish (1943),S (Group 1),Submarine,s1_sub.png,https://www.vas-admiralty-rules.com/img/ship_plates/s1_sub.png
Great Britain,uk,19,Sealion (1943),S (Group 2),Submarine,s2_sub.png,https://www.vas-admiralty-rules.com/img/ship_plates/s2_sub.png
Great Britain,uk,20,Safari (1943),S (Group 3),Submarine,s3_sub.png,https://www.vas-admiralty-rules.com/img/ship_plates/s3_sub.png
Great Britain,uk,21,Undine,U,Submarine,u1_sub.png,https://www.vas-admiralty-rules.com/img/ship_plates/u1_sub.png
Great Britain,uk,22,Undine (1941),U,Submarine,u2_sub.png,https://www.vas-admiralty-rules.com/img/ship_plates/u2_sub.png
Great Britain,uk,23,Triton,T,Submarine,t1_sub.png,https://www.vas-admiralty-rules.com/img/ship_plates/t1_sub.png
Great Britain,uk,24,Triton (1943),T,Submarine,t2_sub.png,https://www.vas-admiralty-rules.com/img/ship_plates/t2_sub.png
Great Britain,uk,1,Ammunition Ship,Ammunition Ship,,ammo_ship.png,https://www.vas-admiralty-rules.com/img/ship_plates/ammo_ship.png
Great Britain,uk,2,Ammunition Ship (1942),Ammunition Ship,,ammo_ship.png,https://www.vas-admiralty-rules.com/img/ship_plates/ammo_ship.png
Great Britain,uk,3,Ammunition Ship (1944),Ammunition Ship,,ammo_ship.png,https://www.vas-admiralty-rules.com/img/ship_plates/ammo_ship.png
Great Britain,uk,4,Armed Merchant Cruiser,Merchant Cruiser,,merch_cruiser.png,https://www.vas-admiralty-rules.com/img/ship_plates/merch_cruiser.png
Great Britain,uk,6,Liberty Ship,Cargo Ship,,liberty.png,https://www.vas-admiralty-rules.com/img/ship_plates/liberty.png
Great Britain,uk,7,Liner,Liner,,liner.png,https://www.vas-admiralty-rules.com/img/ship_plates/liner.png
Great Britain,uk,8,Oil Tanker,Oil Tanker,,tanker.png,https://www.vas-admiralty-rules.com/img/ship_plates/tanker.png
Great Britain,uk,9,Oil Tanker (1942),Oil Tanker,,tanker.png,https://www.vas-admiralty-rules.com/img/ship_plates/tanker.png
Great Britain,uk,10,Oil Tanker (1944),Oil Tanker,,tanker.png,https://www.vas-admiralty-rules.com/img/ship_plates/tanker.png
Great Britain,uk,11,Dale,Oil Tanker,,dale_tanker.png,https://www.vas-admiralty-rules.com/img/ship_plates/dale_tanker.png
Great Britain,uk,12,Dale (1944),Oil Tanker,,dale_tanker.png,https://www.vas-admiralty-rules.com/img/ship_plates/dale_tanker.png
Great Britain,uk,16,Seaplane Tender,Seaplane Tender,,seaplane_tender.png,https://www.vas-admiralty-rules.com/img/ship_plates/seaplane_tender.png
Great Britain,uk,17,Tramp Freighter,Tramp Freighter,,tramp_freighter.png,https://www.vas-admiralty-rules.com/img/ship_plates/tramp_freighter.png
Great Britain,uk,18,Troop Ship,Troop Ship,,troop_ship.png,https://www.vas-admiralty-rules.com/img/ship_plates/troop_ship.png
Great Britain,uk,19,Victory Ship,Cargo Ship,,victory.png,https://www.vas-admiralty-rules.com/img/ship_plates/victory.png
United States,us,93,Colorado,Colorado,Battleship,colorado_1941.png,https://www.vas-admiralty-rules.com/img/ship_plates/colorado_1941.png
United States,us,94,Colorado (1942),Colorado,Battleship,colorado_1941.png,https://www.vas-admiralty-rules.com/img/ship_plates/colorado_1941.png
United States,us,95,Colorado (1944),Colorado,Battleship,colorado_1941.png,https://www.vas-admiralty-rules.com/img/ship_plates/colorado_1941.png
United States,us,96,Colorado (1944),Colorado,Battleship,colorado_1941.png,https://www.vas-admiralty-rules.com/img/ship_plates/colorado_1941.png
United States,us,97,Colorado (1945),Colorado,Battleship,colorado_1941.png,https://www.vas-admiralty-rules.com/img/ship_plates/colorado_1941.png
United States,us,98,Maryland,Colorado,Battleship,maryland_1944.png,https://www.vas-admiralty-rules.com/img/ship_plates/maryland_1944.png
United States,us,99,Maryland (1941),Colorado,Battleship,maryland_1944.png,https://www.vas-admiralty-rules.com/img/ship_plates/maryland_1944.png
United States,us,100,Maryland (1942),Colorado,Battleship,maryland_1944.png,https://www.vas-admiralty-rules.com/img/ship_plates/maryland_1944.png
United States,us,101,Maryland (1943),Colorado,Battleship,maryland_1944.png,https://www.vas-admiralty-rules.com/img/ship_plates/maryland_1944.png
United States,us,102,Maryland (1944),Colorado,Battleship,maryland_1944.png,https://www.vas-admiralty-rules.com/img/ship_plates/maryland_1944.png
United States,us,103,Maryland (1945),Colorado,Battleship,maryland_1944.png,https://www.vas-admiralty-rules.com/img/ship_plates/maryland_1944.png
United States,us,104,West Virginia,Colorado,Battleship,west_virginia_1945.png,https://www.vas-admiralty-rules.com/img/ship_plates/west_virginia_1945.png
United States,us,105,West Virginia (1941),Colorado,Battleship,west_virginia_1945.png,https://www.vas-admiralty-rules.com/img/ship_plates/west_virginia_1945.png
United States,us,106,West Virginia (1944),Colorado,Battleship,west_virginia_1945.png,https://www.vas-admiralty-rules.com/img/ship_plates/west_virginia_1945.png
United States,us,107,West Virginia (1945),Colorado,Battleship,west_virginia_1945.png,https://www.vas-admiralty-rules.com/img/ship_plates/west_virginia_1945.png
United States,us,108,Iowa,Iowa,Battleship,iowa_1943.png,https://www.vas-admiralty-rules.com/img/ship_plates/iowa_1943.png
United States,us,109,Iowa (1944),Iowa,Battleship,iowa_1943.png,https://www.vas-admiralty-rules.com/img/ship_plates/iowa_1943.png
United States,us,110,Iowa (1945),Iowa,Battleship,iowa_1943.png,https://www.vas-admiralty-rules.com/img/ship_plates/iowa_1943.png
United States,us,111,New Jersey (1943),Iowa,Battleship,new_jersey_1944.png,https://www.vas-admiralty-rules.com/img/ship_plates/new_jersey_1944.png
United States,us,112,New Jersey (1945),Iowa,Battleship,new_jersey_1944.png,https://www.vas-admiralty-rules.com/img/ship_plates/new_jersey_1944.png
United States,us,113,Missouri (1944),Iowa,Battleship,missouri_1944.png,https://www.vas-admiralty-rules.com/img/ship_plates/missouri_1944.png
United States,us,114,Missouri (1945),Iowa,Battleship,missouri_1945.png,https://www.vas-admiralty-rules.com/img/ship_plates/missouri_1945.png
United States,us,115,Wisconsin (1944),Iowa,Battleship,wisconsin_1945.png,https://www.vas-admiralty-rules.com/img/ship_plates/wisconsin_1945.png
United States,us,116,Montana,Montana,Battleship,montana_1945.png,https://www.vas-admiralty-rules.com/img/ship_plates/montana_1945.png
United States,us,117,Nevada,Nevada,Battleship,nevada_1941.png,https://www.vas-admiralty-rules.com/img/ship_plates/nevada_1941.png
United States,us,118,Nevada (1943),Nevada,Battleship,nevada_1941.png,https://www.vas-admiralty-rules.com/img/ship_plates/nevada_1941.png
United States,us,119,Nevada (1944),Nevada,Battleship,nevada_1941.png,https://www.vas-admiralty-rules.com/img/ship_plates/nevada_1941.png
United States,us,120,Nevada (1945),Nevada,Battleship,nevada_1941.png,https://www.vas-admiralty-rules.com/img/ship_plates/nevada_1941.png
United States,us,121,Oklahoma (1941),Nevada,Battleship,oklahoma_1941.png,https://www.vas-admiralty-rules.com/img/ship_plates/oklahoma_1941.png
United States,us,122,New Mexico,New Mexico,Battleship,new_mexico_1941.png,https://www.vas-admiralty-rules.com/img/ship_plates/new_mexico_1941.png
United States,us,123,New Mexico (1941),New Mexico,Battleship,new_mexico_1941.png,https://www.vas-admiralty-rules.com/img/ship_plates/new_mexico_1941.png
United States,us,124,New Mexico (1942),New Mexico,Battleship,new_mexico_1941.png,https://www.vas-admiralty-rules.com/img/ship_plates/new_mexico_1941.png
United States,us,125,New Mexico (1943),New Mexico,Battleship,new_mexico_1941.png,https://www.vas-admiralty-rules.com/img/ship_plates/new_mexico_1941.png
United States,us,126,New Mexico (1944),New Mexico,Battleship,new_mexico_1944.png,https://www.vas-admiralty-rules.com/img/ship_plates/new_mexico_1944.png
United States,us,127,New Mexico (1945),New Mexico,Battleship,new_mexico_1944.png,https://www.vas-admiralty-rules.com/img/ship_plates/new_mexico_1944.png
United States,us,128,Idaho (1941),New Mexico,Battleship,idaho_1945.png,https://www.vas-admiralty-rules.com/img/ship_plates/idaho_1945.png
United States,us,129,Idaho (1942),New Mexico,Battleship,idaho_1945.png,https://www.vas-admiralty-rules.com/img/ship_plates/idaho_1945.png
United States,us,130,Idaho (1943),New Mexico,Battleship,idaho_1945.png,https://www.vas-admiralty-rules.com/img/ship_plates/idaho_1945.png
United States,us,131,Idaho (1945),New Mexico,Battleship,idaho_1945.png,https://www.vas-admiralty-rules.com/img/ship_plates/idaho_1945.png
United States,us,132,Mississippi (1943),New Mexico,Battleship,mississippi_1945.png,https://www.vas-admiralty-rules.com/img/ship_plates/mississippi_1945.png
United States,us,133,Mississippi (1944),New Mexico,Battleship,mississippi_1945.png,https://www.vas-admiralty-rules.com/img/ship_plates/mississippi_1945.png
United States,us,134,Mississippi (1945),New Mexico,Battleship,mississippi_1945.png,https://www.vas-admiralty-rules.com/img/ship_plates/mississippi_1945.png
United States,us,135,New York,New York,Battleship,new_york_1943.png,https://www.vas-admiralty-rules.com/img/ship_plates/new_york_1943.png
United States,us,136,New York (1941),New York,Battleship,new_york_1943.png,https://www.vas-admiralty-rules.com/img/ship_plates/new_york_1943.png
United States,us,137,New York (1942),New York,Battleship,new_york_1943.png,https://www.vas-admiralty-rules.com/img/ship_plates/new_york_1943.png
United States,us,138,New York (1943),New York,Battleship,new_york_1943.png,https://www.vas-admiralty-rules.com/img/ship_plates/new_york_1943.png
United States,us,139,New York (1944),New York,Battleship,new_york_1943.png,https://www.vas-admiralty-rules.com/img/ship_plates/new_york_1943.png
United States,us,140,New York (1945),New York,Battleship,new_york_1943.png,https://www.vas-admiralty-rules.com/img/ship_plates/new_york_1943.png
United States,us,141,Texas (1941),New York,Battleship,texas_1941.png,https://www.vas-admiralty-rules.com/img/ship_plates/texas_1941.png
United States,us,142,Texas (1942),New York,Battleship,texas_1941.png,https://www.vas-admiralty-rules.com/img/ship_plates/texas_1941.png
United States,us,143,Texas (1943),New York,Battleship,texas_1943.png,https://www.vas-admiralty-rules.com/img/ship_plates/texas_1943.png
United States,us,144,Texas (1944),New York,Battleship,texas_1943.png,https://www.vas-admiralty-rules.com/img/ship_plates/texas_1943.png
United States,us,145,Texas (1945),New York,Battleship,texas_1943.png,https://www.vas-admiralty-rules.com/img/ship_plates/texas_1943.png
United States,us,146,North Carolina,North Carolina,Battleship,north_carolina_1941.png,https://www.vas-admiralty-rules.com/img/ship_plates/north_carolina_1941.png
United States,us,147,North Carolina (1942),North Carolina,Battleship,north_carolina_1943.png,https://www.vas-admiralty-rules.com/img/ship_plates/north_carolina_1943.png
United States,us,148,North Carolina (1943),North Carolina,Battleship,north_carolina_1943.png,https://www.vas-admiralty-rules.com/img/ship_plates/north_carolina_1943.png
United States,us,149,North Carolina (1944),North Carolina,Battleship,north_carolina_1943.png,https://www.vas-admiralty-rules.com/img/ship_plates/north_carolina_1943.png
United States,us,150,North Carolina (1945),North Carolina,Battleship,north_carolina_1943.png,https://www.vas-admiralty-rules.com/img/ship_plates/north_carolina_1943.png
United States,us,151,Washington (1942),North Carolina,Battleship,washington_1942.png,https://www.vas-admiralty-rules.com/img/ship_plates/washington_1942.png
United States,us,152,Washington (1943),North Carolina,Battleship,washington_1942.png,https://www.vas-admiralty-rules.com/img/ship_plates/washington_1942.png
United States,us,153,Washington (1944),North Carolina,Battleship,washington_1942.png,https://www.vas-admiralty-rules.com/img/ship_plates/washington_1942.png
United States,us,154,Washington (1945),North Carolina,Battleship,washington_1942.png,https://www.vas-admiralty-rules.com/img/ship_plates/washington_1942.png
United States,us,155,Pennsylvania,Pennsylvania,Battleship,pennsylvania_1941.png,https://www.vas-admiralty-rules.com/img/ship_plates/pennsylvania_1941.png
United States,us,156,Pennsylvania (1941),Pennsylvania,Battleship,pennsylvania_1941.png,https://www.vas-admiralty-rules.com/img/ship_plates/pennsylvania_1941.png
United States,us,157,Pennsylvania (1942),Pennsylvania,Battleship,pennsylvania_1941.png,https://www.vas-admiralty-rules.com/img/ship_plates/pennsylvania_1941.png
United States,us,158,Pennsylvania (1943),Pennsylvania,Battleship,pennsylvania_1941.png,https://www.vas-admiralty-rules.com/img/ship_plates/pennsylvania_1941.png
United States,us,159,Pennsylvania (1945),Pennsylvania,Battleship,pennsylvania_1944.png,https://www.vas-admiralty-rules.com/img/ship_plates/pennsylvania_1944.png
United States,us,160,Arizona (1941),Pennsylvania,Battleship,arizona_1941.png,https://www.vas-admiralty-rules.com/img/ship_plates/arizona_1941.png
United States,us,161,South Dakota,South Dakota,Battleship,south_dakota_1942.png,https://www.vas-admiralty-rules.com/img/ship_plates/south_dakota_1942.png
United States,us,162,South Dakota (1942),South Dakota,Battleship,south_dakota_1942.png,https://www.vas-admiralty-rules.com/img/ship_plates/south_dakota_1942.png
United States,us,163,South Dakota (1943),South Dakota,Battleship,south_dakota_1942.png,https://www.vas-admiralty-rules.com/img/ship_plates/south_dakota_1942.png
United States,us,164,South Dakota (1944),South Dakota,Battleship,south_dakota_1942.png,https://www.vas-admiralty-rules.com/img/ship_plates/south_dakota_1942.png
United States,us,165,South Dakota (1945),South Dakota,Battleship,south_dakota_1945.png,https://www.vas-admiralty-rules.com/img/ship_plates/south_dakota_1945.png
United States,us,166,Alabama (1943),South Dakota,Battleship,alabama_1942.png,https://www.vas-admiralty-rules.com/img/ship_plates/alabama_1942.png
United States,us,167,Alabama (1944),South Dakota,Battleship,alabama_1944.png,https://www.vas-admiralty-rules.com/img/ship_plates/alabama_1944.png
United States,us,168,Alabama (1945),South Dakota,Battleship,alabama_1944.png,https://www.vas-admiralty-rules.com/img/ship_plates/alabama_1944.png
United States,us,169,Indiana (1943),South Dakota,Battleship,indiana_1942.png,https://www.vas-admiralty-rules.com/img/ship_plates/indiana_1942.png
United States,us,170,Massachusetts (1942),South Dakota,Battleship,massachusetts_1944.png,https://www.vas-admiralty-rules.com/img/ship_plates/massachusetts_1944.png
United States,us,171,Massachusetts (1943),South Dakota,Battleship,massachusetts_1944.png,https://www.vas-admiralty-rules.com/img/ship_plates/massachusetts_1944.png
United States,us,172,Massachusetts (1944),South Dakota,Battleship,massachusetts_1944.png,https://www.vas-admiralty-rules.com/img/ship_plates/massachusetts_1944.png
United States,us,173,Massachusetts (1945),South Dakota,Battleship,massachusetts_1945.png,https://www.vas-admiralty-rules.com/img/ship_plates/massachusetts_1945.png
United States,us,174,Tennessee,Tennessee,Battleship,tennessee_1942.png,https://www.vas-admiralty-rules.com/img/ship_plates/tennessee_1942.png
United States,us,175,Tennessee (1942),Tennessee,Battleship,tennessee_1943.png,https://www.vas-admiralty-rules.com/img/ship_plates/tennessee_1943.png
United States,us,176,Tennessee (1943),Tennessee,Battleship,tennessee_1943.png,https://www.vas-admiralty-rules.com/img/ship_plates/tennessee_1943.png
United States,us,177,California (1941),Tennessee,Battleship,california_1944.png,https://www.vas-admiralty-rules.com/img/ship_plates/california_1944.png
United States,us,178,California (1944),Tennessee,Battleship,california_1944.png,https://www.vas-admiralty-rules.com/img/ship_plates/california_1944.png
United States,us,179,Wyoming,Wyoming,Battleship,wyoming_1942.png,https://www.vas-admiralty-rules.com/img/ship_plates/wyoming_1942.png
United States,us,180,Wyoming (1931),Wyoming,Battleship,wyoming_1944.png,https://www.vas-admiralty-rules.com/img/ship_plates/wyoming_1944.png
United States,us,181,Arkansas (1942),Wyoming,Battleship,arkansas_1942.png,https://www.vas-admiralty-rules.com/img/ship_plates/arkansas_1942.png
United States,us,182,Arkansas (1943),Wyoming,Battleship,arkansas_1942.png,https://www.vas-admiralty-rules.com/img/ship_plates/arkansas_1942.png
United States,us,183,Arkansas (1945),Wyoming,Battleship,arkansas_1942.png,https://www.vas-admiralty-rules.com/img/ship_plates/arkansas_1942.png
United States,us,184,Bogue,Bogue,Aircraft,bogue_1943.png,https://www.vas-admiralty-rules.com/img/ship_plates/bogue_1943.png
United States,us,185,Bogue (1943),Bogue,Aircraft,bogue_1943.png,https://www.vas-admiralty-rules.com/img/ship_plates/bogue_1943.png
United States,us,186,Bogue (1945),Bogue,Aircraft,bogue_1944.png,https://www.vas-admiralty-rules.com/img/ship_plates/bogue_1944.png
United States,us,187,Block Island (1943),Bogue,Aircraft,bogue_1943.png,https://www.vas-admiralty-rules.com/img/ship_plates/bogue_1943.png
United States,us,188,Block Island (1944),Bogue,Aircraft,bogue_1943.png,https://www.vas-admiralty-rules.com/img/ship_plates/bogue_1943.png
United States,us,189,Copahee (1943),Bogue,Aircraft,bogue_1943.png,https://www.vas-admiralty-rules.com/img/ship_plates/bogue_1943.png
United States,us,190,Copahee (1944),Bogue,Aircraft,bogue_1944.png,https://www.vas-admiralty-rules.com/img/ship_plates/bogue_1944.png
United States,us,191,Copahee (1945),Bogue,Aircraft,bogue_1944.png,https://www.vas-admiralty-rules.com/img/ship_plates/bogue_1944.png
United States,us,192,Croatan (1943),Bogue,Aircraft,card_1943.png,https://www.vas-admiralty-rules.com/img/ship_plates/card_1943.png
United States,us,193,Croatan (1944),Bogue,Aircraft,card_1943.png,https://www.vas-admiralty-rules.com/img/ship_plates/card_1943.png
United States,us,194,Croatan (1945),Bogue,Aircraft,card_1943.png,https://www.vas-admiralty-rules.com/img/ship_plates/card_1943.png
United States,us,195,Prince William (1943),Bogue,Aircraft,card_1943.png,https://www.vas-admiralty-rules.com/img/ship_plates/card_1943.png
United States,us,196,Prince William (1943),Bogue,Aircraft,card_1943.png,https://www.vas-admiralty-rules.com/img/ship_plates/card_1943.png
United States,us,197,Prince William (1944),Bogue,Aircraft,card_1943.png,https://www.vas-admiralty-rules.com/img/ship_plates/card_1943.png
United States,us,198,Prince William (1945),Bogue,Aircraft,card_1943.png,https://www.vas-admiralty-rules.com/img/ship_plates/card_1943.png
United States,us,199,Casablanca,Casablanca,Aircraft,casablanca_1944.png,https://www.vas-admiralty-rules.com/img/ship_plates/casablanca_1944.png
United States,us,200,Casablanca (1945),Casablanca,Aircraft,casablanca_1944.png,https://www.vas-admiralty-rules.com/img/ship_plates/casablanca_1944.png
United States,us,201,Essex,Essex,Aircraft,essex_1943.png,https://www.vas-admiralty-rules.com/img/ship_plates/essex_1943.png
United States,us,202,Essex (1945),Essex,Aircraft,essex_1943.png,https://www.vas-admiralty-rules.com/img/ship_plates/essex_1943.png
United States,us,203,Antietam (1945),Essex,Aircraft,essex_1943.png,https://www.vas-admiralty-rules.com/img/ship_plates/essex_1943.png
United States,us,204,Bennington (1944),Essex,Aircraft,bennington_1944.png,https://www.vas-admiralty-rules.com/img/ship_plates/bennington_1944.png
United States,us,205,Bennington (1945),Essex,Aircraft,bennington_1944.png,https://www.vas-admiralty-rules.com/img/ship_plates/bennington_1944.png
United States,us,206,Boxer (1945),Essex,Aircraft,essex_1943.png,https://www.vas-admiralty-rules.com/img/ship_plates/essex_1943.png
United States,us,207,Bunker Hill (1945),Essex,Aircraft,bunker_hill_1944.png,https://www.vas-admiralty-rules.com/img/ship_plates/bunker_hill_1944.png
United States,us,208,Bon Homme Richard (1944),Essex,Aircraft,bon_homme_richard_1944.png,https://www.vas-admiralty-rules.com/img/ship_plates/bon_homme_richard_1944.png
United States,us,209,Bon Homme Richard (1945),Essex,Aircraft,bon_homme_richard_1944.png,https://www.vas-admiralty-rules.com/img/ship_plates/bon_homme_richard_1944.png
United States,us,210,Hornet (1945),Essex,Aircraft,hornet_1944.png,https://www.vas-admiralty-rules.com/img/ship_plates/hornet_1944.png
United States,us,211,Randolph (1944),Essex,Aircraft,randolph_1944.png,https://www.vas-admiralty-rules.com/img/ship_plates/randolph_1944.png
United States,us,212,Randolph (1945),Essex,Aircraft,randolph_1944.png,https://www.vas-admiralty-rules.com/img/ship_plates/randolph_1944.png
United States,us,213,Shangra-La (1944),Essex,Aircraft,shangri-la_1944.png,https://www.vas-admiralty-rules.com/img/ship_plates/shangri-la_1944.png
United States,us,214,Shangra-La (1945),Essex,Aircraft,shangri-la_1944.png,https://www.vas-admiralty-rules.com/img/ship_plates/shangri-la_1944.png
United States,us,215,Independence,Independence,Aircraft,independence_1943.png,https://www.vas-admiralty-rules.com/img/ship_plates/independence_1943.png
United States,us,216,Independence (1944),Independence,Aircraft,independence_1944.png,https://www.vas-admiralty-rules.com/img/ship_plates/independence_1944.png
United States,us,217,Cabot (1944),Independence,Aircraft,cabbot_1944.png,https://www.vas-admiralty-rules.com/img/ship_plates/cabbot_1944.png
United States,us,218,Langley (1945),Independence,Aircraft,langley_1944.png,https://www.vas-admiralty-rules.com/img/ship_plates/langley_1944.png
United States,us,219,Bataan (1944),Independence,Aircraft,bataan_1944.png,https://www.vas-admiralty-rules.com/img/ship_plates/bataan_1944.png
United States,us,220,Lexington,Lexington,Aircraft,lexington_1940.png,https://www.vas-admiralty-rules.com/img/ship_plates/lexington_1940.png
United States,us,221,Lexington (1942),Lexington,Aircraft,lexington_1942.png,https://www.vas-admiralty-rules.com/img/ship_plates/lexington_1942.png
United States,us,222,Saratoga (1942),Lexington,Aircraft,lexington_1940.png,https://www.vas-admiralty-rules.com/img/ship_plates/lexington_1940.png
United States,us,223,Saratoga (1943),Lexington,Aircraft,saratoga_1943.png,https://www.vas-admiralty-rules.com/img/ship_plates/saratoga_1943.png
United States,us,224,Saratoga (1944),Lexington,Aircraft,saratoga_1943.png,https://www.vas-admiralty-rules.com/img/ship_plates/saratoga_1943.png
United States,us,225,Long Island,Long Island,Aircraft,long_island_1942.png,https://www.vas-admiralty-rules.com/img/ship_plates/long_island_1942.png
United States,us,226,Long Island (1942),Long Island,Aircraft,long_island_1942.png,https://www.vas-admiralty-rules.com/img/ship_plates/long_island_1942.png
United States,us,227,Long Island (1944),Long Island,Aircraft,long_island_1942.png,https://www.vas-admiralty-rules.com/img/ship_plates/long_island_1942.png
United States,us,228,Long Island (1945),Long Island,Aircraft,long_island_1942.png,https://www.vas-admiralty-rules.com/img/ship_plates/long_island_1942.png
United States,us,229,Midway,Midway,Aircraft,midway_1945.png,https://www.vas-admiralty-rules.com/img/ship_plates/midway_1945.png
United States,us,230,Ranger,Ranger,Aircraft,ranger_1935.png,https://www.vas-admiralty-rules.com/img/ship_plates/ranger_1935.png
United States,us,231,Ranger (1941),Ranger,Aircraft,ranger_1942.png,https://www.vas-admiralty-rules.com/img/ship_plates/ranger_1942.png
United States,us,232,Ranger (1942),Ranger,Aircraft,ranger_1943.png,https://www.vas-admiralty-rules.com/img/ship_plates/ranger_1943.png
United States,us,233,Ranger (1943),Ranger,Aircraft,ranger_1943.png,https://www.vas-admiralty-rules.com/img/ship_plates/ranger_1943.png
United States,us,234,Ranger (1944),Ranger,Aircraft,ranger_1943.png,https://www.vas-admiralty-rules.com/img/ship_plates/ranger_1943.png
United States,us,235,Sangamon,Sangamon,Aircraft,sangamon_1943.png,https://www.vas-admiralty-rules.com/img/ship_plates/sangamon_1943.png
United States,us,236,Sangamon (1943),Sangamon,Aircraft,sangamon_1943.png,https://www.vas-admiralty-rules.com/img/ship_plates/sangamon_1943.png
United States,us,237,Sangamon (1944),Sangamon,Aircraft,sangamon_1943.png,https://www.vas-admiralty-rules.com/img/ship_plates/sangamon_1943.png
United States,us,238,Sangamon (1945),Sangamon,Aircraft,sangamon_1943.png,https://www.vas-admiralty-rules.com/img/ship_plates/sangamon_1943.png
United States,us,239,Wasp,Wasp,Aircraft,wasp_1942.png,https://www.vas-admiralty-rules.com/img/ship_plates/wasp_1942.png
United States,us,240,Wasp (1942),Wasp,Aircraft,wasp_1942.png,https://www.vas-admiralty-rules.com/img/ship_plates/wasp_1942.png
United States,us,241,Yorktown,Yorktown,Aircraft,yorktown_1940.png,https://www.vas-admiralty-rules.com/img/ship_plates/yorktown_1940.png
United States,us,242,Yorktown (1940),Yorktown,Aircraft,yorktown_1940.png,https://www.vas-admiralty-rules.com/img/ship_plates/yorktown_1940.png
United States,us,243,Yorktown (1941),Yorktown,Aircraft,yorktown_1942.png,https://www.vas-admiralty-rules.com/img/ship_plates/yorktown_1942.png
United States,us,244,Hornet (1941),Yorktown,Aircraft,hornet_1942.png,https://www.vas-admiralty-rules.com/img/ship_plates/hornet_1942.png
United States,us,245,Hornet (1942),Yorktown,Aircraft,hornet_1942.png,https://www.vas-admiralty-rules.com/img/ship_plates/hornet_1942.png
United States,us,246,Enterprise (1940),Yorktown,Aircraft,enterprise_1940.png,https://www.vas-admiralty-rules.com/img/ship_plates/enterprise_1940.png
United States,us,247,Enterprise (1942),Yorktown,Aircraft,enterprise_1942.png,https://www.vas-admiralty-rules.com/img/ship_plates/enterprise_1942.png
United States,us,248,Enterprise (1943),Yorktown,Aircraft,enterprise_1943.png,https://www.vas-admiralty-rules.com/img/ship_plates/enterprise_1943.png
United States,us,249,Enterprise (1945),Yorktown,Aircraft,enterprise_1945.png,https://www.vas-admiralty-rules.com/img/ship_plates/enterprise_1945.png
United States,us,250,Alaska,Alaska,Cruiser,alaska_1944.png,https://www.vas-admiralty-rules.com/img/ship_plates/alaska_1944.png
United States,us,251,Atlanta,Atlanta (Group 1),Cruiser,atlanta_1942.png,https://www.vas-admiralty-rules.com/img/ship_plates/atlanta_1942.png
United States,us,252,San Diego (1943),Atlanta (Group 1),Cruiser,san_diego_1942.png,https://www.vas-admiralty-rules.com/img/ship_plates/san_diego_1942.png
United States,us,253,San Diego (1944),Atlanta (Group 1),Cruiser,san_diego_1942.png,https://www.vas-admiralty-rules.com/img/ship_plates/san_diego_1942.png
United States,us,254,San Juan (1943),Atlanta (Group 1),Cruiser,san_juan_1944.png,https://www.vas-admiralty-rules.com/img/ship_plates/san_juan_1944.png
United States,us,255,San Juan (1945),Atlanta (Group 1),Cruiser,san_juan_1944.png,https://www.vas-admiralty-rules.com/img/ship_plates/san_juan_1944.png
United States,us,256,Oakland,Atlanta (Group 2),Cruiser,oakland_1943.png,https://www.vas-admiralty-rules.com/img/ship_plates/oakland_1943.png
United States,us,257,Oakland (1945),Atlanta (Group 2),Cruiser,oakland_1943.png,https://www.vas-admiralty-rules.com/img/ship_plates/oakland_1943.png
United States,us,258,Tuscon (1945),Atlanta (Group 2),Cruiser,oakland_1943.png,https://www.vas-admiralty-rules.com/img/ship_plates/oakland_1943.png
United States,us,259,Baltimore,Baltimore,Cruiser,baltimore_1944.png,https://www.vas-admiralty-rules.com/img/ship_plates/baltimore_1944.png
United States,us,260,Pittsburgh (1944),Baltimore,Cruiser,baltimore_1944.png,https://www.vas-admiralty-rules.com/img/ship_plates/baltimore_1944.png
United States,us,261,Chicago (1945),Baltimore,Cruiser,baltimore_1944.png,https://www.vas-admiralty-rules.com/img/ship_plates/baltimore_1944.png
United States,us,262,Helena (1945),Baltimore,Cruiser,baltimore_1944.png,https://www.vas-admiralty-rules.com/img/ship_plates/baltimore_1944.png
United States,us,263,Brooklyn,Brooklyn,Cruiser,brooklyn_1936.png,https://www.vas-admiralty-rules.com/img/ship_plates/brooklyn_1936.png
United States,us,264,Brooklyn (1941),Brooklyn,Cruiser,brooklyn_1941.png,https://www.vas-admiralty-rules.com/img/ship_plates/brooklyn_1941.png
United States,us,265,Brooklyn (1942),Brooklyn,Cruiser,brooklyn_1942.png,https://www.vas-admiralty-rules.com/img/ship_plates/brooklyn_1942.png
United States,us,266,Brooklyn (1943),Brooklyn,Cruiser,brooklyn_1943.png,https://www.vas-admiralty-rules.com/img/ship_plates/brooklyn_1943.png
United States,us,267,Brooklyn (1944),Brooklyn,Cruiser,brooklyn_1944.png,https://www.vas-admiralty-rules.com/img/ship_plates/brooklyn_1944.png
United States,us,268,Savannah (1941),Brooklyn,Cruiser,brooklyn_1941.png,https://www.vas-admiralty-rules.com/img/ship_plates/brooklyn_1941.png
United States,us,269,Savannah (1942),Brooklyn,Cruiser,brooklyn_1942.png,https://www.vas-admiralty-rules.com/img/ship_plates/brooklyn_1942.png
United States,us,270,Savannah (1942),Brooklyn,Cruiser,brooklyn_1942.png,https://www.vas-admiralty-rules.com/img/ship_plates/brooklyn_1942.png
United States,us,271,Savannah (1944),Brooklyn,Cruiser,savannah_1944.png,https://www.vas-admiralty-rules.com/img/ship_plates/savannah_1944.png
United States,us,272,Savannah (1944),Brooklyn,Cruiser,savannah_1944.png,https://www.vas-admiralty-rules.com/img/ship_plates/savannah_1944.png
United States,us,273,Cleveland,Cleveland,Cruiser,cleveland_1942.png,https://www.vas-admiralty-rules.com/img/ship_plates/cleveland_1942.png
United States,us,274,Houston (1943),Cleveland,Cruiser,cleveland_1942.png,https://www.vas-admiralty-rules.com/img/ship_plates/cleveland_1942.png
United States,us,275,Mobile (1943),Cleveland,Cruiser,cleveland_1942.png,https://www.vas-admiralty-rules.com/img/ship_plates/cleveland_1942.png
United States,us,276,Cleveland (1943),Cleveland,Cruiser,cleveland_1942.png,https://www.vas-admiralty-rules.com/img/ship_plates/cleveland_1942.png
United States,us,277,Denver (1942),Cleveland,Cruiser,cleveland_1942.png,https://www.vas-admiralty-rules.com/img/ship_plates/cleveland_1942.png
United States,us,278,Miami (1944),Cleveland,Cruiser,cleveland_1942.png,https://www.vas-admiralty-rules.com/img/ship_plates/cleveland_1942.png
United States,us,279,Springfield (1944),Cleveland,Cruiser,cleveland_1942.png,https://www.vas-admiralty-rules.com/img/ship_plates/cleveland_1942.png
United States,us,280,Portsmouth (1945),Cleveland,Cruiser,cleveland_1942.png,https://www.vas-admiralty-rules.com/img/ship_plates/cleveland_1942.png
United States,us,281,Dayton (1945),Cleveland,Cruiser,cleveland_1942.png,https://www.vas-admiralty-rules.com/img/ship_plates/cleveland_1942.png
United States,us,282,Topeka (1944),Cleveland,Cruiser,cleveland_1942.png,https://www.vas-admiralty-rules.com/img/ship_plates/cleveland_1942.png
United States,us,283,Topeka (1945),Cleveland,Cruiser,cleveland_1942.png,https://www.vas-admiralty-rules.com/img/ship_plates/cleveland_1942.png
United States,us,284,Des Moines,Des Moines,Cruiser,des_moines_1948.png,https://www.vas-admiralty-rules.com/img/ship_plates/des_moines_1948.png
United States,us,285,Des Moines (1948),Des Moines,Cruiser,des_moines_1948.png,https://www.vas-admiralty-rules.com/img/ship_plates/des_moines_1948.png
United States,us,286,Fargo,Fargo,Cruiser,fargo_1945.png,https://www.vas-admiralty-rules.com/img/ship_plates/fargo_1945.png
United States,us,287,New Orleans,New Orleans,Cruiser,new_orleans_1934.png,https://www.vas-admiralty-rules.com/img/ship_plates/new_orleans_1934.png
United States,us,288,Astoria (1941),New Orleans,Cruiser,astoria_1941.png,https://www.vas-admiralty-rules.com/img/ship_plates/astoria_1941.png
United States,us,289,Astoria (1942),New Orleans,Cruiser,astoria_1941.png,https://www.vas-admiralty-rules.com/img/ship_plates/astoria_1941.png
United States,us,290,Quincy (1942),New Orleans,Cruiser,new_orleans_1942.png,https://www.vas-admiralty-rules.com/img/ship_plates/new_orleans_1942.png
United States,us,291,Minneapolis (1941),New Orleans,Cruiser,minneapolis_1934.png,https://www.vas-admiralty-rules.com/img/ship_plates/minneapolis_1934.png
United States,us,292,Minneapolis (1942),New Orleans,Cruiser,new_orleans_1942.png,https://www.vas-admiralty-rules.com/img/ship_plates/new_orleans_1942.png
United States,us,293,Minneapolis (1943),New Orleans,Cruiser,minneapolis_1943.png,https://www.vas-admiralty-rules.com/img/ship_plates/minneapolis_1943.png
United States,us,294,Minneapolis (1944),New Orleans,Cruiser,minneapolis_1943.png,https://www.vas-admiralty-rules.com/img/ship_plates/minneapolis_1943.png
United States,us,295,Minneapolis (1945),New Orleans,Cruiser,minneapolis_1943.png,https://www.vas-admiralty-rules.com/img/ship_plates/minneapolis_1943.png
United States,us,296,New Orleans (1941),New Orleans,Cruiser,new_orleans_1942.png,https://www.vas-admiralty-rules.com/img/ship_plates/new_orleans_1942.png
United States,us,297,New Orleans (1942),New Orleans,Cruiser,new_orleans_1942.png,https://www.vas-admiralty-rules.com/img/ship_plates/new_orleans_1942.png
United States,us,298,New Orleans (1943),New Orleans,Cruiser,new_orleans_1942.png,https://www.vas-admiralty-rules.com/img/ship_plates/new_orleans_1942.png
United States,us,299,New Orleans (1944),New Orleans,Cruiser,new_orleans_1942.png,https://www.vas-admiralty-rules.com/img/ship_plates/new_orleans_1942.png
United States,us,300,New Orleans (1945),New Orleans,Cruiser,new_orleans_1942.png,https://www.vas-admiralty-rules.com/img/ship_plates/new_orleans_1942.png
United States,us,301,San Francisco (1942),New Orleans,Cruiser,san_francisco_1942.png,https://www.vas-admiralty-rules.com/img/ship_plates/san_francisco_1942.png
United States,us,302,San Francisco (1943),New Orleans,Cruiser,san_francisco_1942.png,https://www.vas-admiralty-rules.com/img/ship_plates/san_francisco_1942.png
United States,us,303,San Francisco (1944),New Orleans,Cruiser,san_francisco_1942.png,https://www.vas-admiralty-rules.com/img/ship_plates/san_francisco_1942.png
United States,us,304,San Francisco (1945),New Orleans,Cruiser,san_francisco_1942.png,https://www.vas-admiralty-rules.com/img/ship_plates/san_francisco_1942.png
United States,us,305,Northhampton,Northhampton,Cruiser,northampton_1937.png,https://www.vas-admiralty-rules.com/img/ship_plates/northampton_1937.png
United States,us,306,Northhampton (1940),Northhampton,Cruiser,northampton_1942.png,https://www.vas-admiralty-rules.com/img/ship_plates/northampton_1942.png
United States,us,307,Northhampton (1941),Northhampton,Cruiser,northampton_1942.png,https://www.vas-admiralty-rules.com/img/ship_plates/northampton_1942.png
United States,us,308,Northhampton (1942),Northhampton,Cruiser,northampton_1942.png,https://www.vas-admiralty-rules.com/img/ship_plates/northampton_1942.png
United States,us,309,Augusta (1941),Northhampton,Cruiser,northampton_1942.png,https://www.vas-admiralty-rules.com/img/ship_plates/northampton_1942.png
United States,us,310,Augusta (1943),Northhampton,Cruiser,northampton_1942.png,https://www.vas-admiralty-rules.com/img/ship_plates/northampton_1942.png
United States,us,311,Augusta (1944),Northhampton,Cruiser,northampton_1942.png,https://www.vas-admiralty-rules.com/img/ship_plates/northampton_1942.png
United States,us,312,Chester (1941),Northhampton,Cruiser,northampton_1942.png,https://www.vas-admiralty-rules.com/img/ship_plates/northampton_1942.png
United States,us,313,Chester (1945),Northhampton,Cruiser,northampton_1942.png,https://www.vas-admiralty-rules.com/img/ship_plates/northampton_1942.png
United States,us,314,Chicago (1942),Northhampton,Cruiser,northampton_1942.png,https://www.vas-admiralty-rules.com/img/ship_plates/northampton_1942.png
United States,us,315,Omaha,Omaha,Cruiser,omaha_1926.png,https://www.vas-admiralty-rules.com/img/ship_plates/omaha_1926.png
United States,us,316,Omaha (1926),Omaha,Cruiser,omaha_1926.png,https://www.vas-admiralty-rules.com/img/ship_plates/omaha_1926.png
United States,us,317,Cincinnati (1941),Omaha,Cruiser,omaha_1941.png,https://www.vas-admiralty-rules.com/img/ship_plates/omaha_1941.png
United States,us,318,Cincinnati (1942),Omaha,Cruiser,omaha_1941.png,https://www.vas-admiralty-rules.com/img/ship_plates/omaha_1941.png
United States,us,319,Cincinnati (1943),Omaha,Cruiser,omaha_1941.png,https://www.vas-admiralty-rules.com/img/ship_plates/omaha_1941.png
United States,us,320,Cincinnati (1944),Omaha,Cruiser,omaha_1944.png,https://www.vas-admiralty-rules.com/img/ship_plates/omaha_1944.png
United States,us,321,Raleigh (1944),Omaha,Cruiser,omaha_1944.png,https://www.vas-admiralty-rules.com/img/ship_plates/omaha_1944.png
United States,us,322,Concord (1941),Omaha,Cruiser,omaha_1941.png,https://www.vas-admiralty-rules.com/img/ship_plates/omaha_1941.png
United States,us,323,Concord (1941),Omaha,Cruiser,omaha_1941.png,https://www.vas-admiralty-rules.com/img/ship_plates/omaha_1941.png
United States,us,324,Concord (1944),Omaha,Cruiser,omaha_1944.png,https://www.vas-admiralty-rules.com/img/ship_plates/omaha_1944.png
United States,us,325,Detroit (1941),Omaha,Cruiser,omaha_1941.png,https://www.vas-admiralty-rules.com/img/ship_plates/omaha_1941.png
United States,us,326,Detroit (1942),Omaha,Cruiser,milwaukee_1942.png,https://www.vas-admiralty-rules.com/img/ship_plates/milwaukee_1942.png
United States,us,327,Detroit (1944),Omaha,Cruiser,omaha_1944.png,https://www.vas-admiralty-rules.com/img/ship_plates/omaha_1944.png
United States,us,328,Detroit (1945),Omaha,Cruiser,omaha_1944.png,https://www.vas-admiralty-rules.com/img/ship_plates/omaha_1944.png
United States,us,329,Marblehead (1941),Omaha,Cruiser,omaha_1941.png,https://www.vas-admiralty-rules.com/img/ship_plates/omaha_1941.png
United States,us,330,Marblehead (1942),Omaha,Cruiser,milwaukee_1942.png,https://www.vas-admiralty-rules.com/img/ship_plates/milwaukee_1942.png
United States,us,331,Marblehead (1944),Omaha,Cruiser,omaha_1944.png,https://www.vas-admiralty-rules.com/img/ship_plates/omaha_1944.png
United States,us,332,Memphis (1941),Omaha,Cruiser,omaha_1941.png,https://www.vas-admiralty-rules.com/img/ship_plates/omaha_1941.png
United States,us,333,Memphis (1942),Omaha,Cruiser,milwaukee_1942.png,https://www.vas-admiralty-rules.com/img/ship_plates/milwaukee_1942.png
United States,us,334,Memphis (1943),Omaha,Cruiser,milwaukee_1942.png,https://www.vas-admiralty-rules.com/img/ship_plates/milwaukee_1942.png
United States,us,335,Memphis (1944),Omaha,Cruiser,omaha_1944.png,https://www.vas-admiralty-rules.com/img/ship_plates/omaha_1944.png
United States,us,336,Milwaukee (1942),Omaha,Cruiser,milwaukee_1942.png,https://www.vas-admiralty-rules.com/img/ship_plates/milwaukee_1942.png
United States,us,337,Milwaukee (1944),Omaha,Cruiser,milwaukee_1942.png,https://www.vas-admiralty-rules.com/img/ship_plates/milwaukee_1942.png
United States,us,338,Omaha (1944),Omaha,Cruiser,omaha_1944.png,https://www.vas-admiralty-rules.com/img/ship_plates/omaha_1944.png
United States,us,339,Richmond (1944),Omaha,Cruiser,omaha_1944.png,https://www.vas-admiralty-rules.com/img/ship_plates/omaha_1944.png
United States,us,340,Raleigh (1944),Omaha,Cruiser,omaha_1944.png,https://www.vas-admiralty-rules.com/img/ship_plates/omaha_1944.png
United States,us,341,Oregon City,Oregon City,Cruiser,oregon_city_1945.png,https://www.vas-admiralty-rules.com/img/ship_plates/oregon_city_1945.png
United States,us,342,Pensacola,Pensacola,Cruiser,pensacola_1928.png,https://www.vas-admiralty-rules.com/img/ship_plates/pensacola_1928.png
United States,us,343,Pensacola (1940),Pensacola,Cruiser,pensacola_1942.png,https://www.vas-admiralty-rules.com/img/ship_plates/pensacola_1942.png
United States,us,344,Pensacola (1941),Pensacola,Cruiser,pensacola_1942.png,https://www.vas-admiralty-rules.com/img/ship_plates/pensacola_1942.png
United States,us,345,Pensacola (1942),Pensacola,Cruiser,pensacola_1942.png,https://www.vas-admiralty-rules.com/img/ship_plates/pensacola_1942.png
United States,us,346,Pensacola (1943),Pensacola,Cruiser,pensacola_1943.png,https://www.vas-admiralty-rules.com/img/ship_plates/pensacola_1943.png
United States,us,347,Pensacola (1944),Pensacola,Cruiser,pensacola_1944.png,https://www.vas-admiralty-rules.com/img/ship_plates/pensacola_1944.png
United States,us,348,Pensacola (1945),Pensacola,Cruiser,pensacola_1944.png,https://www.vas-admiralty-rules.com/img/ship_plates/pensacola_1944.png
United States,us,349,Salt Lake (1941),Pensacola,Cruiser,salt_lake_city_1944.png,https://www.vas-admiralty-rules.com/img/ship_plates/salt_lake_city_1944.png
United States,us,350,Salt Lake (1942),Pensacola,Cruiser,salt_lake_city_1944.png,https://www.vas-admiralty-rules.com/img/ship_plates/salt_lake_city_1944.png
United States,us,351,Salt Lake (1943),Pensacola,Cruiser,salt_lake_city_1944.png,https://www.vas-admiralty-rules.com/img/ship_plates/salt_lake_city_1944.png
United States,us,352,Salt Lake (1945),Pensacola,Cruiser,salt_lake_city_1944.png,https://www.vas-admiralty-rules.com/img/ship_plates/salt_lake_city_1944.png
United States,us,353,Portland,Portland,Cruiser,portland_1933.png,https://www.vas-admiralty-rules.com/img/ship_plates/portland_1933.png
United States,us,354,Indianapolis (1942),Portland,Cruiser,indianapolis_1945.png,https://www.vas-admiralty-rules.com/img/ship_plates/indianapolis_1945.png
United States,us,355,Indianapolis (1943),Portland,Cruiser,indianapolis_1945.png,https://www.vas-admiralty-rules.com/img/ship_plates/indianapolis_1945.png
United States,us,356,Indianapolis (1945),Portland,Cruiser,indianapolis_1945.png,https://www.vas-admiralty-rules.com/img/ship_plates/indianapolis_1945.png
United States,us,357,Portland (1943),Portland,Cruiser,portland_1942.png,https://www.vas-admiralty-rules.com/img/ship_plates/portland_1942.png
United States,us,358,Portland (1944),Portland,Cruiser,portland_1943.png,https://www.vas-admiralty-rules.com/img/ship_plates/portland_1943.png
United States,us,359,St. Louis,St. Louis,Cruiser,st_louis_1943.png,https://www.vas-admiralty-rules.com/img/ship_plates/st_louis_1943.png
United States,us,360,St. Louis (1941),St. Louis,Cruiser,st_louis_1943.png,https://www.vas-admiralty-rules.com/img/ship_plates/st_louis_1943.png
United States,us,361,St. Louis (1942),St. Louis,Cruiser,st_louis_1943.png,https://www.vas-admiralty-rules.com/img/ship_plates/st_louis_1943.png
United States,us,362,St. Louis (1943),St. Louis,Cruiser,st_louis_1943.png,https://www.vas-admiralty-rules.com/img/ship_plates/st_louis_1943.png
United States,us,363,St. Louis (1944),St. Louis,Cruiser,st_louis_1944.png,https://www.vas-admiralty-rules.com/img/ship_plates/st_louis_1944.png
United States,us,364,Wichita,Wichita,Cruiser,wichita_1939.png,https://www.vas-admiralty-rules.com/img/ship_plates/wichita_1939.png
United States,us,365,Wichita (1941),Wichita,Cruiser,wichita_1942.png,https://www.vas-admiralty-rules.com/img/ship_plates/wichita_1942.png
United States,us,366,Wichita (1942),Wichita,Cruiser,wichita_1942.png,https://www.vas-admiralty-rules.com/img/ship_plates/wichita_1942.png
United States,us,367,Wichita (1944),Wichita,Cruiser,wichita_1942.png,https://www.vas-admiralty-rules.com/img/ship_plates/wichita_1942.png
United States,us,368,Wichita (1945),Wichita,Cruiser,wichita_1942.png,https://www.vas-admiralty-rules.com/img/ship_plates/wichita_1942.png
United States,us,369,Bagley,Bagley,Destroyer,bagley_1942.png,https://www.vas-admiralty-rules.com/img/ship_plates/bagley_1942.png
United States,us,370,Bagley (1942),Bagley,Destroyer,bagley_1942.png,https://www.vas-admiralty-rules.com/img/ship_plates/bagley_1942.png
United States,us,371,Bagley (1943),Bagley,Destroyer,bagley_1943.png,https://www.vas-admiralty-rules.com/img/ship_plates/bagley_1943.png
United States,us,372,Bagley (1944),Bagley,Destroyer,bagley_1945.png,https://www.vas-admiralty-rules.com/img/ship_plates/bagley_1945.png
United States,us,373,Blue (1942),Bagley,Destroyer,bagley_1942.png,https://www.vas-admiralty-rules.com/img/ship_plates/bagley_1942.png
United States,us,374,Benham,Benham,Destroyer,benham_1942.png,https://www.vas-admiralty-rules.com/img/ship_plates/benham_1942.png
United States,us,375,Benham (1942),Benham,Destroyer,benham_1942.png,https://www.vas-admiralty-rules.com/img/ship_plates/benham_1942.png
United States,us,376,Ellet (1944),Benham,Destroyer,benham_1942.png,https://www.vas-admiralty-rules.com/img/ship_plates/benham_1942.png
United States,us,377,Lange (1942),Benham,Destroyer,benham_1942.png,https://www.vas-admiralty-rules.com/img/ship_plates/benham_1942.png
United States,us,378,Lange (1943),Benham,Destroyer,benham_1942.png,https://www.vas-admiralty-rules.com/img/ship_plates/benham_1942.png
United States,us,379,Lange (1945),Benham,Destroyer,benham_1942.png,https://www.vas-admiralty-rules.com/img/ship_plates/benham_1942.png
United States,us,380,Mayrant (1942),Benham,Destroyer,benham_1942.png,https://www.vas-admiralty-rules.com/img/ship_plates/benham_1942.png
United States,us,381,Mayrant (1943),Benham,Destroyer,benham_1942.png,https://www.vas-admiralty-rules.com/img/ship_plates/benham_1942.png
United States,us,382,Rhind (1943),Benham,Destroyer,benham_1942.png,https://www.vas-admiralty-rules.com/img/ship_plates/benham_1942.png
United States,us,383,Sterett (1945),Benham,Destroyer,benham_1942.png,https://www.vas-admiralty-rules.com/img/ship_plates/benham_1942.png
United States,us,384,Benson,Benson,Destroyer,benson_1940.png,https://www.vas-admiralty-rules.com/img/ship_plates/benson_1940.png
United States,us,385,Benson (1941),Benson,Destroyer,benson_1941.png,https://www.vas-admiralty-rules.com/img/ship_plates/benson_1941.png
United States,us,386,Benson (1942),Benson,Destroyer,benson_1942.png,https://www.vas-admiralty-rules.com/img/ship_plates/benson_1942.png
United States,us,387,Benson (1942),Benson,Destroyer,benson_1942.png,https://www.vas-admiralty-rules.com/img/ship_plates/benson_1942.png
United States,us,388,Benson (1944),Benson,Destroyer,benson_1943.png,https://www.vas-admiralty-rules.com/img/ship_plates/benson_1943.png
United States,us,389,Lansdale (1944),Benson,Destroyer,benson_1942.png,https://www.vas-admiralty-rules.com/img/ship_plates/benson_1942.png
United States,us,390,Mayo (1942),Benson,Destroyer,benson_1943.png,https://www.vas-admiralty-rules.com/img/ship_plates/benson_1943.png
United States,us,391,Mayo (1944),Benson,Destroyer,benson_1943.png,https://www.vas-admiralty-rules.com/img/ship_plates/benson_1943.png
United States,us,392,Clemson,Clemson,Destroyer,clemson_1922.png,https://www.vas-admiralty-rules.com/img/ship_plates/clemson_1922.png
United States,us,393,Clemson (1922),Clemson,Destroyer,clemson_1922.png,https://www.vas-admiralty-rules.com/img/ship_plates/clemson_1922.png
United States,us,394,Bancroft (1940),Clemson,Destroyer,clemson_1941.png,https://www.vas-admiralty-rules.com/img/ship_plates/clemson_1941.png
United States,us,395,Alden (1943),Clemson,Destroyer,clemson_1941.png,https://www.vas-admiralty-rules.com/img/ship_plates/clemson_1941.png
United States,us,396,Bainbridge (1941),Clemson,Destroyer,clemson_1941.png,https://www.vas-admiralty-rules.com/img/ship_plates/clemson_1941.png
United States,us,397,Bainbridge (1942),Clemson,Destroyer,clemson_1941.png,https://www.vas-admiralty-rules.com/img/ship_plates/clemson_1941.png
United States,us,398,Bainbridge (1943),Clemson,Destroyer,clemson_1941.png,https://www.vas-admiralty-rules.com/img/ship_plates/clemson_1941.png
United States,us,399,Ballard (1940),Clemson,Destroyer,clemson_1941.png,https://www.vas-admiralty-rules.com/img/ship_plates/clemson_1941.png
United States,us,400,Ballard (1942),Clemson,Destroyer,clemson_1941.png,https://www.vas-admiralty-rules.com/img/ship_plates/clemson_1941.png
United States,us,401,Barry (1943),Clemson,Destroyer,clemson_1941.png,https://www.vas-admiralty-rules.com/img/ship_plates/clemson_1941.png
United States,us,402,Humphreys (1942),Clemson,Destroyer,clemson_1941.png,https://www.vas-admiralty-rules.com/img/ship_plates/clemson_1941.png
United States,us,403,Farragut,Farragut,Destroyer,farragut_1941.png,https://www.vas-admiralty-rules.com/img/ship_plates/farragut_1941.png
United States,us,404,Farragut (1941),Farragut,Destroyer,farragut_1941.png,https://www.vas-admiralty-rules.com/img/ship_plates/farragut_1941.png
United States,us,405,Farragut (1942),Farragut,Destroyer,farragut_1942.png,https://www.vas-admiralty-rules.com/img/ship_plates/farragut_1942.png
United States,us,406,Farragut (1943),Farragut,Destroyer,farragut_1942.png,https://www.vas-admiralty-rules.com/img/ship_plates/farragut_1942.png
United States,us,407,Farragut (1943),Farragut,Destroyer,farragut_1944.png,https://www.vas-admiralty-rules.com/img/ship_plates/farragut_1944.png
United States,us,408,Farragut (1944),Farragut,Destroyer,farragut_1944.png,https://www.vas-admiralty-rules.com/img/ship_plates/farragut_1944.png
United States,us,409,Dewey (1942),Farragut,Destroyer,farragut_1942.png,https://www.vas-admiralty-rules.com/img/ship_plates/farragut_1942.png
United States,us,410,Dewey (1942),Farragut,Destroyer,farragut_1942.png,https://www.vas-admiralty-rules.com/img/ship_plates/farragut_1942.png
United States,us,411,Dewey (1944),Farragut,Destroyer,farragut_1944.png,https://www.vas-admiralty-rules.com/img/ship_plates/farragut_1944.png
United States,us,412,Fletcher,Fletcher,Destroyer,fletcher_1942.png,https://www.vas-admiralty-rules.com/img/ship_plates/fletcher_1942.png
United States,us,413,Fletcher (1942),Fletcher,Destroyer,fletcher_1942.png,https://www.vas-admiralty-rules.com/img/ship_plates/fletcher_1942.png
United States,us,414,Fletcher (1943),Fletcher,Destroyer,fletcher_1943.png,https://www.vas-admiralty-rules.com/img/ship_plates/fletcher_1943.png
United States,us,415,Fletcher (1944),Fletcher,Destroyer,fletcher_1944.png,https://www.vas-admiralty-rules.com/img/ship_plates/fletcher_1944.png
United States,us,416,Newcomb (1945),Fletcher,Destroyer,fletcher_1945.png,https://www.vas-admiralty-rules.com/img/ship_plates/fletcher_1945.png
United States,us,417,Jenkins (1942),Fletcher,Destroyer,jenkins_1942.png,https://www.vas-admiralty-rules.com/img/ship_plates/jenkins_1942.png
United States,us,418,Gleaves,Gleaves,Destroyer,gleaves_1941.png,https://www.vas-admiralty-rules.com/img/ship_plates/gleaves_1941.png
United States,us,419,Gleaves (1941),Gleaves,Destroyer,gleaves_1941.png,https://www.vas-admiralty-rules.com/img/ship_plates/gleaves_1941.png
United States,us,420,Gleaves (1942),Gleaves,Destroyer,gleaves_1942.png,https://www.vas-admiralty-rules.com/img/ship_plates/gleaves_1942.png
United States,us,421,Gleaves (1943),Gleaves,Destroyer,gleaves_1943.png,https://www.vas-admiralty-rules.com/img/ship_plates/gleaves_1943.png
United States,us,422,Gleaves (1945),Gleaves,Destroyer,gleaves_1945.png,https://www.vas-admiralty-rules.com/img/ship_plates/gleaves_1945.png
United States,us,423,Edison (1940),Gleaves,Destroyer,gleaves_1941.png,https://www.vas-admiralty-rules.com/img/ship_plates/gleaves_1941.png
United States,us,424,Edison (1942),Gleaves,Destroyer,gleaves_1942.png,https://www.vas-admiralty-rules.com/img/ship_plates/gleaves_1942.png
United States,us,425,Edison (1943),Gleaves,Destroyer,gleaves_1943.png,https://www.vas-admiralty-rules.com/img/ship_plates/gleaves_1943.png
United States,us,426,Edison (1944),Gleaves,Destroyer,gleaves_1944.png,https://www.vas-admiralty-rules.com/img/ship_plates/gleaves_1944.png
United States,us,427,Edison (1945),Gleaves,Destroyer,gleaves_1945.png,https://www.vas-admiralty-rules.com/img/ship_plates/gleaves_1945.png
United States,us,428,Grayson (1943),Gleaves,Destroyer,gleaves_1943.png,https://www.vas-admiralty-rules.com/img/ship_plates/gleaves_1943.png
United States,us,429,Grayson (1945),Gleaves,Destroyer,gleaves_1945.png,https://www.vas-admiralty-rules.com/img/ship_plates/gleaves_1945.png
United States,us,430,Wilkes (1943),Gleaves,Destroyer,gleaves_1943.png,https://www.vas-admiralty-rules.com/img/ship_plates/gleaves_1943.png
United States,us,431,Swanson (1945),Gleaves,Destroyer,gleaves_1945.png,https://www.vas-admiralty-rules.com/img/ship_plates/gleaves_1945.png
United States,us,432,Gridley,Gridley,Destroyer,bagley_1942.png,https://www.vas-admiralty-rules.com/img/ship_plates/bagley_1942.png
United States,us,433,Gridley (1943),Gridley,Destroyer,bagley_1943.png,https://www.vas-admiralty-rules.com/img/ship_plates/bagley_1943.png
United States,us,434,Gridley (1944),Gridley,Destroyer,bagley_1943.png,https://www.vas-admiralty-rules.com/img/ship_plates/bagley_1943.png
United States,us,435,Gridley (1945),Gridley,Destroyer,bagley_1945.png,https://www.vas-admiralty-rules.com/img/ship_plates/bagley_1945.png
United States,us,436,John C. Butler,John C. Butler,Destroyer,butler_1944.png,https://www.vas-admiralty-rules.com/img/ship_plates/butler_1944.png
United States,us,437,John C. Butler (1945),John C. Butler,Destroyer,butler_1944.png,https://www.vas-admiralty-rules.com/img/ship_plates/butler_1944.png
United States,us,438,Mahan,Mahan,Destroyer,mahan_1939.png,https://www.vas-admiralty-rules.com/img/ship_plates/mahan_1939.png
United States,us,439,Mahan (1942),Mahan,Destroyer,mahan_1942.png,https://www.vas-admiralty-rules.com/img/ship_plates/mahan_1942.png
United States,us,440,Mahan (1943),Mahan,Destroyer,mahan_1943.png,https://www.vas-admiralty-rules.com/img/ship_plates/mahan_1943.png
United States,us,441,Cummings (1943),Mahan,Destroyer,mahan_1943.png,https://www.vas-admiralty-rules.com/img/ship_plates/mahan_1943.png
United States,us,442,Cummings (1944),Mahan,Destroyer,mahan_1944.png,https://www.vas-admiralty-rules.com/img/ship_plates/mahan_1944.png
United States,us,443,Dunlap (1944),Mahan,Destroyer,mahan_1944.png,https://www.vas-admiralty-rules.com/img/ship_plates/mahan_1944.png
United States,us,444,Lamson (1945),Mahan,Destroyer,mahan_1944.png,https://www.vas-admiralty-rules.com/img/ship_plates/mahan_1944.png
United States,us,445,Shaw (1945),Mahan,Destroyer,mahan_1944.png,https://www.vas-admiralty-rules.com/img/ship_plates/mahan_1944.png
United States,us,446,Cassin (1944),Mahan,Destroyer,cassin_1943.png,https://www.vas-admiralty-rules.com/img/ship_plates/cassin_1943.png
United States,us,447,Porter,Porter,Destroyer,porter_1939.png,https://www.vas-admiralty-rules.com/img/ship_plates/porter_1939.png
United States,us,448,Porter (1941),Porter,Destroyer,porter_1941.png,https://www.vas-admiralty-rules.com/img/ship_plates/porter_1941.png
United States,us,449,Porter (1942),Porter,Destroyer,porter_1942.png,https://www.vas-admiralty-rules.com/img/ship_plates/porter_1942.png
United States,us,450,Balch (1943),Porter,Destroyer,porter_1942.png,https://www.vas-admiralty-rules.com/img/ship_plates/porter_1942.png
United States,us,451,Balch (1944),Porter,Destroyer,porter_1944.png,https://www.vas-admiralty-rules.com/img/ship_plates/porter_1944.png
United States,us,452,McDougal (1945),Porter,Destroyer,porter_1945.png,https://www.vas-admiralty-rules.com/img/ship_plates/porter_1945.png
United States,us,453,Phelps (1945),Porter,Destroyer,porter_1945.png,https://www.vas-admiralty-rules.com/img/ship_plates/porter_1945.png
United States,us,454,Selfridge (1945),Porter,Destroyer,porter_1945.png,https://www.vas-admiralty-rules.com/img/ship_plates/porter_1945.png
United States,us,455,Sims,Sims,Destroyer,sims_1941.png,https://www.vas-admiralty-rules.com/img/ship_plates/sims_1941.png
United States,us,456,Sims (1939),Sims,Destroyer,sims_1941.png,https://www.vas-admiralty-rules.com/img/ship_plates/sims_1941.png
United States,us,457,Sims (1940),Sims,Destroyer,sims_1941.png,https://www.vas-admiralty-rules.com/img/ship_plates/sims_1941.png
United States,us,458,Sims (1941),Sims,Destroyer,sims_1941.png,https://www.vas-admiralty-rules.com/img/ship_plates/sims_1941.png
United States,us,459,Sims (1942),Sims,Destroyer,sims_1942.png,https://www.vas-admiralty-rules.com/img/ship_plates/sims_1942.png
United States,us,460,Anderson (1942),Sims,Destroyer,sims_1942.png,https://www.vas-admiralty-rules.com/img/ship_plates/sims_1942.png
United States,us,461,Anderson (1943),Sims,Destroyer,sims_1943.png,https://www.vas-admiralty-rules.com/img/ship_plates/sims_1943.png
United States,us,462,Buck (1943),Sims,Destroyer,sims_1943.png,https://www.vas-admiralty-rules.com/img/ship_plates/sims_1943.png
United States,us,463,Morris (1945),Sims,Destroyer,sims_1943.png,https://www.vas-admiralty-rules.com/img/ship_plates/sims_1943.png
United States,us,464,Wainwright (1944),Sims,Destroyer,sims_1943.png,https://www.vas-admiralty-rules.com/img/ship_plates/sims_1943.png
United States,us,465,Wainwright (1945),Sims,Destroyer,sims_1943.png,https://www.vas-admiralty-rules.com/img/ship_plates/sims_1943.png
United States,us,466,Hughes (1942),Sims,Destroyer,sims_1942.png,https://www.vas-admiralty-rules.com/img/ship_plates/sims_1942.png
United States,us,467,Hughes (1943),Sims,Destroyer,sims_1943.png,https://www.vas-admiralty-rules.com/img/ship_plates/sims_1943.png
United States,us,25,Gato,Gato,Submarine,gato_1942_sub.png,https://www.vas-admiralty-rules.com/img/ship_plates/gato_1942_sub.png
United States,us,26,Gato (1942),Gato,Submarine,gato_1942_sub.png,https://www.vas-admiralty-rules.com/img/ship_plates/gato_1942_sub.png
United States,us,27,Gato (1943),Gato,Submarine,gato_1943_sub.png,https://www.vas-admiralty-rules.com/img/ship_plates/gato_1943_sub.png
United States,us,28,Gato (1944),Gato,Submarine,gato_1944_sub.png,https://www.vas-admiralty-rules.com/img/ship_plates/gato_1944_sub.png
United States,us,1,Ammunition Ship,Ammunition Ship,,ammo_ship.png,https://www.vas-admiralty-rules.com/img/ship_plates/ammo_ship.png
United States,us,2,Ammunition Ship (1942),Ammunition Ship,,ammo_ship.png,https://www.vas-admiralty-rules.com/img/ship_plates/ammo_ship.png
United States,us,3,Ammunition Ship (1944),Ammunition Ship,,ammo_ship.png,https://www.vas-admiralty-rules.com/img/ship_plates/ammo_ship.png
United States,us,4,Armed Merchant Cruiser,Merchant Cruiser,,merch_cruiser.png,https://www.vas-admiralty-rules.com/img/ship_plates/merch_cruiser.png
United States,us,6,Liberty Ship,Cargo Ship,,liberty.png,https://www.vas-admiralty-rules.com/img/ship_plates/liberty.png
United States,us,7,Liner,Liner,,liner.png,https://www.vas-admiralty-rules.com/img/ship_plates/liner.png
United States,us,8,Oil Tanker,Oil Tanker,,tanker.png,https://www.vas-admiralty-rules.com/img/ship_plates/tanker.png
United States,us,9,Oil Tanker (1942),Oil Tanker,,tanker.png,https://www.vas-admiralty-rules.com/img/ship_plates/tanker.png
United States,us,10,Oil Tanker (1944),Oil Tanker,,tanker.png,https://www.vas-admiralty-rules.com/img/ship_plates/tanker.png
United States,us,13,Cimarron (1942),Oil Tanker,,cimarron_tanker.png,https://www.vas-admiralty-rules.com/img/ship_plates/cimarron_tanker.png
United States,us,14,Cimarron (1944),Oil Tanker,,cimarron_tanker.png,https://www.vas-admiralty-rules.com/img/ship_plates/cimarron_tanker.png
United States,us,16,Seaplane Tender,Seaplane Tender,,seaplane_tender.png,https://www.vas-admiralty-rules.com/img/ship_plates/seaplane_tender.png
United States,us,17,Tramp Freighter,Tramp Freighter,,tramp_freighter.png,https://www.vas-admiralty-rules.com/img/ship_plates/tramp_freighter.png
United States,us,18,Troop Ship,Troop Ship,,troop_ship.png,https://www.vas-admiralty-rules.com/img/ship_plates/troop_ship.png
United States,us,19,Victory Ship,Cargo Ship,,victory.png,https://www.vas-admiralty-rules.com/img/ship_plates/victory.png
France,france,636,Bretagne,Bretagne,Battleship,bretagne_1940.png,https://www.vas-admiralty-rules.com/img/ship_plates/bretagne_1940.png
France,france,637,Lorraine (1939),Bretagne,Battleship,lorraine_1939.png,https://www.vas-admiralty-rules.com/img/ship_plates/lorraine_1939.png
France,france,638,Lorraine (1940),Bretagne,Battleship,lorraine_1941.png,https://www.vas-admiralty-rules.com/img/ship_plates/lorraine_1941.png
France,france,639,Lorraine (1944),Bretagne,Battleship,lorraine_1944.png,https://www.vas-admiralty-rules.com/img/ship_plates/lorraine_1944.png
France,france,640,Courbet,Courbet,Battleship,courbet_1940.png,https://www.vas-admiralty-rules.com/img/ship_plates/courbet_1940.png
France,france,641,Dunkerque,Dunkerque,Battleship,dunkerque_1940.png,https://www.vas-admiralty-rules.com/img/ship_plates/dunkerque_1940.png
France,france,642,Strasbourg,Dunkerque,Battleship,strasbourg_1942.png,https://www.vas-admiralty-rules.com/img/ship_plates/strasbourg_1942.png
France,france,643,Richelieu,Richelieu,Battleship,richelieu_1940.png,https://www.vas-admiralty-rules.com/img/ship_plates/richelieu_1940.png
France,france,644,Richelieu (1943),Richelieu,Battleship,richelieu_1943.png,https://www.vas-admiralty-rules.com/img/ship_plates/richelieu_1943.png
France,france,645,Richelieu (1945),Richelieu,Battleship,richelieu_1945.png,https://www.vas-admiralty-rules.com/img/ship_plates/richelieu_1945.png
France,france,646,Jean Bart (1940),Richelieu,Battleship,jean_bart_1940.png,https://www.vas-admiralty-rules.com/img/ship_plates/jean_bart_1940.png
France,france,647,Jean Bart (1942),Richelieu,Battleship,jean_bart_1942.png,https://www.vas-admiralty-rules.com/img/ship_plates/jean_bart_1942.png
France,france,648,Bearn,Bearn,Aircraft,bearn_1939.png,https://www.vas-admiralty-rules.com/img/ship_plates/bearn_1939.png
France,france,649,Bearn (1943),Bearn,Aircraft,bearn_1945.png,https://www.vas-admiralty-rules.com/img/ship_plates/bearn_1945.png
France,france,650,Algerie,Algerie,Cruiser,algerie_1941.png,https://www.vas-admiralty-rules.com/img/ship_plates/algerie_1941.png
France,france,651,Duguay-Trouin,Duguay-Trouin,Cruiser,duguay_1939.png,https://www.vas-admiralty-rules.com/img/ship_plates/duguay_1939.png
France,france,652,Duguay-Trouin (1939),Duguay-Trouin,Cruiser,duguay_1939.png,https://www.vas-admiralty-rules.com/img/ship_plates/duguay_1939.png
France,france,653,Duguay-Trouin (1943),Duguay-Trouin,Cruiser,duguay_1939.png,https://www.vas-admiralty-rules.com/img/ship_plates/duguay_1939.png
France,france,654,Duguay-Trouin (1944),Duguay-Trouin,Cruiser,duguay_1945.png,https://www.vas-admiralty-rules.com/img/ship_plates/duguay_1945.png
France,france,655,Duquesne,Duquesne,Cruiser,duquesne_1939.png,https://www.vas-admiralty-rules.com/img/ship_plates/duquesne_1939.png
France,france,656,Duquesne (1945),Duquesne,Cruiser,duquesne_1945.png,https://www.vas-admiralty-rules.com/img/ship_plates/duquesne_1945.png
France,france,657,Emile Bertin,Emile Bertin,Cruiser,emile_bertin_1935.png,https://www.vas-admiralty-rules.com/img/ship_plates/emile_bertin_1935.png
France,france,658,Emile Bertin (1943),Emile Bertin,Cruiser,emile_bertin_1944.png,https://www.vas-admiralty-rules.com/img/ship_plates/emile_bertin_1944.png
France,france,659,Jeanne D'Arc,Jeanne D'Arc,Cruiser,jean_darc_1942.png,https://www.vas-admiralty-rules.com/img/ship_plates/jean_darc_1942.png
France,france,660,Jeanne D'Arc (1943),Jeanne D'Arc,Cruiser,jean_darc_1944.png,https://www.vas-admiralty-rules.com/img/ship_plates/jean_darc_1944.png
France,france,661,La Galissonniere,La Galissonniere,Cruiser,la_galissonniere_1939.png,https://www.vas-admiralty-rules.com/img/ship_plates/la_galissonniere_1939.png
France,france,662,Gloire (1943),La Galissonniere,Cruiser,gloire_1944.png,https://www.vas-admiralty-rules.com/img/ship_plates/gloire_1944.png
France,france,663,Georges Leygues (1945),La Galissonniere,Cruiser,georges_leygues_1945.png,https://www.vas-admiralty-rules.com/img/ship_plates/georges_leygues_1945.png
France,france,664,Suffren,Suffren,Cruiser,suffren_1939.png,https://www.vas-admiralty-rules.com/img/ship_plates/suffren_1939.png
France,france,665,Suffren (1945),Suffren,Cruiser,suffren_1945.png,https://www.vas-admiralty-rules.com/img/ship_plates/suffren_1945.png
France,france,666,Colbert (1935),Suffren,Cruiser,colbert_1939.png,https://www.vas-admiralty-rules.com/img/ship_plates/colbert_1939.png
France,france,667,Dupleix (1935),Suffren,Cruiser,dupleix_1939.png,https://www.vas-admiralty-rules.com/img/ship_plates/dupleix_1939.png
France,france,668,Dupleix (1942),Suffren,Cruiser,dupleix_1942.png,https://www.vas-admiralty-rules.com/img/ship_plates/dupleix_1942.png
France,france,669,Bourrasque,Bourrasque,Destroyer,bourrasque_1939.png,https://www.vas-admiralty-rules.com/img/ship_plates/bourrasque_1939.png
France,france,670,Mistral (1941),Bourrasque,Destroyer,bourrasque_1939.png,https://www.vas-admiralty-rules.com/img/ship_plates/bourrasque_1939.png
France,france,671,Typhon (1942),Bourrasque,Destroyer,bourrasque_1939.png,https://www.vas-admiralty-rules.com/img/ship_plates/bourrasque_1939.png
France,france,672,Tramontane (1942),Bourrasque,Destroyer,bourrasque_1939.png,https://www.vas-admiralty-rules.com/img/ship_plates/bourrasque_1939.png
France,france,673,Trombe (1943),Bourrasque,Destroyer,bourrasque_1939.png,https://www.vas-admiralty-rules.com/img/ship_plates/bourrasque_1939.png
France,france,674,Simoun (1943),Bourrasque,Destroyer,bourrasque_1939.png,https://www.vas-admiralty-rules.com/img/ship_plates/bourrasque_1939.png
France,france,675,Chacal,Chacal,Destroyer,jaguar_1939.png,https://www.vas-admiralty-rules.com/img/ship_plates/jaguar_1939.png
France,france,676,Leopard (1940),Chacal,Destroyer,tigre_1939.png,https://www.vas-admiralty-rules.com/img/ship_plates/tigre_1939.png
France,france,677,Leopard (1942),Chacal,Destroyer,tigre_1939.png,https://www.vas-admiralty-rules.com/img/ship_plates/tigre_1939.png
France,france,678,Tigre (1944),Chacal,Destroyer,tigre_1939.png,https://www.vas-admiralty-rules.com/img/ship_plates/tigre_1939.png
France,france,679,Le Fantasque,Le Fantasque,Destroyer,le_fantasque_1939.png,https://www.vas-admiralty-rules.com/img/ship_plates/le_fantasque_1939.png
France,france,680,Le Triomphant (1940),Le Fantasque,Destroyer,le_fantasque_1939.png,https://www.vas-admiralty-rules.com/img/ship_plates/le_fantasque_1939.png
France,france,681,Le Triomphant (1944),Le Fantasque,Destroyer,le_fantasque_1939.png,https://www.vas-admiralty-rules.com/img/ship_plates/le_fantasque_1939.png
France,france,682,Le Fantasque (1943),Le Fantasque,Destroyer,le_fantasque_1939.png,https://www.vas-admiralty-rules.com/img/ship_plates/le_fantasque_1939.png
France,france,683,Le Terrible (1943),Le Fantasque,Destroyer,le_fantasque_1939.png,https://www.vas-admiralty-rules.com/img/ship_plates/le_fantasque_1939.png
France,france,684,Mogador,Mogador,Destroyer,mogador_1940.png,https://www.vas-admiralty-rules.com/img/ship_plates/mogador_1940.png
France,france,685,Mogador (1941),Mogador,Destroyer,mogador_1940.png,https://www.vas-admiralty-rules.com/img/ship_plates/mogador_1940.png
France,france,29,Minerve,Minerve,Submarine,minerve_sub.png,https://www.vas-admiralty-rules.com/img/ship_plates/minerve_sub.png
France,france,30,Surcouf,Surcouf,Submarine,surcouf_sub.png,https://www.vas-admiralty-rules.com/img/ship_plates/surcouf_sub.png
France,france,1,Ammunition Ship,Ammunition Ship,,ammo_ship.png,https://www.vas-admiralty-rules.com/img/ship_plates/ammo_ship.png
France,france,2,Ammunition Ship (1942),Ammunition Ship,,ammo_ship.png,https://www.vas-admiralty-rules.com/img/ship_plates/ammo_ship.png
France,france,3,Ammunition Ship (1944),Ammunition Ship,,ammo_ship.png,https://www.vas-admiralty-rules.com/img/ship_plates/ammo_ship.png
France,france,4,Armed Merchant Cruiser,Merchant Cruiser,,merch_cruiser.png,https://www.vas-admiralty-rules.com/img/ship_plates/merch_cruiser.png
France,france,6,Liberty Ship,Cargo Ship,,liberty.png,https://www.vas-admiralty-rules.com/img/ship_plates/liberty.png
France,france,7,Liner,Liner,,liner.png,https://www.vas-admiralty-rules.com/img/ship_plates/liner.png
France,france,8,Oil Tanker,Oil Tanker,,tanker.png,https://www.vas-admiralty-rules.com/img/ship_plates/tanker.png
France,france,9,Oil Tanker (1942),Oil Tanker,,tanker.png,https://www.vas-admiralty-rules.com/img/ship_plates/tanker.png
France,france,10,Oil Tanker (1944),Oil Tanker,,tanker.png,https://www.vas-admiralty-rules.com/img/ship_plates/tanker.png
France,france,16,Seaplane Tender,Seaplane Tender,,seaplane_tender.png,https://www.vas-admiralty-rules.com/img/ship_plates/seaplane_tender.png
France,france,17,Tramp Freighter,Tramp Freighter,,tramp_freighter.png,https://www.vas-admiralty-rules.com/img/ship_plates/tramp_freighter.png
France,france,18,Troop Ship,Troop Ship,,troop_ship.png,https://www.vas-admiralty-rules.com/img/ship_plates/troop_ship.png
France,france,19,Victory Ship,Cargo Ship,,victory.png,https://www.vas-admiralty-rules.com/img/ship_plates/victory.png
The Netherlands,netherlands,717,Karel Doorman (1946),Vindex (RNN),Aircraft,karel_doorman_1946.png,https://www.vas-admiralty-rules.com/img/ship_plates/karel_doorman_1946.png
The Netherlands,netherlands,718,Karel Doorman (1948),Colossus (RNN),Aircraft,karel_doorman_1948.png,https://www.vas-admiralty-rules.com/img/ship_plates/karel_doorman_1948.png
The Netherlands,netherlands,719,Gadila (1943),MAC (RNN),Aircraft,gadila_1943.png,https://www.vas-admiralty-rules.com/img/ship_plates/gadila_1943.png
The Netherlands,netherlands,720,Macoma (1943),MAC (RNN),Aircraft,macoma_1943.png,https://www.vas-admiralty-rules.com/img/ship_plates/macoma_1943.png
The Netherlands,netherlands,686,De Ruyter,De Ruyter,Cruiser,de_ruyter_1936.png,https://www.vas-admiralty-rules.com/img/ship_plates/de_ruyter_1936.png
The Netherlands,netherlands,687,Java,Java,Cruiser,java_1942.png,https://www.vas-admiralty-rules.com/img/ship_plates/java_1942.png
The Netherlands,netherlands,688,Sumatra,Java,Cruiser,sumatra_1940.png,https://www.vas-admiralty-rules.com/img/ship_plates/sumatra_1940.png
The Netherlands,netherlands,689,Celebes,Java,Cruiser,celebes_1939.png,https://www.vas-admiralty-rules.com/img/ship_plates/celebes_1939.png
The Netherlands,netherlands,690,Van Ghent (1939),Admiralen,Destroyer,van_ghent_1935.png,https://www.vas-admiralty-rules.com/img/ship_plates/van_ghent_1935.png
The Netherlands,netherlands,691,Van Ghent (1942),Admiralen,Destroyer,van_ghent_1942.png,https://www.vas-admiralty-rules.com/img/ship_plates/van_ghent_1942.png
The Netherlands,netherlands,692,Evertsen (1939),Admiralen,Destroyer,evertsen_1928.png,https://www.vas-admiralty-rules.com/img/ship_plates/evertsen_1928.png
The Netherlands,netherlands,693,Evertsen (1942),Admiralen,Destroyer,evertsen_1942.png,https://www.vas-admiralty-rules.com/img/ship_plates/evertsen_1942.png
The Netherlands,netherlands,694,Kortenaer (1939),Admiralen,Destroyer,kortenaer_1939.png,https://www.vas-admiralty-rules.com/img/ship_plates/kortenaer_1939.png
The Netherlands,netherlands,695,Kortenaer (1942),Admiralen,Destroyer,kortenaer_1939.png,https://www.vas-admiralty-rules.com/img/ship_plates/kortenaer_1939.png
The Netherlands,netherlands,696,Piet Hein (1939),Admiralen,Destroyer,piet_hein_1939.png,https://www.vas-admiralty-rules.com/img/ship_plates/piet_hein_1939.png
The Netherlands,netherlands,697,Piet Hein (1942),Admiralen,Destroyer,piet_hein_1939.png,https://www.vas-admiralty-rules.com/img/ship_plates/piet_hein_1939.png
The Netherlands,netherlands,698,Van Galen (1939),Admiralen,Destroyer,van_galen_1939.png,https://www.vas-admiralty-rules.com/img/ship_plates/van_galen_1939.png
The Netherlands,netherlands,699,Witte de With (1939),Admiralen,Destroyer,witte_de_with_1939.png,https://www.vas-admiralty-rules.com/img/ship_plates/witte_de_with_1939.png
The Netherlands,netherlands,700,Witte de With (1942),Admiralen,Destroyer,witte_de_with_1939.png,https://www.vas-admiralty-rules.com/img/ship_plates/witte_de_with_1939.png
The Netherlands,netherlands,701,Banckert (1939),Admiralen,Destroyer,banckert_1939.png,https://www.vas-admiralty-rules.com/img/ship_plates/banckert_1939.png
The Netherlands,netherlands,702,Banckert (1942),Admiralen,Destroyer,banckert_1939.png,https://www.vas-admiralty-rules.com/img/ship_plates/banckert_1939.png
The Netherlands,netherlands,703,Van Nes (1939),Admiralen,Destroyer,van_nes_1939.png,https://www.vas-admiralty-rules.com/img/ship_plates/van_nes_1939.png
The Netherlands,netherlands,704,Van Nes (1942),Admiralen,Destroyer,van_nes_1939.png,https://www.vas-admiralty-rules.com/img/ship_plates/van_nes_1939.png
The Netherlands,netherlands,705,Van Galen (1942),N-class  (RNN),Destroyer,j_class_1942.png,https://www.vas-admiralty-rules.com/img/ship_plates/j_class_1942.png
The Netherlands,netherlands,706,Tjerk Hiddes (1942),N-class (RNN),Destroyer,j_class_1942.png,https://www.vas-admiralty-rules.com/img/ship_plates/j_class_1942.png
The Netherlands,netherlands,707,Friso (1943),Flower (RNN),Destroyer,friso_1943.png,https://www.vas-admiralty-rules.com/img/ship_plates/friso_1943.png
The Netherlands,netherlands,708,Marnix,G-class (RNN),Destroyer,glowworm_1940.png,https://www.vas-admiralty-rules.com/img/ship_plates/glowworm_1940.png
The Netherlands,netherlands,709,Gerard Callenburgh (1941),Gerard Callenburgh (ZH1),Destroyer,zh1_1942.png,https://www.vas-admiralty-rules.com/img/ship_plates/zh1_1942.png
The Netherlands,netherlands,710,Isaac Sweers (1941),Gerard Callenburgh (ZH1),Destroyer,zh1_1942.png,https://www.vas-admiralty-rules.com/img/ship_plates/zh1_1942.png
The Netherlands,netherlands,711,Tjerk Hiddes (1941),Gerard Callenburgh (ZH1),Destroyer,zh1_1942.png,https://www.vas-admiralty-rules.com/img/ship_plates/zh1_1942.png
The Netherlands,netherlands,712,Philips van Almonde (1941),Gerard Callenburgh (ZH1),Destroyer,zh1_1942.png,https://www.vas-admiralty-rules.com/img/ship_plates/zh1_1942.png
The Netherlands,netherlands,713,Banckert (1945),Q & S (RNN),Destroyer,s_class_1943.png,https://www.vas-admiralty-rules.com/img/ship_plates/s_class_1943.png
The Netherlands,netherlands,714,Kortenaar (1945),Q & S (RNN),Destroyer,s_class_1943.png,https://www.vas-admiralty-rules.com/img/ship_plates/s_class_1943.png
The Netherlands,netherlands,715,Evertsen (1945),Q & S (RNN),Destroyer,s_class_1943.png,https://www.vas-admiralty-rules.com/img/ship_plates/s_class_1943.png
The Netherlands,netherlands,716,Piet Hein (1945),Q & S (RNN),Destroyer,s_class_1943.png,https://www.vas-admiralty-rules.com/img/ship_plates/s_class_1943.png
The Netherlands,netherlands,1,Ammunition Ship,Ammunition Ship,,ammo_ship.png,https://www.vas-admiralty-rules.com/img/ship_plates/ammo_ship.png
The Netherlands,netherlands,2,Ammunition Ship (1942),Ammunition Ship,,ammo_ship.png,https://www.vas-admiralty-rules.com/img/ship_plates/ammo_ship.png
The Netherlands,netherlands,3,Ammunition Ship (1944),Ammunition Ship,,ammo_ship.png,https://www.vas-admiralty-rules.com/img/ship_plates/ammo_ship.png
The Netherlands,netherlands,4,Armed Merchant Cruiser,Merchant Cruiser,,merch_cruiser.png,https://www.vas-admiralty-rules.com/img/ship_plates/merch_cruiser.png
The Netherlands,netherlands,6,Liberty Ship,Cargo Ship,,liberty.png,https://www.vas-admiralty-rules.com/img/ship_plates/liberty.png
The Netherlands,netherlands,7,Liner,Liner,,liner.png,https://www.vas-admiralty-rules.com/img/ship_plates/liner.png
The Netherlands,netherlands,8,Oil Tanker,Oil Tanker,,tanker.png,https://www.vas-admiralty-rules.com/img/ship_plates/tanker.png
The Netherlands,netherlands,9,Oil Tanker (1942),Oil Tanker,,tanker.png,https://www.vas-admiralty-rules.com/img/ship_plates/tanker.png
The Netherlands,netherlands,10,Oil Tanker (1944),Oil Tanker,,tanker.png,https://www.vas-admiralty-rules.com/img/ship_plates/tanker.png
The Netherlands,netherlands,16,Seaplane Tender,Seaplane Tender,,seaplane_tender.png,https://www.vas-admiralty-rules.com/img/ship_plates/seaplane_tender.png
The Netherlands,netherlands,17,Tramp Freighter,Tramp Freighter,,tramp_freighter.png,https://www.vas-admiralty-rules.com/img/ship_plates/tramp_freighter.png
The Netherlands,netherlands,18,Troop Ship,Troop Ship,,troop_ship.png,https://www.vas-admiralty-rules.com/img/ship_plates/troop_ship.png
The Netherlands,netherlands,19,Victory Ship,Cargo Ship,,victory.png,https://www.vas-admiralty-rules.com/img/ship_plates/victory.png
Italy,italy,721,Andrea Doria,Andrea Doria,Battleship,andrea_doria_1940.png,https://www.vas-admiralty-rules.com/img/ship_plates/andrea_doria_1940.png
Italy,italy,722,Andrea Doria (1942),Andrea Doria,Battleship,andrea_doria_1942.png,https://www.vas-admiralty-rules.com/img/ship_plates/andrea_doria_1942.png
Italy,italy,723,Caio Duilio (1940),Andrea Doria,Battleship,caio_duilio_1940.png,https://www.vas-admiralty-rules.com/img/ship_plates/caio_duilio_1940.png
Italy,italy,724,Caio Duilio (1942),Andrea Doria,Battleship,caio_duilio_1942.png,https://www.vas-admiralty-rules.com/img/ship_plates/caio_duilio_1942.png
Italy,italy,725,Conte Di Cavour,Conte Di Cavour,Battleship,conte_di_cavour_1937.png,https://www.vas-admiralty-rules.com/img/ship_plates/conte_di_cavour_1937.png
Italy,italy,726,Giulio Cesare,Conte Di Cavour,Battleship,giulio_cesare_1937.png,https://www.vas-admiralty-rules.com/img/ship_plates/giulio_cesare_1937.png
Italy,italy,727,Giulio Cesare (1941),Conte Di Cavour,Battleship,giulio_cesare_1937.png,https://www.vas-admiralty-rules.com/img/ship_plates/giulio_cesare_1937.png
Italy,italy,728,Littorio,Littorio,Battleship,littorio_1937.png,https://www.vas-admiralty-rules.com/img/ship_plates/littorio_1937.png
Italy,italy,729,Littorio (1942),Littorio,Battleship,littorio_1942.png,https://www.vas-admiralty-rules.com/img/ship_plates/littorio_1942.png
Italy,italy,730,Littorio (1943),Littorio,Battleship,roma_1943.png,https://www.vas-admiralty-rules.com/img/ship_plates/roma_1943.png
Italy,italy,731,Aquila,Aquila,Aircraft,aquila_1943.png,https://www.vas-admiralty-rules.com/img/ship_plates/aquila_1943.png
Italy,italy,732,Aquila (1944),Aquila,Aircraft,aquila_1943.png,https://www.vas-admiralty-rules.com/img/ship_plates/aquila_1943.png
Italy,italy,733,Scipione Africano,Capitani Romani,Cruiser,scip_africano_1942.png,https://www.vas-admiralty-rules.com/img/ship_plates/scip_africano_1942.png
Italy,italy,734,Scipione Africano (1943),Capitani Romani,Cruiser,scip_africano_1943.png,https://www.vas-admiralty-rules.com/img/ship_plates/scip_africano_1943.png
Italy,italy,735,Alberto da Giussano,Alberto da Giussano,Cruiser,giussano_1932.png,https://www.vas-admiralty-rules.com/img/ship_plates/giussano_1932.png
Italy,italy,736,Duca D'Aosta,Duca D'Aosta,Cruiser,daosta_1935.png,https://www.vas-admiralty-rules.com/img/ship_plates/daosta_1935.png
Italy,italy,737,Duca D'Aosta (1943),Duca D'Aosta,Cruiser,daosta_1942.png,https://www.vas-admiralty-rules.com/img/ship_plates/daosta_1942.png
Italy,italy,738,Duca D'Aosta (1944),Duca D'Aosta,Cruiser,daosta_1942.png,https://www.vas-admiralty-rules.com/img/ship_plates/daosta_1942.png
Italy,italy,739,Duca Delgi Abruzzi,Duca Delgi Abruzzi,Cruiser,abruzzi_1938.png,https://www.vas-admiralty-rules.com/img/ship_plates/abruzzi_1938.png
Italy,italy,740,Duca Delgi Abruzzi (1943),Duca Delgi Abruzzi,Cruiser,abruzzi_1942.png,https://www.vas-admiralty-rules.com/img/ship_plates/abruzzi_1942.png
Italy,italy,741,Duca Delgi Abruzzi (1944),Duca Delgi Abruzzi,Cruiser,abruzzi_1944.png,https://www.vas-admiralty-rules.com/img/ship_plates/abruzzi_1944.png
Italy,italy,742,Duca Delgi Abruzzi (1945),Duca Delgi Abruzzi,Cruiser,abruzzi_1945.png,https://www.vas-admiralty-rules.com/img/ship_plates/abruzzi_1945.png
Italy,italy,743,Giuseppe Garibaldi (1937),Duca Delgi Abruzzi,Cruiser,garibaldi_1938.png,https://www.vas-admiralty-rules.com/img/ship_plates/garibaldi_1938.png
Italy,italy,744,Giuseppe Garibaldi (1944),Duca Delgi Abruzzi,Cruiser,garibaldi_1942.png,https://www.vas-admiralty-rules.com/img/ship_plates/garibaldi_1942.png
Italy,italy,745,Giuseppe Garibaldi (1945),Duca Delgi Abruzzi,Cruiser,garibaldi_1942.png,https://www.vas-admiralty-rules.com/img/ship_plates/garibaldi_1942.png
Italy,italy,746,Etna,Etna,Cruiser,etna_1944.png,https://www.vas-admiralty-rules.com/img/ship_plates/etna_1944.png
Italy,italy,747,Luigi Cadorna,Luigi Cadorna,Cruiser,cadorna_1933.png,https://www.vas-admiralty-rules.com/img/ship_plates/cadorna_1933.png
Italy,italy,748,Armando Diaz (1933),Luigi Cadorna,Cruiser,armando_diaz_1933.png,https://www.vas-admiralty-rules.com/img/ship_plates/armando_diaz_1933.png
Italy,italy,749,Luigi Cadorna (1943),Luigi Cadorna,Cruiser,cadorna_1933.png,https://www.vas-admiralty-rules.com/img/ship_plates/cadorna_1933.png
Italy,italy,750,Luigi Cadorna (1944),Luigi Cadorna,Cruiser,cadorna_1933.png,https://www.vas-admiralty-rules.com/img/ship_plates/cadorna_1933.png
Italy,italy,751,Montecuccoli,Montecuccoli,Cruiser,montecuccoli_1935.png,https://www.vas-admiralty-rules.com/img/ship_plates/montecuccoli_1935.png
Italy,italy,752,Montecuccoli (1943),Montecuccoli,Cruiser,montecuccoli_1935.png,https://www.vas-admiralty-rules.com/img/ship_plates/montecuccoli_1935.png
Italy,italy,753,Montecuccoli (1944),Montecuccoli,Cruiser,montecuccoli_1935.png,https://www.vas-admiralty-rules.com/img/ship_plates/montecuccoli_1935.png
Italy,italy,754,Trento,Trento,Cruiser,trento_1942.png,https://www.vas-admiralty-rules.com/img/ship_plates/trento_1942.png
Italy,italy,755,Balzano,Trento,Cruiser,balzano_1942.png,https://www.vas-admiralty-rules.com/img/ship_plates/balzano_1942.png
Italy,italy,756,Zara,Zara,Cruiser,zara_1931.png,https://www.vas-admiralty-rules.com/img/ship_plates/zara_1931.png
Italy,italy,757,Pola,Zara,Cruiser,pola_1932.png,https://www.vas-admiralty-rules.com/img/ship_plates/pola_1932.png
Italy,italy,758,Zara (1940),Zara,Cruiser,zara_1940.png,https://www.vas-admiralty-rules.com/img/ship_plates/zara_1940.png
Italy,italy,759,Pola (1940),Zara,Cruiser,pola_1940.png,https://www.vas-admiralty-rules.com/img/ship_plates/pola_1940.png
Italy,italy,760,Gorizia (1942),Zara,Cruiser,gorizia_1942.png,https://www.vas-admiralty-rules.com/img/ship_plates/gorizia_1942.png
Italy,italy,761,Folgore,Folgore,Destroyer,folgore_1932.png,https://www.vas-admiralty-rules.com/img/ship_plates/folgore_1932.png
Italy,italy,762,Folgore (1942),Folgore,Destroyer,folgore_1932.png,https://www.vas-admiralty-rules.com/img/ship_plates/folgore_1932.png
Italy,italy,763,Freccia,Freccia,Destroyer,freccia_1931.png,https://www.vas-admiralty-rules.com/img/ship_plates/freccia_1931.png
Italy,italy,764,Freccia (1943),Freccia,Destroyer,freccia_1942.png,https://www.vas-admiralty-rules.com/img/ship_plates/freccia_1942.png
Italy,italy,766,Maestrale,Maestrale,Destroyer,maestrale_1934.png,https://www.vas-admiralty-rules.com/img/ship_plates/maestrale_1934.png
Italy,italy,767,Maestrale (1941),Maestrale,Destroyer,maestrale_1934.png,https://www.vas-admiralty-rules.com/img/ship_plates/maestrale_1934.png
Italy,italy,768,Maestrale (1942),Maestrale,Destroyer,maestrale_1934.png,https://www.vas-admiralty-rules.com/img/ship_plates/maestrale_1934.png
Italy,italy,769,Maestrale (1943),Maestrale,Destroyer,maestrale_1943.png,https://www.vas-admiralty-rules.com/img/ship_plates/maestrale_1943.png
Italy,italy,770,Grecale (1942),Maestrale,Destroyer,grecale_1939.png,https://www.vas-admiralty-rules.com/img/ship_plates/grecale_1939.png
Italy,italy,771,Grecale (1943),Maestrale,Destroyer,grecale_1943.png,https://www.vas-admiralty-rules.com/img/ship_plates/grecale_1943.png
Italy,italy,772,Navigatori,Navigatori,Destroyer,malocello_1932.png,https://www.vas-admiralty-rules.com/img/ship_plates/malocello_1932.png
Italy,italy,773,Navigatori (1940),Navigatori,Destroyer,usodimare_1940.png,https://www.vas-admiralty-rules.com/img/ship_plates/usodimare_1940.png
Italy,italy,774,Verrazzano (1940),Navigatori,Destroyer,da_masto_1940.png,https://www.vas-admiralty-rules.com/img/ship_plates/da_masto_1940.png
Italy,italy,775,Zeno (1942),Navigatori,Destroyer,zeno_1931.png,https://www.vas-admiralty-rules.com/img/ship_plates/zeno_1931.png
Italy,italy,776,Malocello (1942),Navigatori,Destroyer,malocello_1942.png,https://www.vas-admiralty-rules.com/img/ship_plates/malocello_1942.png
Italy,italy,777,Vivaldi (1942),Navigatori,Destroyer,vivaldi_1939.png,https://www.vas-admiralty-rules.com/img/ship_plates/vivaldi_1939.png
Italy,italy,778,Pigafetta (1942),Navigatori,Destroyer,pigafetta_1942.png,https://www.vas-admiralty-rules.com/img/ship_plates/pigafetta_1942.png
Italy,italy,780,Oriani,Oriani,Destroyer,oriani_1937.png,https://www.vas-admiralty-rules.com/img/ship_plates/oriani_1937.png
Italy,italy,781,Oriani (1942),Oriani,Destroyer,oriani_1942.png,https://www.vas-admiralty-rules.com/img/ship_plates/oriani_1942.png
Italy,italy,782,Soldati,Soldati,Destroyer,soldati_1938.png,https://www.vas-admiralty-rules.com/img/ship_plates/soldati_1938.png
Italy,italy,783,Ascari (1942),Soldati,Destroyer,soldati_1942.png,https://www.vas-admiralty-rules.com/img/ship_plates/soldati_1942.png
Italy,italy,784,Artigliere (1944),Soldati,Destroyer,soldati_1942.png,https://www.vas-admiralty-rules.com/img/ship_plates/soldati_1942.png
Italy,italy,785,Carabiniere (1943),Soldati,Destroyer,carabiniere_1938.png,https://www.vas-admiralty-rules.com/img/ship_plates/carabiniere_1938.png
Italy,italy,786,Fuciliere (1943),Soldati,Destroyer,soldati_1942.png,https://www.vas-admiralty-rules.com/img/ship_plates/soldati_1942.png
Italy,italy,787,Legionario (1943),Soldati,Destroyer,soldati_1942.png,https://www.vas-admiralty-rules.com/img/ship_plates/soldati_1942.png
Italy,italy,14,Comandante Cappellini,Marcello,Submarine,marcello_sub.png,https://www.vas-admiralty-rules.com/img/ship_plates/marcello_sub.png
Italy,italy,1,Ammunition Ship,Ammunition Ship,,ammo_ship.png,https://www.vas-admiralty-rules.com/img/ship_plates/ammo_ship.png
Italy,italy,2,Ammunition Ship (1942),Ammunition Ship,,ammo_ship.png,https://www.vas-admiralty-rules.com/img/ship_plates/ammo_ship.png
Italy,italy,3,Ammunition Ship (1944),Ammunition Ship,,ammo_ship.png,https://www.vas-admiralty-rules.com/img/ship_plates/ammo_ship.png
Italy,italy,4,Armed Merchant Cruiser,Merchant Cruiser,,merch_cruiser.png,https://www.vas-admiralty-rules.com/img/ship_plates/merch_cruiser.png
Italy,italy,6,Liberty Ship,Cargo Ship,,liberty.png,https://www.vas-admiralty-rules.com/img/ship_plates/liberty.png
Italy,italy,7,Liner,Liner,,liner.png,https://www.vas-admiralty-rules.com/img/ship_plates/liner.png
Italy,italy,8,Oil Tanker,Oil Tanker,,tanker.png,https://www.vas-admiralty-rules.com/img/ship_plates/tanker.png
Italy,italy,9,Oil Tanker (1942),Oil Tanker,,tanker.png,https://www.vas-admiralty-rules.com/img/ship_plates/tanker.png
Italy,italy,10,Oil Tanker (1944),Oil Tanker,,tanker.png,https://www.vas-admiralty-rules.com/img/ship_plates/tanker.png
Italy,italy,16,Seaplane Tender,Seaplane Tender,,seaplane_tender.png,https://www.vas-admiralty-rules.com/img/ship_plates/seaplane_tender.png
Italy,italy,17,Tramp Freighter,Tramp Freighter,,tramp_freighter.png,https://www.vas-admiralty-rules.com/img/ship_plates/tramp_freighter.png
Italy,italy,18,Troop Ship,Troop Ship,,troop_ship.png,https://www.vas-admiralty-rules.com/img/ship_plates/troop_ship.png
Italy,italy,19,Victory Ship,Cargo Ship,,victory.png,https://www.vas-admiralty-rules.com/img/ship_plates/victory.png
Germany,germany,1,Hindenburg,H-39,Battleship,h39.png,https://www.vas-admiralty-rules.com/img/ship_plates/h39.png
Germany,germany,2,O,O,Battleship,o_class.png,https://www.vas-admiralty-rules.com/img/ship_plates/o_class.png
Germany,germany,3,Scharnhorst,Scharnhorst,Battleship,scharnhorst.png,https://www.vas-admiralty-rules.com/img/ship_plates/scharnhorst.png
Germany,germany,4,Gneisenau,Scharnhorst,Battleship,gneisenau.png,https://www.vas-admiralty-rules.com/img/ship_plates/gneisenau.png
Germany,germany,5,Scharnhorst (1942),Scharnhorst,Battleship,scharnhorst_1942.png,https://www.vas-admiralty-rules.com/img/ship_plates/scharnhorst_1942.png
Germany,germany,6,Scharnhorst (1943),Scharnhorst,Battleship,scharnhorst_1943.png,https://www.vas-admiralty-rules.com/img/ship_plates/scharnhorst_1943.png
Germany,germany,7,Scharnhorst (1944),Scharnhorst,Battleship,scharnhorst_1944.png,https://www.vas-admiralty-rules.com/img/ship_plates/scharnhorst_1944.png
Germany,germany,8,Gneisenau (1941),Scharnhorst,Battleship,gneisenau_1941.png,https://www.vas-admiralty-rules.com/img/ship_plates/gneisenau_1941.png
Germany,germany,9,Gneisenau (1942),Scharnhorst,Battleship,gneisenau_1942.png,https://www.vas-admiralty-rules.com/img/ship_plates/gneisenau_1942.png
Germany,germany,10,Bismarck,Bismarck,Battleship,bismarck.png,https://www.vas-admiralty-rules.com/img/ship_plates/bismarck.png
Germany,germany,11,Tirpitz,Bismarck,Battleship,tirpitz.png,https://www.vas-admiralty-rules.com/img/ship_plates/tirpitz.png
Germany,germany,12,Bismarck (1941),Bismarck,Battleship,bismarck_1941.png,https://www.vas-admiralty-rules.com/img/ship_plates/bismarck_1941.png
Germany,germany,13,Tirpitz (1941),Bismarck,Battleship,tirpitz_1941.png,https://www.vas-admiralty-rules.com/img/ship_plates/tirpitz_1941.png
Germany,germany,14,Tirpitz (1943),Bismarck,Battleship,tirpitz_1943.png,https://www.vas-admiralty-rules.com/img/ship_plates/tirpitz_1943.png
Germany,germany,15,Tirpitz (1944),Bismarck,Battleship,tirpitz_1944.png,https://www.vas-admiralty-rules.com/img/ship_plates/tirpitz_1944.png
Germany,germany,16,Schlesien,Deutschland,Battleship,schlesien.png,https://www.vas-admiralty-rules.com/img/ship_plates/schlesien.png
Germany,germany,17,Schleswig-Holstein,Deutschland,Battleship,schleswig_holstein.png,https://www.vas-admiralty-rules.com/img/ship_plates/schleswig_holstein.png
Germany,germany,18,Schlesien (1936),Deutschland,Battleship,schlesien.png,https://www.vas-admiralty-rules.com/img/ship_plates/schlesien.png
Germany,germany,19,Schlesien (1944),Deutschland,Battleship,schlesien.png,https://www.vas-admiralty-rules.com/img/ship_plates/schlesien.png
Germany,germany,20,Graf Zeppelin,Graf Zeppelin,Aircraft,graf_zeppelin.png,https://www.vas-admiralty-rules.com/img/ship_plates/graf_zeppelin.png
Germany,germany,21,Jade,Jade,Aircraft,jade.png,https://www.vas-admiralty-rules.com/img/ship_plates/jade.png
Germany,germany,22,Admiral Graf Spee,Deutschland,Cruiser,graf_spee.png,https://www.vas-admiralty-rules.com/img/ship_plates/graf_spee.png
Germany,germany,23,Admiral Scheer,Deutschland,Cruiser,adm_scheer.png,https://www.vas-admiralty-rules.com/img/ship_plates/adm_scheer.png
Germany,germany,24,Lutzow,Deutschland,Cruiser,lutzow.png,https://www.vas-admiralty-rules.com/img/ship_plates/lutzow.png
Germany,germany,25,Admiral Graf Spee (1939),Deutschland,Cruiser,graf_spee_1939.png,https://www.vas-admiralty-rules.com/img/ship_plates/graf_spee_1939.png
Germany,germany,26,Admiral Scheer (1940),Deutschland,Cruiser,admiral_scheer_1940.png,https://www.vas-admiralty-rules.com/img/ship_plates/admiral_scheer_1940.png
Germany,germany,27,Admiral Scheer (1942),Deutschland,Cruiser,admiral_scheer_1942.png,https://www.vas-admiralty-rules.com/img/ship_plates/admiral_scheer_1942.png
Germany,germany,28,Admiral Scheer (1945),Deutschland,Cruiser,admiral_scheer_1945.png,https://www.vas-admiralty-rules.com/img/ship_plates/admiral_scheer_1945.png
Germany,germany,29,Lutzow (1941),Deutschland,Cruiser,lutzow_1941.png,https://www.vas-admiralty-rules.com/img/ship_plates/lutzow_1941.png
Germany,germany,30,Lutzow (1944),Deutschland,Cruiser,lutzow_1944.png,https://www.vas-admiralty-rules.com/img/ship_plates/lutzow_1944.png
Germany,germany,31,Lutzow (1941),Deutschland,Cruiser,lutzow_1945.png,https://www.vas-admiralty-rules.com/img/ship_plates/lutzow_1945.png
Germany,germany,32,Emden,Emden,Cruiser,emden.png,https://www.vas-admiralty-rules.com/img/ship_plates/emden.png
Germany,germany,33,Emden (1940),Emden,Cruiser,emden_1940.png,https://www.vas-admiralty-rules.com/img/ship_plates/emden_1940.png
Germany,germany,34,Emden (1942),Emden,Cruiser,emden_1942.png,https://www.vas-admiralty-rules.com/img/ship_plates/emden_1942.png
Germany,germany,35,Emden (1944),Emden,Cruiser,emden_1944.png,https://www.vas-admiralty-rules.com/img/ship_plates/emden_1944.png
Germany,germany,36,Konigsberg,Konigsberg,Cruiser,konigsberg.png,https://www.vas-admiralty-rules.com/img/ship_plates/konigsberg.png
Germany,germany,37,Karlsruhe,Konigsberg,Cruiser,karlsruhe.png,https://www.vas-admiralty-rules.com/img/ship_plates/karlsruhe.png
Germany,germany,38,Koln,Konigsberg,Cruiser,koln.png,https://www.vas-admiralty-rules.com/img/ship_plates/koln.png
Germany,germany,39,Koln (1941),Konigsberg,Cruiser,koln_1941.png,https://www.vas-admiralty-rules.com/img/ship_plates/koln_1941.png
Germany,germany,40,Koln (1942),Konigsberg,Cruiser,koln_1942.png,https://www.vas-admiralty-rules.com/img/ship_plates/koln_1942.png
Germany,germany,41,Koln (1944),Konigsberg,Cruiser,koln_1944.png,https://www.vas-admiralty-rules.com/img/ship_plates/koln_1944.png
Germany,germany,42,Koln (1945),Konigsberg,Cruiser,koln_1945.png,https://www.vas-admiralty-rules.com/img/ship_plates/koln_1945.png
Germany,germany,43,Leipzig,Leipzig,Cruiser,leipzig.png,https://www.vas-admiralty-rules.com/img/ship_plates/leipzig.png
Germany,germany,44,Nurnberg,Leipzig,Cruiser,nurnberg.png,https://www.vas-admiralty-rules.com/img/ship_plates/nurnberg.png
Germany,germany,45,Leipzig (1941),Leipzig,Cruiser,leipzig_1941.png,https://www.vas-admiralty-rules.com/img/ship_plates/leipzig_1941.png
Germany,germany,46,Leipzig (1943),Leipzig,Cruiser,leipzig_1944.png,https://www.vas-admiralty-rules.com/img/ship_plates/leipzig_1944.png
Germany,germany,47,Leipzig (1944),Leipzig,Cruiser,leipzig_1944.png,https://www.vas-admiralty-rules.com/img/ship_plates/leipzig_1944.png
Germany,germany,48,Nurnberg (1939),Leipzig,Cruiser,nurnberg.png,https://www.vas-admiralty-rules.com/img/ship_plates/nurnberg.png
Germany,germany,49,Nurnberg (1941),Leipzig,Cruiser,nurnberg.png,https://www.vas-admiralty-rules.com/img/ship_plates/nurnberg.png
Germany,germany,50,Nurnberg (1942),Leipzig,Cruiser,nurnberg.png,https://www.vas-admiralty-rules.com/img/ship_plates/nurnberg.png
Germany,germany,51,Nurnberg (1944),Leipzig,Cruiser,nurnberg.png,https://www.vas-admiralty-rules.com/img/ship_plates/nurnberg.png
Germany,germany,52,Nurnberg (1945),Leipzig,Cruiser,nurnberg.png,https://www.vas-admiralty-rules.com/img/ship_plates/nurnberg.png
Germany,germany,53,M,M,Cruiser,m_class.png,https://www.vas-admiralty-rules.com/img/ship_plates/m_class.png
Germany,germany,54,P,P,Cruiser,p_class.png,https://www.vas-admiralty-rules.com/img/ship_plates/p_class.png
Germany,germany,55,Admiral Hipper,Admiral Hipper,Cruiser,adm_hipper.png,https://www.vas-admiralty-rules.com/img/ship_plates/adm_hipper.png
Germany,germany,56,Prinz Eugen,Admiral Hipper,Cruiser,prinz_eugen.png,https://www.vas-admiralty-rules.com/img/ship_plates/prinz_eugen.png
Germany,germany,57,Blucher,Admiral Hipper,Cruiser,blucher.png,https://www.vas-admiralty-rules.com/img/ship_plates/blucher.png
Germany,germany,58,Admiral Hipper (1942),Admiral Hipper,Cruiser,adm_hipper_1942.png,https://www.vas-admiralty-rules.com/img/ship_plates/adm_hipper_1942.png
Germany,germany,59,Admiral Hipper (1944),Admiral Hipper,Cruiser,adm_hipper_1944.png,https://www.vas-admiralty-rules.com/img/ship_plates/adm_hipper_1944.png
Germany,germany,60,Admiral Hipper (1945),Admiral Hipper,Cruiser,adm_hipper_1945.png,https://www.vas-admiralty-rules.com/img/ship_plates/adm_hipper_1945.png
Germany,germany,61,Prinz Eugen (1942),Admiral Hipper,Cruiser,prinz_eugen_1942.png,https://www.vas-admiralty-rules.com/img/ship_plates/prinz_eugen_1942.png
Germany,germany,62,Prinz Eugen (1944),Admiral Hipper,Cruiser,prinz_eugen_1944.png,https://www.vas-admiralty-rules.com/img/ship_plates/prinz_eugen_1944.png
Germany,germany,63,Prinz Eugen (1945),Admiral Hipper,Cruiser,prinz_eugen_1945.png,https://www.vas-admiralty-rules.com/img/ship_plates/prinz_eugen_1945.png
Germany,germany,64,Spahkreuzer,Spahkreuzer,Cruiser,spahkreuzer.png,https://www.vas-admiralty-rules.com/img/ship_plates/spahkreuzer.png
Germany,germany,65,Leberecht Maass,Type 1934,Destroyer,z1.png,https://www.vas-admiralty-rules.com/img/ship_plates/z1.png
Germany,germany,66,Richard Beitzen (1941),Type 1934,Destroyer,z10_1941.png,https://www.vas-admiralty-rules.com/img/ship_plates/z10_1941.png
Germany,germany,67,Friedrich Ihn (1944),Type 1934,Destroyer,type1934.png,https://www.vas-admiralty-rules.com/img/ship_plates/type1934.png
Germany,germany,68,Paul Jacobi (1944),Type 1934,Destroyer,z15_1944.png,https://www.vas-admiralty-rules.com/img/ship_plates/z15_1944.png
Germany,germany,69,Hans Lody (1944),Type 1934,Destroyer,type1934.png,https://www.vas-admiralty-rules.com/img/ship_plates/type1934.png
Germany,germany,70,Z23,Type 1936A,Destroyer,type1936a.png,https://www.vas-admiralty-rules.com/img/ship_plates/type1936a.png
Germany,germany,71,Z23 (1942),Type 1936A,Destroyer,type1936a.png,https://www.vas-admiralty-rules.com/img/ship_plates/type1936a.png
Germany,germany,72,Z24 (1943),Type 1936A,Destroyer,type1936a.png,https://www.vas-admiralty-rules.com/img/ship_plates/type1936a.png
Germany,germany,73,Z25 (1942),Type 1936A,Destroyer,type1936a.png,https://www.vas-admiralty-rules.com/img/ship_plates/type1936a.png
Germany,germany,74,Z25 (1945),Type 1936A,Destroyer,type1936a.png,https://www.vas-admiralty-rules.com/img/ship_plates/type1936a.png
Germany,germany,75,Z28 (1945),Type 1936A,Destroyer,type1936a.png,https://www.vas-admiralty-rules.com/img/ship_plates/type1936a.png
Germany,germany,76,Z29 (1945),Type 1936A,Destroyer,type1936a.png,https://www.vas-admiralty-rules.com/img/ship_plates/type1936a.png
Germany,germany,77,Z31,Type 1936 MOB,Destroyer,type1936mob.png,https://www.vas-admiralty-rules.com/img/ship_plates/type1936mob.png
Germany,germany,78,Z31 (1941),Type 1936 MOB,Destroyer,type1936mob.png,https://www.vas-admiralty-rules.com/img/ship_plates/type1936mob.png
Germany,germany,79,Z31 (1944),Type 1936 MOB,Destroyer,type1936mob.png,https://www.vas-admiralty-rules.com/img/ship_plates/type1936mob.png
Germany,germany,80,Z31 (1945),Type 1936 MOB,Destroyer,type1936mob.png,https://www.vas-admiralty-rules.com/img/ship_plates/type1936mob.png
Germany,germany,81,Z33 (1945),Type 1936 MOB,Destroyer,type1936mob.png,https://www.vas-admiralty-rules.com/img/ship_plates/type1936mob.png
Germany,germany,82,Z34 (1945),Type 1936 MOB,Destroyer,type1936mob.png,https://www.vas-admiralty-rules.com/img/ship_plates/type1936mob.png
Germany,germany,83,Z38 (1945),Type 1936 MOB,Destroyer,type1936mob.png,https://www.vas-admiralty-rules.com/img/ship_plates/type1936mob.png
Germany,germany,84,Z39 (1945),Type 1936 MOB,Destroyer,type1936mob.png,https://www.vas-admiralty-rules.com/img/ship_plates/type1936mob.png
Germany,germany,85,T22,Type 1939,Destroyer,type1939.png,https://www.vas-admiralty-rules.com/img/ship_plates/type1939.png
Germany,germany,86,T31 (1944),Type 1939,Destroyer,type1939.png,https://www.vas-admiralty-rules.com/img/ship_plates/type1939.png
Germany,germany,87,T33 (1944),Type 1939,Destroyer,type1939.png,https://www.vas-admiralty-rules.com/img/ship_plates/type1939.png
Germany,germany,88,Diether von Roeder,Type 1936,Destroyer,type1936.png,https://www.vas-admiralty-rules.com/img/ship_plates/type1936.png
Germany,germany,89,Karl Galster (1941),Type 1936,Destroyer,type1936.png,https://www.vas-admiralty-rules.com/img/ship_plates/type1936.png
Germany,germany,90,Karl Galster (1944),Type 1936,Destroyer,type1936.png,https://www.vas-admiralty-rules.com/img/ship_plates/type1936.png
Germany,germany,91,Karl Galster (1945),Type 1936,Destroyer,type1936.png,https://www.vas-admiralty-rules.com/img/ship_plates/type1936.png
Germany,germany,92,ZH1,ZH1,Destroyer,zh1.png,https://www.vas-admiralty-rules.com/img/ship_plates/zh1.png
Germany,germany,765,TA-31,Freccia,Destroyer,ta31.png,https://www.vas-admiralty-rules.com/img/ship_plates/ta31.png
Germany,germany,779,TA-44,Navigatori,Destroyer,ta44.png,https://www.vas-admiralty-rules.com/img/ship_plates/ta44.png
Germany,germany,1,U-70,Type VII,Submarine,type7_1941.png,https://www.vas-admiralty-rules.com/img/ship_plates/type7_1941.png
Germany,germany,2,U-96,Type VII,Submarine,type7_1941.png,https://www.vas-admiralty-rules.com/img/ship_plates/type7_1941.png
Germany,germany,3,U-70 (1943),Type VII,Submarine,type7_1943.png,https://www.vas-admiralty-rules.com/img/ship_plates/type7_1943.png
Germany,germany,4,U-96 (1943),Type VII,Submarine,type7_1943.png,https://www.vas-admiralty-rules.com/img/ship_plates/type7_1943.png
Germany,germany,5,U-96 (1944),Type VII,Submarine,type7_1944.png,https://www.vas-admiralty-rules.com/img/ship_plates/type7_1944.png
Germany,germany,6,U-37,Type IX,Submarine,type9_1938.png,https://www.vas-admiralty-rules.com/img/ship_plates/type9_1938.png
Germany,germany,7,U-66,Type IX,Submarine,type9_1938.png,https://www.vas-admiralty-rules.com/img/ship_plates/type9_1938.png
Germany,germany,8,U-37 (1943),Type IX,Submarine,type9_1943.png,https://www.vas-admiralty-rules.com/img/ship_plates/type9_1943.png
Germany,germany,9,U-66 (1943),Type IX,Submarine,type9_1943.png,https://www.vas-admiralty-rules.com/img/ship_plates/type9_1943.png
Germany,germany,10,U-66 (1944),Type IX,Submarine,type9_1944.png,https://www.vas-admiralty-rules.com/img/ship_plates/type9_1944.png
Germany,germany,11,U-2501,Type XXI,Submarine,type21_1944.png,https://www.vas-admiralty-rules.com/img/ship_plates/type21_1944.png
Germany,germany,1,Ammunition Ship,Ammunition Ship,,ammo_ship.png,https://www.vas-admiralty-rules.com/img/ship_plates/ammo_ship.png
Germany,germany,2,Ammunition Ship (1942),Ammunition Ship,,ammo_ship.png,https://www.vas-admiralty-rules.com/img/ship_plates/ammo_ship.png
Germany,germany,3,Ammunition Ship (1944),Ammunition Ship,,ammo_ship.png,https://www.vas-admiralty-rules.com/img/ship_plates/ammo_ship.png
Germany,germany,4,Armed Merchant Cruiser,Merchant Cruiser,,merch_cruiser.png,https://www.vas-admiralty-rules.com/img/ship_plates/merch_cruiser.png
Germany,germany,5,German Raider,Merchant Cruiser,,german_raider.png,https://www.vas-admiralty-rules.com/img/ship_plates/german_raider.png
Germany,germany,6,Liberty Ship,Cargo Ship,,liberty.png,https://www.vas-admiralty-rules.com/img/ship_plates/liberty.png
Germany,germany,7,Liner,Liner,,liner.png,https://www.vas-admiralty-rules.com/img/ship_plates/liner.png
Germany,germany,8,Oil Tanker,Oil Tanker,,tanker.png,https://www.vas-admiralty-rules.com/img/ship_plates/tanker.png
Germany,germany,9,Oil Tanker (1942),Oil Tanker,,tanker.png,https://www.vas-admiralty-rules.com/img/ship_plates/tanker.png
Germany,germany,10,Oil Tanker (1944),Oil Tanker,,tanker.png,https://www.vas-admiralty-rules.com/img/ship_plates/tanker.png
Germany,germany,16,Seaplane Tender,Seaplane Tender,,seaplane_tender.png,https://www.vas-admiralty-rules.com/img/ship_plates/seaplane_tender.png
Germany,germany,17,Tramp Freighter,Tramp Freighter,,tramp_freighter.png,https://www.vas-admiralty-rules.com/img/ship_plates/tramp_freighter.png
Germany,germany,18,Troop Ship,Troop Ship,,troop_ship.png,https://www.vas-admiralty-rules.com/img/ship_plates/troop_ship.png
Germany,germany,19,Victory Ship,Cargo Ship,,victory.png,https://www.vas-admiralty-rules.com/img/ship_plates/victory.png
Japan,japan,468,Fuso,Fuso,Battleship,fuso_1938.png,https://www.vas-admiralty-rules.com/img/ship_plates/fuso_1938.png
Japan,japan,469,Fuso (1940),Fuso,Battleship,fuso_1941.png,https://www.vas-admiralty-rules.com/img/ship_plates/fuso_1941.png
Japan,japan,470,Fuso (1940),Fuso,Battleship,fuso_1941.png,https://www.vas-admiralty-rules.com/img/ship_plates/fuso_1941.png
Japan,japan,471,Yamashiro (1940),Fuso,Battleship,yamashiro_1941.png,https://www.vas-admiralty-rules.com/img/ship_plates/yamashiro_1941.png
Japan,japan,472,Ise,Ise,Battleship,ise_1939.png,https://www.vas-admiralty-rules.com/img/ship_plates/ise_1939.png
Japan,japan,473,Hyuga (1942),Ise,Battleship,hyuga_1942.png,https://www.vas-admiralty-rules.com/img/ship_plates/hyuga_1942.png
Japan,japan,474,Kongo,Kongo,Battleship,kongo_1937.png,https://www.vas-admiralty-rules.com/img/ship_plates/kongo_1937.png
Japan,japan,475,Kongo (1943),Kongo,Battleship,kongo_1942.png,https://www.vas-admiralty-rules.com/img/ship_plates/kongo_1942.png
Japan,japan,476,Kongo (1944),Kongo,Battleship,kongo_1944.png,https://www.vas-admiralty-rules.com/img/ship_plates/kongo_1944.png
Japan,japan,477,Haruna (1943),Kongo,Battleship,haruna_1943.png,https://www.vas-admiralty-rules.com/img/ship_plates/haruna_1943.png
Japan,japan,478,Haruna (1944),Kongo,Battleship,haruna_1944.png,https://www.vas-admiralty-rules.com/img/ship_plates/haruna_1944.png
Japan,japan,479,Haruna (1945),Kongo,Battleship,haruna_1945.png,https://www.vas-admiralty-rules.com/img/ship_plates/haruna_1945.png
Japan,japan,480,Nagato,Nagato,Battleship,nagato_1941.png,https://www.vas-admiralty-rules.com/img/ship_plates/nagato_1941.png
Japan,japan,481,Nagato (1944),Nagato,Battleship,nagato_1944.png,https://www.vas-admiralty-rules.com/img/ship_plates/nagato_1944.png
Japan,japan,482,Nagato (1945),Nagato,Battleship,nagato_1944.png,https://www.vas-admiralty-rules.com/img/ship_plates/nagato_1944.png
Japan,japan,483,Nagato (1945),Nagato,Battleship,nagato_1944.png,https://www.vas-admiralty-rules.com/img/ship_plates/nagato_1944.png
Japan,japan,484,Yamato,Yamato,Battleship,yamato_1941.png,https://www.vas-admiralty-rules.com/img/ship_plates/yamato_1941.png
Japan,japan,485,Yamato (1943),Yamato,Battleship,yamato_1943.png,https://www.vas-admiralty-rules.com/img/ship_plates/yamato_1943.png
Japan,japan,486,Yamato (1944),Yamato,Battleship,yamato_1944.png,https://www.vas-admiralty-rules.com/img/ship_plates/yamato_1944.png
Japan,japan,487,Yamato (1945),Yamato,Battleship,yamato_1945.png,https://www.vas-admiralty-rules.com/img/ship_plates/yamato_1945.png
Japan,japan,488,Musashi (1942),Yamato,Battleship,musashi_1942.png,https://www.vas-admiralty-rules.com/img/ship_plates/musashi_1942.png
Japan,japan,489,Musashi (1944),Yamato,Battleship,musashi_1944.png,https://www.vas-admiralty-rules.com/img/ship_plates/musashi_1944.png
Japan,japan,490,Akagi,Akagi,Aircraft,akagi_1942.png,https://www.vas-admiralty-rules.com/img/ship_plates/akagi_1942.png
Japan,japan,491,Chitose,Chitose,Aircraft,chitose_1944.png,https://www.vas-admiralty-rules.com/img/ship_plates/chitose_1944.png
Japan,japan,492,Chitose (1944),Chitose,Aircraft,chitose_1944.png,https://www.vas-admiralty-rules.com/img/ship_plates/chitose_1944.png
Japan,japan,493,Hiryu,Hiryu,Aircraft,hiryu_1942.png,https://www.vas-admiralty-rules.com/img/ship_plates/hiryu_1942.png
Japan,japan,494,Hosho,Hosho,Aircraft,hosho_1939.png,https://www.vas-admiralty-rules.com/img/ship_plates/hosho_1939.png
Japan,japan,495,Hosho (1941),Hosho,Aircraft,hosho_1939.png,https://www.vas-admiralty-rules.com/img/ship_plates/hosho_1939.png
Japan,japan,496,Hosho (1942),Hosho,Aircraft,hosho_1939.png,https://www.vas-admiralty-rules.com/img/ship_plates/hosho_1939.png
Japan,japan,497,Ise (1943),Ise,Aircraft,ise_1944.png,https://www.vas-admiralty-rules.com/img/ship_plates/ise_1944.png
Japan,japan,498,Ise (1944),Ise,Aircraft,ise_1944.png,https://www.vas-admiralty-rules.com/img/ship_plates/ise_1944.png
Japan,japan,499,Hyuga (1944),Ise,Aircraft,ise_1944.png,https://www.vas-admiralty-rules.com/img/ship_plates/ise_1944.png
Japan,japan,500,Hiyo,Hiyo,Aircraft,hiyo_1942.png,https://www.vas-admiralty-rules.com/img/ship_plates/hiyo_1942.png
Japan,japan,501,Hiyo (1944),Hiyo,Aircraft,hiyo_1943.png,https://www.vas-admiralty-rules.com/img/ship_plates/hiyo_1943.png
Japan,japan,502,Junyo (1944),Hiyo,Aircraft,junyo_1944.png,https://www.vas-admiralty-rules.com/img/ship_plates/junyo_1944.png
Japan,japan,503,Kaga,Kaga,Aircraft,kaga_1930.png,https://www.vas-admiralty-rules.com/img/ship_plates/kaga_1930.png
Japan,japan,504,Kaga (1941),Kaga,Aircraft,kaga_1942.png,https://www.vas-admiralty-rules.com/img/ship_plates/kaga_1942.png
Japan,japan,505,Ryuho,Ryuho,Aircraft,ryuho_1943.png,https://www.vas-admiralty-rules.com/img/ship_plates/ryuho_1943.png
Japan,japan,506,Ryuho (1943),Ryuho,Aircraft,ryuho_1943.png,https://www.vas-admiralty-rules.com/img/ship_plates/ryuho_1943.png
Japan,japan,507,Ryuho (1944),Ryuho,Aircraft,ryuho_1943.png,https://www.vas-admiralty-rules.com/img/ship_plates/ryuho_1943.png
Japan,japan,508,Ryujo,Ryujo,Aircraft,ryujo_1933.png,https://www.vas-admiralty-rules.com/img/ship_plates/ryujo_1933.png
Japan,japan,509,Ryujo (1940),Ryujo,Aircraft,ryujo_1940.png,https://www.vas-admiralty-rules.com/img/ship_plates/ryujo_1940.png
Japan,japan,510,Ryujo (1942),Ryujo,Aircraft,ryujo_1942.png,https://www.vas-admiralty-rules.com/img/ship_plates/ryujo_1942.png
Japan,japan,511,Shinano,Shinano,Aircraft,shinano_1944.png,https://www.vas-admiralty-rules.com/img/ship_plates/shinano_1944.png
Japan,japan,512,Shokaku,Shokaku,Aircraft,shokaku_1941.png,https://www.vas-admiralty-rules.com/img/ship_plates/shokaku_1941.png
Japan,japan,513,Shokaku (1942),Shokaku,Aircraft,shokaku_1942.png,https://www.vas-admiralty-rules.com/img/ship_plates/shokaku_1942.png
Japan,japan,514,Shokaku (1943),Shokaku,Aircraft,shokaku_1942.png,https://www.vas-admiralty-rules.com/img/ship_plates/shokaku_1942.png
Japan,japan,515,Zuikaku (1944),Shokaku,Aircraft,zuikaku_1944.png,https://www.vas-admiralty-rules.com/img/ship_plates/zuikaku_1944.png
Japan,japan,516,Soryu,Soryu,Aircraft,soryu_1942.png,https://www.vas-admiralty-rules.com/img/ship_plates/soryu_1942.png
Japan,japan,517,Taiho,Taiho,Aircraft,taiho_1944.png,https://www.vas-admiralty-rules.com/img/ship_plates/taiho_1944.png
Japan,japan,518,Zuiho,Zuiho,Aircraft,zuiho_1943.png,https://www.vas-admiralty-rules.com/img/ship_plates/zuiho_1943.png
Japan,japan,519,Zuiho (1943),Zuiho,Aircraft,zuiho_1943.png,https://www.vas-admiralty-rules.com/img/ship_plates/zuiho_1943.png
Japan,japan,520,Zuiho (1944),Zuiho,Aircraft,zuiho_1944.png,https://www.vas-admiralty-rules.com/img/ship_plates/zuiho_1944.png
Japan,japan,521,Agano,Agano,Cruiser,agano_1942.png,https://www.vas-admiralty-rules.com/img/ship_plates/agano_1942.png
Japan,japan,522,Sakawa (1944),Agano,Cruiser,agano_1944.png,https://www.vas-admiralty-rules.com/img/ship_plates/agano_1944.png
Japan,japan,523,Sakawa (1945),Agano,Cruiser,agano_1944.png,https://www.vas-admiralty-rules.com/img/ship_plates/agano_1944.png
Japan,japan,524,Aoba,Aoba,Cruiser,aoba_1941.png,https://www.vas-admiralty-rules.com/img/ship_plates/aoba_1941.png
Japan,japan,525,Aoba (1943),Aoba,Cruiser,aoba_1943.png,https://www.vas-admiralty-rules.com/img/ship_plates/aoba_1943.png
Japan,japan,526,Aoba (1944),Aoba,Cruiser,aoba_1944.png,https://www.vas-admiralty-rules.com/img/ship_plates/aoba_1944.png
Japan,japan,527,Furutaka,Furutaka,Cruiser,furutaka_1942.png,https://www.vas-admiralty-rules.com/img/ship_plates/furutaka_1942.png
Japan,japan,528,Kuma,Kuma,Cruiser,kuma_1941.png,https://www.vas-admiralty-rules.com/img/ship_plates/kuma_1941.png
Japan,japan,529,Kiso,Kuma,Cruiser,kuma_1941.png,https://www.vas-admiralty-rules.com/img/ship_plates/kuma_1941.png
Japan,japan,530,Kuma (1940),Kuma,Cruiser,kuma_1941.png,https://www.vas-admiralty-rules.com/img/ship_plates/kuma_1941.png
Japan,japan,531,Kiso (1940),Kuma,Cruiser,kuma_1941.png,https://www.vas-admiralty-rules.com/img/ship_plates/kuma_1941.png
Japan,japan,532,Kiso (1944),Kuma,Cruiser,kuma_1941.png,https://www.vas-admiralty-rules.com/img/ship_plates/kuma_1941.png
Japan,japan,533,Kuma (1944),Kuma,Cruiser,kuma_1941.png,https://www.vas-admiralty-rules.com/img/ship_plates/kuma_1941.png
Japan,japan,534,Kitakami,Kitakami,Cruiser,kitakami_1942.png,https://www.vas-admiralty-rules.com/img/ship_plates/kitakami_1942.png
Japan,japan,535,Kitakami (1942),Kitakami,Cruiser,kitakami_1942.png,https://www.vas-admiralty-rules.com/img/ship_plates/kitakami_1942.png
Japan,japan,536,Kitakami (1945),Kitakami,Cruiser,kitakami_1942.png,https://www.vas-admiralty-rules.com/img/ship_plates/kitakami_1942.png
Japan,japan,537,Oi (1942),Kitakami,Cruiser,kitakami_1942.png,https://www.vas-admiralty-rules.com/img/ship_plates/kitakami_1942.png
Japan,japan,538,Mogami,Mogami,Cruiser,mogami_1940.png,https://www.vas-admiralty-rules.com/img/ship_plates/mogami_1940.png
Japan,japan,539,Mogami (1943),Mogami,Cruiser,mogami_1944.png,https://www.vas-admiralty-rules.com/img/ship_plates/mogami_1944.png
Japan,japan,540,Mogami (1944),Mogami,Cruiser,mogami_1944.png,https://www.vas-admiralty-rules.com/img/ship_plates/mogami_1944.png
Japan,japan,541,Kumano (1944),Mogami,Cruiser,kumano_1944.png,https://www.vas-admiralty-rules.com/img/ship_plates/kumano_1944.png
Japan,japan,542,Mogami (1939),Mogami,Cruiser,mogami_1938.png,https://www.vas-admiralty-rules.com/img/ship_plates/mogami_1938.png
Japan,japan,543,Myoko,Myoko,Cruiser,myoko_1936.png,https://www.vas-admiralty-rules.com/img/ship_plates/myoko_1936.png
Japan,japan,544,Myoko (1944),Myoko,Cruiser,myoko_1944.png,https://www.vas-admiralty-rules.com/img/ship_plates/myoko_1944.png
Japan,japan,545,Nagara,Nagara,Cruiser,nagara_1934.png,https://www.vas-admiralty-rules.com/img/ship_plates/nagara_1934.png
Japan,japan,546,Nagara (1944),Nagara,Cruiser,nagara_1944.png,https://www.vas-admiralty-rules.com/img/ship_plates/nagara_1944.png
Japan,japan,547,Abukuma (1941),Nagara,Cruiser,abukuma_1941.png,https://www.vas-admiralty-rules.com/img/ship_plates/abukuma_1941.png
Japan,japan,548,Abukuma (1944),Nagara,Cruiser,abukuma_1944.png,https://www.vas-admiralty-rules.com/img/ship_plates/abukuma_1944.png
Japan,japan,549,Abukuma (1945),Nagara,Cruiser,abukuma_1944.png,https://www.vas-admiralty-rules.com/img/ship_plates/abukuma_1944.png
Japan,japan,550,Kinu (1944),Nagara,Cruiser,kinu_1943.png,https://www.vas-admiralty-rules.com/img/ship_plates/kinu_1943.png
Japan,japan,551,Natori (1944),Nagara,Cruiser,natori_1944.png,https://www.vas-admiralty-rules.com/img/ship_plates/natori_1944.png
Japan,japan,552,Isuzu (1943),Nagara,Cruiser,isuzu_1943.png,https://www.vas-admiralty-rules.com/img/ship_plates/isuzu_1943.png
Japan,japan,553,Isuzu (1944),Nagara,Cruiser,isuzu_1943.png,https://www.vas-admiralty-rules.com/img/ship_plates/isuzu_1943.png
Japan,japan,554,Oyodo,Oyodo,Cruiser,oyodo_1943.png,https://www.vas-admiralty-rules.com/img/ship_plates/oyodo_1943.png
Japan,japan,555,Oyodo (1944),Oyodo,Cruiser,oyodo_1944.png,https://www.vas-admiralty-rules.com/img/ship_plates/oyodo_1944.png
Japan,japan,556,Sendai,Sendai,Cruiser,sendai_1941.png,https://www.vas-admiralty-rules.com/img/ship_plates/sendai_1941.png
Japan,japan,557,Jintsu (1941),Sendai,Cruiser,naka_1942.png,https://www.vas-admiralty-rules.com/img/ship_plates/naka_1942.png
Japan,japan,558,Naka (1943),Sendai,Cruiser,jintsu_1939.png,https://www.vas-admiralty-rules.com/img/ship_plates/jintsu_1939.png
Japan,japan,559,Takao,Takao,Cruiser,takao_1939.png,https://www.vas-admiralty-rules.com/img/ship_plates/takao_1939.png
Japan,japan,560,Takao (1942),Takao,Cruiser,takao_1942.png,https://www.vas-admiralty-rules.com/img/ship_plates/takao_1942.png
Japan,japan,561,Takao (1944),Takao,Cruiser,takao_1945.png,https://www.vas-admiralty-rules.com/img/ship_plates/takao_1945.png
Japan,japan,562,Chokai (1939),Takao,Cruiser,chokai_1937.png,https://www.vas-admiralty-rules.com/img/ship_plates/chokai_1937.png
Japan,japan,563,Chokai (1941),Takao,Cruiser,chokai_1941.png,https://www.vas-admiralty-rules.com/img/ship_plates/chokai_1941.png
Japan,japan,564,Chokai (1944),Takao,Cruiser,chokai_1944.png,https://www.vas-admiralty-rules.com/img/ship_plates/chokai_1944.png
Japan,japan,565,Maya (1939),Takao,Cruiser,maya_1933.png,https://www.vas-admiralty-rules.com/img/ship_plates/maya_1933.png
Japan,japan,566,Maya (1940),Takao,Cruiser,maya_1933.png,https://www.vas-admiralty-rules.com/img/ship_plates/maya_1933.png
Japan,japan,567,Maya (1941),Takao,Cruiser,maya_1933.png,https://www.vas-admiralty-rules.com/img/ship_plates/maya_1933.png
Japan,japan,568,Maya (1944),Takao,Cruiser,maya_1944.png,https://www.vas-admiralty-rules.com/img/ship_plates/maya_1944.png
Japan,japan,569,Tenryu,Tenryu,Cruiser,tenryu_1939.png,https://www.vas-admiralty-rules.com/img/ship_plates/tenryu_1939.png
Japan,japan,570,Tone,Tone,Cruiser,tone_1938.png,https://www.vas-admiralty-rules.com/img/ship_plates/tone_1938.png
Japan,japan,571,Tone (1944),Tone,Cruiser,tone_1943.png,https://www.vas-admiralty-rules.com/img/ship_plates/tone_1943.png
Japan,japan,572,Tone (1945),Tone,Cruiser,tone_1945.png,https://www.vas-admiralty-rules.com/img/ship_plates/tone_1945.png
Japan,japan,573,Yubari,Yubari,Cruiser,yubari_1933.png,https://www.vas-admiralty-rules.com/img/ship_plates/yubari_1933.png
Japan,japan,574,Yubari (1944),Yubari,Cruiser,yubari_1944.png,https://www.vas-admiralty-rules.com/img/ship_plates/yubari_1944.png
Japan,japan,575,Akatsuki,Akatsuki,Destroyer,akatsuki_1940.png,https://www.vas-admiralty-rules.com/img/ship_plates/akatsuki_1940.png
Japan,japan,576,Hibiki (1943),Akatsuki,Destroyer,akatsuki_1940.png,https://www.vas-admiralty-rules.com/img/ship_plates/akatsuki_1940.png
Japan,japan,577,Hibiki (1944),Akatsuki,Destroyer,akatsuki_1940.png,https://www.vas-admiralty-rules.com/img/ship_plates/akatsuki_1940.png
Japan,japan,578,Inazuma (1944),Akatsuki,Destroyer,akatsuki_1940.png,https://www.vas-admiralty-rules.com/img/ship_plates/akatsuki_1940.png
Japan,japan,579,Akizuki,Akizuki,Destroyer,akizuki_1942.png,https://www.vas-admiralty-rules.com/img/ship_plates/akizuki_1942.png
Japan,japan,580,Akizuki (1944),Akizuki,Destroyer,akizuki_1944.png,https://www.vas-admiralty-rules.com/img/ship_plates/akizuki_1944.png
Japan,japan,581,Hatsuzuki (1943),Akizuki,Destroyer,hatsuzuki_1943.png,https://www.vas-admiralty-rules.com/img/ship_plates/hatsuzuki_1943.png
Japan,japan,582,Harutsuki (1945),Akizuki,Destroyer,akizuki_1945.png,https://www.vas-admiralty-rules.com/img/ship_plates/akizuki_1945.png
Japan,japan,583,Natsuzuki (1945),Akizuki,Destroyer,akizuki_1945.png,https://www.vas-admiralty-rules.com/img/ship_plates/akizuki_1945.png
Japan,japan,584,Asashio,Asashio,Destroyer,asashio_1939.png,https://www.vas-admiralty-rules.com/img/ship_plates/asashio_1939.png
Japan,japan,585,Arashio (1943),Asashio,Destroyer,asashio_1943.png,https://www.vas-admiralty-rules.com/img/ship_plates/asashio_1943.png
Japan,japan,586,Michishio (1943),Asashio,Destroyer,michishio_1944.png,https://www.vas-admiralty-rules.com/img/ship_plates/michishio_1944.png
Japan,japan,587,Michishio (1944),Asashio,Destroyer,michishio_1944.png,https://www.vas-admiralty-rules.com/img/ship_plates/michishio_1944.png
Japan,japan,588,Yamagumo (1944),Asashio,Destroyer,yamagumo_1944.png,https://www.vas-admiralty-rules.com/img/ship_plates/yamagumo_1944.png
Japan,japan,589,Fubuki,Fubuki,Destroyer,fubuki_1940.png,https://www.vas-admiralty-rules.com/img/ship_plates/fubuki_1940.png
Japan,japan,590,Amagiri (1939),Fubuki,Destroyer,fubuki_1940.png,https://www.vas-admiralty-rules.com/img/ship_plates/fubuki_1940.png
Japan,japan,591,Amagiri (1943),Fubuki,Destroyer,fubuki_1942.png,https://www.vas-admiralty-rules.com/img/ship_plates/fubuki_1942.png
Japan,japan,592,Amagiri (1944),Fubuki,Destroyer,fubuki_1944.png,https://www.vas-admiralty-rules.com/img/ship_plates/fubuki_1944.png
Japan,japan,593,Hatsuyuki (1943),Fubuki,Destroyer,fubuki_1942.png,https://www.vas-admiralty-rules.com/img/ship_plates/fubuki_1942.png
Japan,japan,594,Shirakumo (1944),Fubuki,Destroyer,fubuki_1944.png,https://www.vas-admiralty-rules.com/img/ship_plates/fubuki_1944.png
Japan,japan,595,Yugiri (1943),Fubuki,Destroyer,fubuki_1942.png,https://www.vas-admiralty-rules.com/img/ship_plates/fubuki_1942.png
Japan,japan,596,Hatsuharu,Hatsuharu,Destroyer,hatsuharu_1935.png,https://www.vas-admiralty-rules.com/img/ship_plates/hatsuharu_1935.png
Japan,japan,597,Hatsuharu (1944),Hatsuharu,Destroyer,hatsuharu_1944.png,https://www.vas-admiralty-rules.com/img/ship_plates/hatsuharu_1944.png
Japan,japan,598,Kagero,Kagero,Destroyer,kagero_1936.png,https://www.vas-admiralty-rules.com/img/ship_plates/kagero_1936.png
Japan,japan,599,Amatsukaze (1943),Kagero,Destroyer,amatsukaze_1943.png,https://www.vas-admiralty-rules.com/img/ship_plates/amatsukaze_1943.png
Japan,japan,600,Amatsukaze (1945),Kagero,Destroyer,kagero_1945.png,https://www.vas-admiralty-rules.com/img/ship_plates/kagero_1945.png
Japan,japan,601,Akigumo (1944),Kagero,Destroyer,kagero_1945.png,https://www.vas-admiralty-rules.com/img/ship_plates/kagero_1945.png
Japan,japan,602,Hamakaze (1944),Kagero,Destroyer,kagero_1945.png,https://www.vas-admiralty-rules.com/img/ship_plates/kagero_1945.png
Japan,japan,603,Hamakaze (1945),Kagero,Destroyer,kagero_1945.png,https://www.vas-admiralty-rules.com/img/ship_plates/kagero_1945.png
Japan,japan,604,Kamikaze,Kamikaze,Destroyer,kamikaze_1936.png,https://www.vas-admiralty-rules.com/img/ship_plates/kamikaze_1936.png
Japan,japan,605,Asanagi,Kamikaze,Destroyer,kamikaze_1936.png,https://www.vas-admiralty-rules.com/img/ship_plates/kamikaze_1936.png
Japan,japan,606,Kamikaze (1941),Kamikaze,Destroyer,kamikaze_1941.png,https://www.vas-admiralty-rules.com/img/ship_plates/kamikaze_1941.png
Japan,japan,607,Kamikaze (1944),Kamikaze,Destroyer,kamikaze_1941.png,https://www.vas-admiralty-rules.com/img/ship_plates/kamikaze_1941.png
Japan,japan,608,Asanagi (1941),Kamikaze,Destroyer,kamikaze_1941.png,https://www.vas-admiralty-rules.com/img/ship_plates/kamikaze_1941.png
Japan,japan,609,Asanagi (1944),Kamikaze,Destroyer,kamikaze_1941.png,https://www.vas-admiralty-rules.com/img/ship_plates/kamikaze_1941.png
Japan,japan,610,Matsu,Matsu,Destroyer,matsu_1944.png,https://www.vas-admiralty-rules.com/img/ship_plates/matsu_1944.png
Japan,japan,611,Matsu (1945),Matsu,Destroyer,matsu_1944.png,https://www.vas-admiralty-rules.com/img/ship_plates/matsu_1944.png
Japan,japan,612,Momi,Momi,Destroyer,momi_1924.png,https://www.vas-admiralty-rules.com/img/ship_plates/momi_1924.png
Japan,japan,613,Kiku (1940),Momi,Destroyer,momi_1924.png,https://www.vas-admiralty-rules.com/img/ship_plates/momi_1924.png
Japan,japan,614,Kiku (1941),Momi,Destroyer,momi_1941.png,https://www.vas-admiralty-rules.com/img/ship_plates/momi_1941.png
Japan,japan,615,Kiku (1944),Momi,Destroyer,momi_1941.png,https://www.vas-admiralty-rules.com/img/ship_plates/momi_1941.png
Japan,japan,616,Ashi (1940),Momi,Destroyer,momi_1924.png,https://www.vas-admiralty-rules.com/img/ship_plates/momi_1924.png
Japan,japan,617,Hasu (1942),Momi,Destroyer,momi_1941.png,https://www.vas-admiralty-rules.com/img/ship_plates/momi_1941.png
Japan,japan,618,Mutsuki,Mutsuki,Destroyer,mutsuki_1940.png,https://www.vas-admiralty-rules.com/img/ship_plates/mutsuki_1940.png
Japan,japan,619,Fumizuki (1943),Mutsuki,Destroyer,mutsuki_1944.png,https://www.vas-admiralty-rules.com/img/ship_plates/mutsuki_1944.png
Japan,japan,620,Fumizuki (1944),Mutsuki,Destroyer,mutsuki_1944.png,https://www.vas-admiralty-rules.com/img/ship_plates/mutsuki_1944.png
Japan,japan,621,Minazuki (1944),Mutsuki,Destroyer,mutsuki_1944.png,https://www.vas-admiralty-rules.com/img/ship_plates/mutsuki_1944.png
Japan,japan,622,Mochizuki (1943),Mutsuki,Destroyer,mutsuki_1940.png,https://www.vas-admiralty-rules.com/img/ship_plates/mutsuki_1940.png
Japan,japan,623,Satsuki (1942),Mutsuki,Destroyer,mutsuki_1940.png,https://www.vas-admiralty-rules.com/img/ship_plates/mutsuki_1940.png
Japan,japan,624,Satsuki (1944),Mutsuki,Destroyer,mutsuki_1944.png,https://www.vas-admiralty-rules.com/img/ship_plates/mutsuki_1944.png
Japan,japan,625,Shimakaze,Shimakaze,Destroyer,shimakaze_1944.png,https://www.vas-admiralty-rules.com/img/ship_plates/shimakaze_1944.png
Japan,japan,626,Shimakaze (1944),Shimakaze,Destroyer,shimakaze_1944.png,https://www.vas-admiralty-rules.com/img/ship_plates/shimakaze_1944.png
Japan,japan,627,Shiratsuyu,Shiratsuyu,Destroyer,shiratsuyu_1936.png,https://www.vas-admiralty-rules.com/img/ship_plates/shiratsuyu_1936.png
Japan,japan,628,Yudachi (1937),Shiratsuyu,Destroyer,yudachi_1937.png,https://www.vas-admiralty-rules.com/img/ship_plates/yudachi_1937.png
Japan,japan,629,Harusame (1943),Shiratsuyu,Destroyer,harusame_1943.png,https://www.vas-admiralty-rules.com/img/ship_plates/harusame_1943.png
Japan,japan,630,Shiratsuyu (1944),Shiratsuyu,Destroyer,shiratsuyu_1944.png,https://www.vas-admiralty-rules.com/img/ship_plates/shiratsuyu_1944.png
Japan,japan,631,Yugumo,Yugumo,Destroyer,yugumo_1939.png,https://www.vas-admiralty-rules.com/img/ship_plates/yugumo_1939.png
Japan,japan,632,Yugumo (1943),Yugumo,Destroyer,yugumo_1942.png,https://www.vas-admiralty-rules.com/img/ship_plates/yugumo_1942.png
Japan,japan,633,Akishimo (1942),Yugumo,Destroyer,yugumo_1942.png,https://www.vas-admiralty-rules.com/img/ship_plates/yugumo_1942.png
Japan,japan,634,Akishimo (1944),Yugumo,Destroyer,yugumo_1944.png,https://www.vas-admiralty-rules.com/img/ship_plates/yugumo_1944.png
Japan,japan,635,Asashimo (1945),Yugumo,Destroyer,yugumo_1944.png,https://www.vas-admiralty-rules.com/img/ship_plates/yugumo_1944.png
Japan,japan,1128,Thracian,Admiralty S,Destroyer,admiralty_s_1939.png,https://www.vas-admiralty-rules.com/img/ship_plates/admiralty_s_1939.png
Japan,japan,12,Type C,Type C,Submarine,typec_sub.png,https://www.vas-admiralty-rules.com/img/ship_plates/typec_sub.png
Japan,japan,13,Kaidai VII,Kaidai VII,Submarine,kaidai7_sub.png,https://www.vas-admiralty-rules.com/img/ship_plates/kaidai7_sub.png
Japan,japan,1,Ammunition Ship,Ammunition Ship,,ammo_ship.png,https://www.vas-admiralty-rules.com/img/ship_plates/ammo_ship.png
Japan,japan,2,Ammunition Ship (1942),Ammunition Ship,,ammo_ship.png,https://www.vas-admiralty-rules.com/img/ship_plates/ammo_ship.png
Japan,japan,3,Ammunition Ship (1944),Ammunition Ship,,ammo_ship.png,https://www.vas-admiralty-rules.com/img/ship_plates/ammo_ship.png
Japan,japan,4,Armed Merchant Cruiser,Merchant Cruiser,,merch_cruiser.png,https://www.vas-admiralty-rules.com/img/ship_plates/merch_cruiser.png
Japan,japan,6,Liberty Ship,Cargo Ship,,liberty.png,https://www.vas-admiralty-rules.com/img/ship_plates/liberty.png
Japan,japan,7,Liner,Liner,,liner.png,https://www.vas-admiralty-rules.com/img/ship_plates/liner.png
Japan,japan,8,Oil Tanker,Oil Tanker,,tanker.png,https://www.vas-admiralty-rules.com/img/ship_plates/tanker.png
Japan,japan,9,Oil Tanker (1942),Oil Tanker,,tanker.png,https://www.vas-admiralty-rules.com/img/ship_plates/tanker.png
Japan,japan,10,Oil Tanker (1944),Oil Tanker,,tanker.png,https://www.vas-admiralty-rules.com/img/ship_plates/tanker.png
Japan,japan,15,Shiretoko,Oil Tanker,,jp_tanker.png,https://www.vas-admiralty-rules.com/img/ship_plates/jp_tanker.png
Japan,japan,16,Seaplane Tender,Seaplane Tender,,seaplane_tender.png,https://www.vas-admiralty-rules.com/img/ship_plates/seaplane_tender.png
Japan,japan,17,Tramp Freighter,Tramp Freighter,,tramp_freighter.png,https://www.vas-admiralty-rules.com/img/ship_plates/tramp_freighter.png
Japan,japan,18,Troop Ship,Troop Ship,,troop_ship.png,https://www.vas-admiralty-rules.com/img/ship_plates/troop_ship.png
Japan,japan,19,Victory Ship,Cargo Ship,,victory.png,https://www.vas-admiralty-rules.com/img/ship_plates/victory.png
